<?xml version="1.0" encoding="UTF-8"?>
<alto xmlns:xsi="http://www.w3.org/2001/XMLSchema-instance" xsi:noNamespaceSchemaLocation="http://www.bl.uk/schemas/alto/alto-1-4.xsd" xmlns:xlink="http://www.w3.org/1999/xlink">
	<Description>
		<MeasurementUnit>mm10</MeasurementUnit>
		<sourceImageInformation>
			<fileName>//head1/IN/2008-38/A0012069182/010223.jp2</fileName>
		</sourceImageInformation>
		<OCRProcessing ID="OCRPROCESSING_1">
			<preProcessingStep>
				<processingSoftware>
					<softwareCreator>CCS Content Conversion Specialists GmbH, Germany</softwareCreator>
					<softwareName>CCS docWORKS</softwareName>
					<softwareVersion>6.1-0.67</softwareVersion>
				</processingSoftware>
			</preProcessingStep>
			<ocrProcessingStep>
				<processingSoftware>
					<softwareCreator>ABBYY (BIT Software), Russia</softwareCreator>
					<softwareName>Finereader</softwareName>
				</processingSoftware>
			</ocrProcessingStep>
		</OCRProcessing>
	</Description>
	<Styles>
		<TextStyle ID="TXT_0" FONTSIZE="9" FONTFAMILY="Courier New"/>
		<TextStyle ID="TXT_1" FONTSIZE="11" FONTFAMILY="Courier New"/>
		<ParagraphStyle ID="PAR_LEFT" ALIGN="Left"/>
		<ParagraphStyle ID="PAR_RIGHT" ALIGN="Right"/>
		<ParagraphStyle ID="PAR_CENTER" ALIGN="Center"/>
	</Styles>
	<Layout>
		<Page ID="P133" PHYSICAL_IMG_NR="133" HEIGHT="2363" WIDTH="1475" PRINTED_IMG_NR="125" POSITION="Right" ACCURACY="64.95">
			<TopMargin ID="P133_TM00001" HPOS="0" VPOS="0" WIDTH="1474" HEIGHT="224">
				<TextBlock ID="P133_TB00001" HPOS="574" VPOS="197" WIDTH="179" HEIGHT="21" STYLEREFS="TXT_0 PAR_LEFT">
					<TextLine ID="P133_TL00001" HPOS="575" VPOS="198" WIDTH="178" HEIGHT="20">
						<String ID="P133_ST00001" HPOS="575" VPOS="202" WIDTH="52" HEIGHT="16" CONTENT="ISLA" WC="0.35" CC="6269"/>
						<SP ID="P133_SP00001" HPOS="627" VPOS="218" WIDTH="22"/>
						<String ID="P133_ST00002" HPOS="649" VPOS="203" WIDTH="27" HEIGHT="15" CONTENT="DE" WC="0.48" CC="72"/>
						<SP ID="P133_SP00002" HPOS="676" VPOS="218" WIDTH="18"/>
						<String ID="P133_ST00003" HPOS="694" VPOS="198" WIDTH="59" HEIGHT="20" CONTENT="CEBÚ" WC="0.44" CC="4908"/>
						<SP ID="P133_SP00003" HPOS="753" VPOS="218" WIDTH="0"/>
					</TextLine>
				</TextBlock>
				<TextBlock ID="P133_TB00002" HPOS="1101" VPOS="202" WIDTH="39" HEIGHT="20" STYLEREFS="TXT_1 PAR_RIGHT">
					<TextLine ID="P133_TL00002" HPOS="1101" VPOS="202" WIDTH="39" HEIGHT="20">
						<String ID="P133_ST00004" HPOS="1101" VPOS="202" WIDTH="39" HEIGHT="20" CONTENT="125" WC="1.00" CC="000"/>
					</TextLine>
				</TextBlock>
			</TopMargin>
			<LeftMargin ID="P133_LM00001" HPOS="0" VPOS="224" WIDTH="134" HEIGHT="1808"/>
			<RightMargin ID="P133_RM00001" HPOS="1174" VPOS="224" WIDTH="300" HEIGHT="1808"/>
			<BottomMargin ID="P133_BM00001" HPOS="0" VPOS="2032" WIDTH="1474" HEIGHT="331"/>
			<PrintSpace ID="P133_PS00001" HPOS="134" VPOS="224" WIDTH="1040" HEIGHT="1808">
				<TextBlock ID="P133_TB00003" HPOS="140" VPOS="236" WIDTH="1030" HEIGHT="175" STYLEREFS="TXT_0 PAR_LEFT">
					<TextLine ID="P133_TL00003" HPOS="183" VPOS="236" WIDTH="987" HEIGHT="39">
						<String ID="P133_ST00005" HPOS="183" VPOS="236" WIDTH="38" HEIGHT="28" CONTENT="En" WC="1.00" CC="00"/>
						<SP ID="P133_SP00004" HPOS="221" VPOS="264" WIDTH="15"/>
						<String ID="P133_ST00006" HPOS="236" VPOS="237" WIDTH="110" HEIGHT="37" CONTENT="Boljoón" WC="0.42" CC="8700878"/>
						<SP ID="P133_SP00005" HPOS="346" VPOS="274" WIDTH="15"/>
						<String ID="P133_ST00007" HPOS="361" VPOS="248" WIDTH="16" HEIGHT="27" CONTENT="y" WC="1.00" CC="0"/>
						<SP ID="P133_SP00006" HPOS="377" VPOS="275" WIDTH="18"/>
						<String ID="P133_ST00008" HPOS="395" VPOS="248" WIDTH="32" HEIGHT="18" CONTENT="en" WC="0.42" CC="55"/>
						<SP ID="P133_SP00007" HPOS="427" VPOS="275" WIDTH="21"/>
						<String ID="P133_ST00009" HPOS="448" VPOS="240" WIDTH="85" HEIGHT="28" CONTENT="Punta" WC="0.37" CC="97670"/>
						<SP ID="P133_SP00008" HPOS="533" VPOS="275" WIDTH="23"/>
						<String ID="P133_ST00010" HPOS="556" VPOS="241" WIDTH="141" HEIGHT="29" CONTENT="Guinanon" WC="0.54" CC="60071856"/>
						<SP ID="P133_SP00009" HPOS="697" VPOS="275" WIDTH="16"/>
						<String ID="P133_ST00011" HPOS="713" VPOS="244" WIDTH="77" HEIGHT="29" CONTENT="sobre" WC="0.62" CC="06740"/>
						<SP ID="P133_SP00010" HPOS="790" VPOS="275" WIDTH="14"/>
						<String ID="P133_ST00012" HPOS="804" VPOS="245" WIDTH="62" HEIGHT="28" CONTENT="todo" WC="0.75" CC="1304"/>
						<SP ID="P133_SP00011" HPOS="866" VPOS="275" WIDTH="15"/>
						<String ID="P133_ST00013" HPOS="881" VPOS="255" WIDTH="27" HEIGHT="19" CONTENT="se" WC="0.70" CC="50"/>
						<SP ID="P133_SP00012" HPOS="908" VPOS="275" WIDTH="18"/>
						<String ID="P133_ST00014" HPOS="926" VPOS="247" WIDTH="110" HEIGHT="28" CONTENT="observa" WC="0.38" CC="5795707"/>
						<SP ID="P133_SP00013" HPOS="1036" VPOS="275" WIDTH="13"/>
						<String ID="P133_ST00015" HPOS="1049" VPOS="257" WIDTH="31" HEIGHT="18" CONTENT="en" WC="0.25" CC="77"/>
						<SP ID="P133_SP00014" HPOS="1080" VPOS="275" WIDTH="22"/>
						<String ID="P133_ST00016" HPOS="1102" VPOS="253" WIDTH="68" HEIGHT="22" CONTENT="estas" WC="0.14" CC="79869"/>
					</TextLine>
					<TextLine ID="P133_TL00004" HPOS="141" VPOS="283" WIDTH="1029" HEIGHT="44">
						<String ID="P133_ST00017" HPOS="141" VPOS="283" WIDTH="98" HEIGHT="28" CONTENT="calizas" WC="0.70" CC="4135500"/>
						<SP ID="P133_SP00015" HPOS="239" VPOS="311" WIDTH="15"/>
						<String ID="P133_ST00018" HPOS="254" VPOS="284" WIDTH="26" HEIGHT="27" CONTENT="la" WC="0.87" CC="02"/>
						<SP ID="P133_SP00016" HPOS="280" VPOS="311" WIDTH="15"/>
						<String ID="P133_ST00019" HPOS="295" VPOS="288" WIDTH="155" HEIGHT="25" CONTENT="estructura" WC="0.61" CC="0557708202"/>
						<SP ID="P133_SP00017" HPOS="450" VPOS="313" WIDTH="12"/>
						<String ID="P133_ST00020" HPOS="462" VPOS="286" WIDTH="174" HEIGHT="37" CONTENT="ligeramente" WC="0.75" CC="50053005600"/>
						<SP ID="P133_SP00018" HPOS="636" VPOS="323" WIDTH="11"/>
						<String ID="P133_ST00021" HPOS="647" VPOS="288" WIDTH="178" HEIGHT="31" CONTENT="brechiforme" WC="0.73" CC="44006402600"/>
						<SP ID="P133_SP00019" HPOS="825" VPOS="323" WIDTH="12"/>
						<String ID="P133_ST00022" HPOS="837" VPOS="302" WIDTH="50" HEIGHT="25" CONTENT="que" WC="0.10" CC="988"/>
						<SP ID="P133_SP00020" HPOS="887" VPOS="327" WIDTH="12"/>
						<String ID="P133_ST00023" HPOS="899" VPOS="292" WIDTH="156" HEIGHT="32" CONTENT="indicamos," WC="0.78" CC="1802700001"/>
						<SP ID="P133_SP00021" HPOS="1055" VPOS="327" WIDTH="18"/>
						<String ID="P133_ST00024" HPOS="1073" VPOS="295" WIDTH="97" HEIGHT="26" CONTENT="rellena" WC="0.70" CC="0013680"/>
					</TextLine>
					<TextLine ID="P133_TL00005" HPOS="141" VPOS="329" WIDTH="1029" HEIGHT="43">
						<String ID="P133_ST00025" HPOS="141" VPOS="329" WIDTH="33" HEIGHT="28" CONTENT="de" WC="1.00" CC="00"/>
						<SP ID="P133_SP00022" HPOS="174" VPOS="357" WIDTH="15"/>
						<String ID="P133_ST00026" HPOS="189" VPOS="338" WIDTH="52" HEIGHT="19" CONTENT="una" WC="0.53" CC="804"/>
						<SP ID="P133_SP00023" HPOS="241" VPOS="357" WIDTH="21"/>
						<String ID="P133_ST00027" HPOS="262" VPOS="339" WIDTH="94" HEIGHT="28" CONTENT="marga" WC="1.00" CC="00000"/>
						<SP ID="P133_SP00024" HPOS="356" VPOS="367" WIDTH="14"/>
						<String ID="P133_ST00028" HPOS="370" VPOS="331" WIDTH="56" HEIGHT="37" CONTENT="gris" WC="0.87" CC="0500"/>
						<SP ID="P133_SP00025" HPOS="426" VPOS="368" WIDTH="14"/>
						<String ID="P133_ST00029" HPOS="440" VPOS="332" WIDTH="225" HEIGHT="37" CONTENT="completamente" WC="0.61" CC="0385700390840"/>
						<SP ID="P133_SP00026" HPOS="665" VPOS="369" WIDTH="22"/>
						<String ID="P133_ST00030" HPOS="687" VPOS="336" WIDTH="73" HEIGHT="36" CONTENT="igual" WC="0.62" CC="50805"/>
						<SP ID="P133_SP00027" HPOS="760" VPOS="372" WIDTH="20"/>
						<String ID="P133_ST00031" HPOS="780" VPOS="338" WIDTH="14" HEIGHT="25" CONTENT="á" WC="1.00" CC="0"/>
						<SP ID="P133_SP00028" HPOS="794" VPOS="372" WIDTH="15"/>
						<String ID="P133_ST00032" HPOS="809" VPOS="337" WIDTH="24" HEIGHT="27" CONTENT="la" WC="0.84" CC="21"/>
						<SP ID="P133_SP00029" HPOS="833" VPOS="372" WIDTH="19"/>
						<String ID="P133_ST00033" HPOS="852" VPOS="339" WIDTH="90" HEIGHT="26" CONTENT="ceniza" WC="0.52" CC="267065"/>
						<SP ID="P133_SP00030" HPOS="942" VPOS="372" WIDTH="22"/>
						<String ID="P133_ST00034" HPOS="964" VPOS="339" WIDTH="22" HEIGHT="27" CONTENT="al" WC="0.71" CC="50"/>
						<SP ID="P133_SP00031" HPOS="986" VPOS="372" WIDTH="17"/>
						<String ID="P133_ST00035" HPOS="1003" VPOS="340" WIDTH="134" HEIGHT="28" CONTENT="reducirse" WC="0.68" CC="270800640"/>
						<SP ID="P133_SP00032" HPOS="1137" VPOS="372" WIDTH="20"/>
						<String ID="P133_ST00036" HPOS="1157" VPOS="341" WIDTH="13" HEIGHT="27" CONTENT="á" WC="0.28" CC="7"/>
					</TextLine>
					<TextLine ID="P133_TL00006" HPOS="142" VPOS="375" WIDTH="656" HEIGHT="36">
						<String ID="P133_ST00037" HPOS="142" VPOS="375" WIDTH="76" HEIGHT="36" CONTENT="polvo" WC="0.66" CC="00547"/>
						<SP ID="P133_SP00033" HPOS="218" VPOS="411" WIDTH="15"/>
						<String ID="P133_ST00038" HPOS="233" VPOS="385" WIDTH="15" HEIGHT="26" CONTENT="y" WC="1.00" CC="0"/>
						<SP ID="P133_SP00034" HPOS="248" VPOS="411" WIDTH="14"/>
						<String ID="P133_ST00039" HPOS="262" VPOS="376" WIDTH="155" HEIGHT="28" CONTENT="extenderse" WC="0.29" CC="0778897757"/>
						<SP ID="P133_SP00035" HPOS="417" VPOS="411" WIDTH="17"/>
						<String ID="P133_ST00040" HPOS="434" VPOS="385" WIDTH="32" HEIGHT="20" CONTENT="en" WC="1.00" CC="00"/>
						<SP ID="P133_SP00036" HPOS="466" VPOS="411" WIDTH="15"/>
						<String ID="P133_ST00041" HPOS="481" VPOS="378" WIDTH="39" HEIGHT="28" CONTENT="los" WC="0.38" CC="476"/>
						<SP ID="P133_SP00037" HPOS="520" VPOS="411" WIDTH="13"/>
						<String ID="P133_ST00042" HPOS="533" VPOS="382" WIDTH="121" HEIGHT="25" CONTENT="terrenos" WC="0.63" CC="05056740"/>
						<SP ID="P133_SP00038" HPOS="654" VPOS="411" WIDTH="14"/>
						<String ID="P133_ST00043" HPOS="668" VPOS="380" WIDTH="31" HEIGHT="28" CONTENT="de" WC="1.00" CC="00"/>
						<SP ID="P133_SP00039" HPOS="699" VPOS="411" WIDTH="15"/>
						<String ID="P133_ST00044" HPOS="714" VPOS="381" WIDTH="84" HEIGHT="28" CONTENT="labor." WC="0.68" CC="107701"/>
					</TextLine>
				</TextBlock>
				<TextBlock ID="P133_TB00004" HPOS="140" VPOS="420" WIDTH="1030" HEIGHT="176" STYLEREFS="TXT_0 PAR_LEFT">
					<TextLine ID="P133_TL00007" HPOS="180" VPOS="421" WIDTH="989" HEIGHT="39">
						<String ID="P133_ST00045" HPOS="180" VPOS="421" WIDTH="30" HEIGHT="28" CONTENT="AI" WC="0.70" CC="05"/>
						<SP ID="P133_SP00040" HPOS="210" VPOS="449" WIDTH="19"/>
						<String ID="P133_ST00046" HPOS="229" VPOS="422" WIDTH="31" HEIGHT="28" CONTENT="N." WC="1.00" CC="00"/>
						<SP ID="P133_SP00041" HPOS="260" VPOS="450" WIDTH="18"/>
						<String ID="P133_ST00047" HPOS="278" VPOS="431" WIDTH="15" HEIGHT="28" CONTENT="y" WC="1.00" CC="0"/>
						<SP ID="P133_SP00042" HPOS="293" VPOS="459" WIDTH="15"/>
						<String ID="P133_ST00048" HPOS="308" VPOS="422" WIDTH="27" HEIGHT="27" CONTENT="S." WC="0.50" CC="90"/>
						<SP ID="P133_SP00043" HPOS="335" VPOS="459" WIDTH="17"/>
						<String ID="P133_ST00049" HPOS="352" VPOS="422" WIDTH="32" HEIGHT="28" CONTENT="de" WC="0.79" CC="04"/>
						<SP ID="P133_SP00044" HPOS="384" VPOS="459" WIDTH="16"/>
						<String ID="P133_ST00050" HPOS="400" VPOS="424" WIDTH="108" HEIGHT="36" CONTENT="Boljoón" WC="0.52" CC="0720778"/>
						<SP ID="P133_SP00045" HPOS="508" VPOS="460" WIDTH="15"/>
						<String ID="P133_ST00051" HPOS="523" VPOS="425" WIDTH="118" HEIGHT="28" CONTENT="inclinan" WC="0.44" CC="68034858"/>
						<SP ID="P133_SP00046" HPOS="641" VPOS="460" WIDTH="20"/>
						<String ID="P133_ST00052" HPOS="661" VPOS="427" WIDTH="40" HEIGHT="28" CONTENT="los" WC="0.81" CC="103"/>
						<SP ID="P133_SP00047" HPOS="701" VPOS="460" WIDTH="15"/>
						<String ID="P133_ST00053" HPOS="716" VPOS="431" WIDTH="114" HEIGHT="25" CONTENT="estratos" WC="0.64" CC="06477002"/>
						<SP ID="P133_SP00048" HPOS="830" VPOS="460" WIDTH="15"/>
						<String ID="P133_ST00054" HPOS="845" VPOS="429" WIDTH="96" HEIGHT="28" CONTENT="calizos" WC="0.71" CC="4700440"/>
						<SP ID="P133_SP00049" HPOS="941" VPOS="460" WIDTH="13"/>
						<String ID="P133_ST00055" HPOS="954" VPOS="429" WIDTH="76" HEIGHT="28" CONTENT="hacia" WC="0.67" CC="80061"/>
						<SP ID="P133_SP00050" HPOS="1030" VPOS="460" WIDTH="17"/>
						<String ID="P133_ST00056" HPOS="1047" VPOS="430" WIDTH="39" HEIGHT="27" CONTENT="los" WC="0.76" CC="204"/>
						<SP ID="P133_SP00051" HPOS="1086" VPOS="460" WIDTH="16"/>
						<String ID="P133_ST00057" HPOS="1102" VPOS="431" WIDTH="67" HEIGHT="26" CONTENT="mis" SUBS_TYPE="HypPart1" SUBS_CONTENT="mismos" WC="0.89" CC="0120"/>
						<HYP CONTENT="-"/>
					</TextLine>
					<TextLine ID="P133_TL00008" HPOS="141" VPOS="468" WIDTH="1029" HEIGHT="41">
						<String ID="P133_ST00058" HPOS="141" VPOS="477" WIDTH="59" HEIGHT="18" CONTENT="mos" SUBS_TYPE="HypPart2" SUBS_CONTENT="mismos" WC="0.59" CC="650"/>
						<SP ID="P133_SP00052" HPOS="200" VPOS="495" WIDTH="14"/>
						<String ID="P133_ST00059" HPOS="214" VPOS="468" WIDTH="112" HEIGHT="27" CONTENT="rumbos" WC="0.53" CC="550745"/>
						<SP ID="P133_SP00053" HPOS="326" VPOS="495" WIDTH="25"/>
						<String ID="P133_ST00060" HPOS="351" VPOS="468" WIDTH="31" HEIGHT="28" CONTENT="de" WC="1.00" CC="00"/>
						<SP ID="P133_SP00054" HPOS="382" VPOS="496" WIDTH="15"/>
						<String ID="P133_ST00061" HPOS="397" VPOS="470" WIDTH="31" HEIGHT="26" CONTENT="N." WC="0.96" CC="00"/>
						<SP ID="P133_SP00055" HPOS="428" VPOS="496" WIDTH="18"/>
						<String ID="P133_ST00062" HPOS="446" VPOS="479" WIDTH="16" HEIGHT="27" CONTENT="y" WC="1.00" CC="0"/>
						<SP ID="P133_SP00056" HPOS="462" VPOS="506" WIDTH="15"/>
						<String ID="P133_ST00063" HPOS="477" VPOS="471" WIDTH="26" HEIGHT="27" CONTENT="S." WC="0.41" CC="92"/>
						<SP ID="P133_SP00057" HPOS="503" VPOS="506" WIDTH="29"/>
						<String ID="P133_ST00064" HPOS="532" VPOS="480" WIDTH="76" HEIGHT="19" CONTENT="como" WC="0.59" CC="2705"/>
						<SP ID="P133_SP00058" HPOS="608" VPOS="506" WIDTH="15"/>
						<String ID="P133_ST00065" HPOS="623" VPOS="472" WIDTH="179" HEIGHT="37" CONTENT="bosquejando" WC="0.75" CC="76006006000"/>
						<SP ID="P133_SP00059" HPOS="802" VPOS="509" WIDTH="19"/>
						<String ID="P133_ST00066" HPOS="821" VPOS="475" WIDTH="22" HEIGHT="27" CONTENT="el" WC="0.66" CC="15"/>
						<SP ID="P133_SP00060" HPOS="843" VPOS="509" WIDTH="23"/>
						<String ID="P133_ST00067" HPOS="866" VPOS="475" WIDTH="206" HEIGHT="28" CONTENT="levantamiento" WC="0.64" CC="4000870035807"/>
						<SP ID="P133_SP00061" HPOS="1072" VPOS="509" WIDTH="25"/>
						<String ID="P133_ST00068" HPOS="1097" VPOS="476" WIDTH="30" HEIGHT="28" CONTENT="de" WC="1.00" CC="00"/>
						<SP ID="P133_SP00062" HPOS="1127" VPOS="509" WIDTH="21"/>
						<String ID="P133_ST00069" HPOS="1148" VPOS="478" WIDTH="22" HEIGHT="26" CONTENT="la" WC="0.63" CC="07"/>
					</TextLine>
					<TextLine ID="P133_TL00009" HPOS="141" VPOS="513" WIDTH="1029" HEIGHT="45">
						<String ID="P133_ST00070" HPOS="141" VPOS="523" WIDTH="100" HEIGHT="19" CONTENT="cuenca" WC="0.21" CC="787877"/>
						<SP ID="P133_SP00063" HPOS="241" VPOS="542" WIDTH="15"/>
						<String ID="P133_ST00071" HPOS="256" VPOS="515" WIDTH="41" HEIGHT="27" CONTENT="del" WC="0.69" CC="035"/>
						<SP ID="P133_SP00064" HPOS="297" VPOS="542" WIDTH="15"/>
						<String ID="P133_ST00072" HPOS="312" VPOS="513" WIDTH="39" HEIGHT="29" CONTENT="río" WC="0.65" CC="540"/>
						<SP ID="P133_SP00065" HPOS="351" VPOS="542" WIDTH="19"/>
						<String ID="P133_ST00073" HPOS="370" VPOS="515" WIDTH="130" HEIGHT="35" CONTENT="Lamuño," WC="0.56" CC="3179610"/>
						<SP ID="P133_SP00066" HPOS="500" VPOS="550" WIDTH="17"/>
						<String ID="P133_ST00074" HPOS="517" VPOS="517" WIDTH="140" HEIGHT="28" CONTENT="afectando" WC="0.63" CC="060049407"/>
						<SP ID="P133_SP00067" HPOS="657" VPOS="550" WIDTH="16"/>
						<String ID="P133_ST00075" HPOS="673" VPOS="529" WIDTH="31" HEIGHT="17" CONTENT="en" WC="0.58" CC="70"/>
						<SP ID="P133_SP00068" HPOS="704" VPOS="550" WIDTH="15"/>
						<String ID="P133_ST00076" HPOS="719" VPOS="519" WIDTH="24" HEIGHT="27" CONTENT="la" WC="0.38" CC="74"/>
						<SP ID="P133_SP00069" HPOS="743" VPOS="550" WIDTH="15"/>
						<String ID="P133_ST00077" HPOS="758" VPOS="521" WIDTH="77" HEIGHT="36" CONTENT="playa" WC="0.89" CC="01003"/>
						<SP ID="P133_SP00070" HPOS="835" VPOS="557" WIDTH="19"/>
						<String ID="P133_ST00078" HPOS="854" VPOS="521" WIDTH="41" HEIGHT="27" CONTENT="del" WC="0.85" CC="004"/>
						<SP ID="P133_SP00071" HPOS="895" VPOS="557" WIDTH="14"/>
						<String ID="P133_ST00079" HPOS="909" VPOS="522" WIDTH="98" HEIGHT="27" CONTENT="mismo" WC="0.74" CC="03603"/>
						<SP ID="P133_SP00072" HPOS="1007" VPOS="557" WIDTH="18"/>
						<String ID="P133_ST00080" HPOS="1025" VPOS="523" WIDTH="94" HEIGHT="35" CONTENT="pueblo" WC="0.41" CC="077766"/>
						<SP ID="P133_SP00073" HPOS="1119" VPOS="558" WIDTH="16"/>
						<String ID="P133_ST00081" HPOS="1135" VPOS="523" WIDTH="35" HEIGHT="27" CONTENT="al" SUBS_TYPE="HypPart1" SUBS_CONTENT="algunos" WC="1.00" CC="000"/>
						<HYP CONTENT="-"/>
					</TextLine>
					<TextLine ID="P133_TL00010" HPOS="141" VPOS="562" WIDTH="687" HEIGHT="34">
						<String ID="P133_ST00082" HPOS="141" VPOS="570" WIDTH="86" HEIGHT="26" CONTENT="gunos" SUBS_TYPE="HypPart2" SUBS_CONTENT="algunos" WC="0.57" CC="05870"/>
						<SP ID="P133_SP00074" HPOS="227" VPOS="596" WIDTH="14"/>
						<String ID="P133_ST00083" HPOS="241" VPOS="562" WIDTH="112" HEIGHT="27" CONTENT="cantiles" WC="0.73" CC="09006014"/>
						<SP ID="P133_SP00075" HPOS="353" VPOS="596" WIDTH="11"/>
						<String ID="P133_ST00084" HPOS="364" VPOS="562" WIDTH="15" HEIGHT="27" CONTENT="ó" WC="0.24" CC="7"/>
						<SP ID="P133_SP00076" HPOS="379" VPOS="596" WIDTH="11"/>
						<String ID="P133_ST00085" HPOS="390" VPOS="562" WIDTH="144" HEIGHT="28" CONTENT="farallones" WC="0.64" CC="0076535160"/>
						<SP ID="P133_SP00077" HPOS="534" VPOS="596" WIDTH="14"/>
						<String ID="P133_ST00086" HPOS="548" VPOS="563" WIDTH="32" HEIGHT="28" CONTENT="de" WC="0.98" CC="00"/>
						<SP ID="P133_SP00078" HPOS="580" VPOS="596" WIDTH="14"/>
						<String ID="P133_ST00087" HPOS="594" VPOS="564" WIDTH="122" HEIGHT="28" CONTENT="bastante" WC="0.64" CC="70450270"/>
						<SP ID="P133_SP00079" HPOS="716" VPOS="596" WIDTH="15"/>
						<String ID="P133_ST00088" HPOS="731" VPOS="566" WIDTH="97" HEIGHT="28" CONTENT="altura." WC="0.68" CC="5248100"/>
					</TextLine>
				</TextBlock>
				<TextBlock ID="P133_TB00005" HPOS="140" VPOS="607" WIDTH="1030" HEIGHT="165" STYLEREFS="TXT_0 PAR_LEFT">
					<TextLine ID="P133_TL00011" HPOS="180" VPOS="607" WIDTH="990" HEIGHT="41">
						<String ID="P133_ST00089" HPOS="180" VPOS="607" WIDTH="104" HEIGHT="27" CONTENT="Meseta" WC="0.48" CC="077637"/>
						<SP ID="P133_SP00080" HPOS="284" VPOS="634" WIDTH="14"/>
						<String ID="P133_ST00090" HPOS="298" VPOS="617" WIDTH="45" HEIGHT="17" CONTENT="del" WC="0.77" CC="600"/>
						<SP ID="P133_SP00081" HPOS="343" VPOS="634" WIDTH="19"/>
						<String ID="P133_ST00091" HPOS="362" VPOS="607" WIDTH="27" HEIGHT="28" CONTENT="S." WC="0.63" CC="51"/>
						<String ID="P133_ST00092" HPOS="393" VPOS="624" WIDTH="38" HEIGHT="4" CONTENT="—" WC="0.20" CC="8"/>
						<String ID="P133_ST00093" HPOS="433" VPOS="608" WIDTH="84" HEIGHT="28" CONTENT="Desde" WC="0.77" CC="02206"/>
						<SP ID="P133_SP00082" HPOS="517" VPOS="636" WIDTH="16"/>
						<String ID="P133_ST00094" HPOS="533" VPOS="610" WIDTH="153" HEIGHT="37" CONTENT="Malabuyoc" WC="0.77" CC="036271000"/>
						<SP ID="P133_SP00083" HPOS="686" VPOS="647" WIDTH="13"/>
						<String ID="P133_ST00095" HPOS="699" VPOS="621" WIDTH="14" HEIGHT="27" CONTENT="y" WC="1.00" CC="0"/>
						<SP ID="P133_SP00084" HPOS="713" VPOS="648" WIDTH="16"/>
						<String ID="P133_ST00096" HPOS="729" VPOS="611" WIDTH="106" HEIGHT="36" CONTENT="Boljoón" WC="0.49" CC="0670777"/>
						<SP ID="P133_SP00085" HPOS="835" VPOS="648" WIDTH="14"/>
						<String ID="P133_ST00097" HPOS="849" VPOS="611" WIDTH="77" HEIGHT="28" CONTENT="hasta" WC="0.65" CC="63070"/>
						<SP ID="P133_SP00086" HPOS="926" VPOS="648" WIDTH="15"/>
						<String ID="P133_ST00098" HPOS="941" VPOS="613" WIDTH="146" HEIGHT="27" CONTENT="Santander" WC="0.57" CC="755628003"/>
						<SP ID="P133_SP00087" HPOS="1087" VPOS="648" WIDTH="14"/>
						<String ID="P133_ST00099" HPOS="1101" VPOS="614" WIDTH="69" HEIGHT="26" CONTENT="vuel" SUBS_TYPE="HypPart1" SUBS_CONTENT="vuelven" WC="0.78" CC="06040"/>
						<HYP CONTENT="-"/>
					</TextLine>
					<TextLine ID="P133_TL00012" HPOS="144" VPOS="653" WIDTH="1026" HEIGHT="41">
						<String ID="P133_ST00100" HPOS="144" VPOS="662" WIDTH="47" HEIGHT="19" CONTENT="ven" SUBS_TYPE="HypPart2" SUBS_CONTENT="vuelven" WC="0.28" CC="938"/>
						<SP ID="P133_SP00088" HPOS="191" VPOS="681" WIDTH="15"/>
						<String ID="P133_ST00101" HPOS="206" VPOS="653" WIDTH="39" HEIGHT="27" CONTENT="las" WC="0.70" CC="305"/>
						<SP ID="P133_SP00089" HPOS="245" VPOS="681" WIDTH="14"/>
						<String ID="P133_ST00102" HPOS="259" VPOS="653" WIDTH="97" HEIGHT="28" CONTENT="calizas" WC="0.62" CC="0654720"/>
						<SP ID="P133_SP00090" HPOS="356" VPOS="681" WIDTH="14"/>
						<String ID="P133_ST00103" HPOS="370" VPOS="655" WIDTH="13" HEIGHT="25" CONTENT="á" WC="0.24" CC="7"/>
						<SP ID="P133_SP00091" HPOS="383" VPOS="681" WIDTH="17"/>
						<String ID="P133_ST00104" HPOS="400" VPOS="663" WIDTH="100" HEIGHT="28" CONTENT="ocupar" WC="0.67" CC="708004"/>
						<SP ID="P133_SP00092" HPOS="500" VPOS="691" WIDTH="14"/>
						<String ID="P133_ST00105" HPOS="514" VPOS="655" WIDTH="62" HEIGHT="28" CONTENT="toda" WC="1.00" CC="0000"/>
						<SP ID="P133_SP00093" HPOS="576" VPOS="691" WIDTH="19"/>
						<String ID="P133_ST00106" HPOS="595" VPOS="656" WIDTH="25" HEIGHT="27" CONTENT="la" WC="0.28" CC="49"/>
						<SP ID="P133_SP00094" HPOS="620" VPOS="691" WIDTH="16"/>
						<String ID="P133_ST00107" HPOS="636" VPOS="657" WIDTH="48" HEIGHT="26" CONTENT="isla" WC="0.83" CC="0230"/>
						<SP ID="P133_SP00095" HPOS="684" VPOS="691" WIDTH="19"/>
						<String ID="P133_ST00108" HPOS="703" VPOS="656" WIDTH="31" HEIGHT="28" CONTENT="de" WC="1.00" CC="00"/>
						<SP ID="P133_SP00096" HPOS="734" VPOS="691" WIDTH="15"/>
						<String ID="P133_ST00109" HPOS="749" VPOS="661" WIDTH="73" HEIGHT="23" CONTENT="costa" WC="0.75" CC="07040"/>
						<SP ID="P133_SP00097" HPOS="822" VPOS="691" WIDTH="15"/>
						<String ID="P133_ST00110" HPOS="837" VPOS="659" WIDTH="14" HEIGHT="26" CONTENT="á" WC="1.00" CC="0"/>
						<SP ID="P133_SP00098" HPOS="851" VPOS="691" WIDTH="19"/>
						<String ID="P133_ST00111" HPOS="870" VPOS="661" WIDTH="82" HEIGHT="29" CONTENT="costa," WC="0.62" CC="370830"/>
						<SP ID="P133_SP00099" HPOS="952" VPOS="691" WIDTH="17"/>
						<String ID="P133_ST00112" HPOS="969" VPOS="659" WIDTH="201" HEIGHT="35" CONTENT="presentándose" WC="0.65" CC="0601070069732"/>
					</TextLine>
					<TextLine ID="P133_TL00013" HPOS="141" VPOS="700" WIDTH="1028" HEIGHT="37">
						<String ID="P133_ST00113" HPOS="141" VPOS="708" WIDTH="33" HEIGHT="19" CONTENT="en" WC="0.68" CC="06"/>
						<SP ID="P133_SP00100" HPOS="174" VPOS="727" WIDTH="15"/>
						<String ID="P133_ST00114" HPOS="189" VPOS="704" WIDTH="72" HEIGHT="23" CONTENT="estas" WC="0.63" CC="64510"/>
						<SP ID="P133_SP00101" HPOS="261" VPOS="727" WIDTH="14"/>
						<String ID="P133_ST00115" HPOS="275" VPOS="700" WIDTH="110" HEIGHT="27" CONTENT="cortada" WC="0.67" CC="3576000"/>
						<SP ID="P133_SP00102" HPOS="385" VPOS="727" WIDTH="15"/>
						<String ID="P133_ST00116" HPOS="400" VPOS="709" WIDTH="47" HEIGHT="28" CONTENT="por" WC="0.57" CC="650"/>
						<SP ID="P133_SP00103" HPOS="447" VPOS="737" WIDTH="15"/>
						<String ID="P133_ST00117" HPOS="462" VPOS="710" WIDTH="159" HEIGHT="19" CONTENT="numerosos" WC="0.53" CC="880466340"/>
						<SP ID="P133_SP00104" HPOS="621" VPOS="737" WIDTH="13"/>
						<String ID="P133_ST00118" HPOS="634" VPOS="703" WIDTH="113" HEIGHT="28" CONTENT="cantiles" WC="0.71" CC="00673500"/>
						<SP ID="P133_SP00105" HPOS="747" VPOS="737" WIDTH="22"/>
						<String ID="P133_ST00119" HPOS="769" VPOS="703" WIDTH="31" HEIGHT="28" CONTENT="de" WC="1.00" CC="00"/>
						<SP ID="P133_SP00106" HPOS="800" VPOS="737" WIDTH="21"/>
						<String ID="P133_ST00120" HPOS="821" VPOS="707" WIDTH="114" HEIGHT="24" CONTENT="estratos" WC="0.64" CC="20832704"/>
						<SP ID="P133_SP00107" HPOS="935" VPOS="737" WIDTH="13"/>
						<String ID="P133_ST00121" HPOS="948" VPOS="705" WIDTH="98" HEIGHT="27" CONTENT="mucho" WC="0.43" CC="08486"/>
						<SP ID="P133_SP00108" HPOS="1046" VPOS="737" WIDTH="13"/>
						<String ID="P133_ST00122" HPOS="1059" VPOS="705" WIDTH="58" HEIGHT="27" CONTENT="más" WC="1.00" CC="000"/>
						<SP ID="P133_SP00109" HPOS="1117" VPOS="737" WIDTH="13"/>
						<String ID="P133_ST00123" HPOS="1130" VPOS="705" WIDTH="39" HEIGHT="27" CONTENT="le" SUBS_TYPE="HypPart1" SUBS_CONTENT="levantados." WC="0.85" CC="012"/>
						<HYP CONTENT="-"/>
					</TextLine>
					<TextLine ID="P133_TL00014" HPOS="142" VPOS="745" WIDTH="138" HEIGHT="27">
						<String ID="P133_ST00124" HPOS="142" VPOS="745" WIDTH="138" HEIGHT="27" CONTENT="vantados." SUBS_TYPE="HypPart2" SUBS_CONTENT="levantados." WC="0.75" CC="045540200"/>
					</TextLine>
				</TextBlock>
				<TextBlock ID="P133_TB00006" HPOS="141" VPOS="790" WIDTH="1030" HEIGHT="177" STYLEREFS="TXT_0 PAR_LEFT">
					<TextLine ID="P133_TL00015" HPOS="181" VPOS="791" WIDTH="990" HEIGHT="41">
						<String ID="P133_ST00125" HPOS="181" VPOS="792" WIDTH="81" HEIGHT="27" CONTENT="Entre" WC="0.55" CC="08670"/>
						<SP ID="P133_SP00110" HPOS="262" VPOS="819" WIDTH="15"/>
						<String ID="P133_ST00126" HPOS="277" VPOS="791" WIDTH="134" HEIGHT="29" CONTENT="Ginatilan" WC="0.52" CC="714962208"/>
						<SP ID="P133_SP00111" HPOS="411" VPOS="820" WIDTH="17"/>
						<String ID="P133_ST00127" HPOS="428" VPOS="801" WIDTH="14" HEIGHT="28" CONTENT="y" WC="0.03" CC="9"/>
						<SP ID="P133_SP00112" HPOS="442" VPOS="829" WIDTH="14"/>
						<String ID="P133_ST00128" HPOS="456" VPOS="792" WIDTH="136" HEIGHT="28" CONTENT="Sambuan" WC="0.42" CC="5607767"/>
						<SP ID="P133_SP00113" HPOS="592" VPOS="829" WIDTH="15"/>
						<String ID="P133_ST00129" HPOS="607" VPOS="802" WIDTH="27" HEIGHT="19" CONTENT="se" WC="0.33" CC="57"/>
						<SP ID="P133_SP00114" HPOS="634" VPOS="829" WIDTH="15"/>
						<String ID="P133_ST00130" HPOS="649" VPOS="798" WIDTH="143" HEIGHT="32" CONTENT="presentan" WC="0.59" CC="000466745"/>
						<SP ID="P133_SP00115" HPOS="792" VPOS="830" WIDTH="14"/>
						<String ID="P133_ST00131" HPOS="806" VPOS="795" WIDTH="122" HEIGHT="27" CONTENT="bastante" WC="0.47" CC="76084805"/>
						<SP ID="P133_SP00116" HPOS="928" VPOS="830" WIDTH="14"/>
						<String ID="P133_ST00132" HPOS="942" VPOS="796" WIDTH="84" HEIGHT="36" CONTENT="grises" WC="0.56" CC="903660"/>
						<SP ID="P133_SP00117" HPOS="1026" VPOS="832" WIDTH="13"/>
						<String ID="P133_ST00133" HPOS="1039" VPOS="805" WIDTH="14" HEIGHT="27" CONTENT="y" WC="1.00" CC="0"/>
						<SP ID="P133_SP00118" HPOS="1053" VPOS="832" WIDTH="14"/>
						<String ID="P133_ST00134" HPOS="1067" VPOS="805" WIDTH="104" HEIGHT="27" CONTENT="margo" SUBS_TYPE="HypPart1" SUBS_CONTENT="margosas" WC="0.26" CC="967972"/>
						<HYP CONTENT="-"/>
					</TextLine>
					<TextLine ID="P133_TL00016" HPOS="141" VPOS="838" WIDTH="1030" HEIGHT="38">
						<String ID="P133_ST00135" HPOS="141" VPOS="847" WIDTH="44" HEIGHT="18" CONTENT="sas" SUBS_TYPE="HypPart2" SUBS_CONTENT="margosas" WC="0.48" CC="356"/>
						<SP ID="P133_SP00119" HPOS="185" VPOS="865" WIDTH="18"/>
						<String ID="P133_ST00136" HPOS="203" VPOS="847" WIDTH="50" HEIGHT="18" CONTENT="con" WC="0.51" CC="544"/>
						<SP ID="P133_SP00120" HPOS="253" VPOS="865" WIDTH="16"/>
						<String ID="P133_ST00137" HPOS="269" VPOS="838" WIDTH="25" HEIGHT="27" CONTENT="la" WC="0.71" CC="50"/>
						<SP ID="P133_SP00121" HPOS="294" VPOS="865" WIDTH="14"/>
						<String ID="P133_ST00138" HPOS="308" VPOS="838" WIDTH="137" HEIGHT="27" CONTENT="dirección" WC="0.64" CC="046000578"/>
						<SP ID="P133_SP00122" HPOS="445" VPOS="865" WIDTH="16"/>
						<String ID="P133_ST00139" HPOS="461" VPOS="838" WIDTH="31" HEIGHT="27" CONTENT="de" WC="0.65" CC="07"/>
						<SP ID="P133_SP00123" HPOS="492" VPOS="865" WIDTH="14"/>
						<String ID="P133_ST00140" HPOS="506" VPOS="839" WIDTH="65" HEIGHT="27" CONTENT="N.E." WC="1.00" CC="0000"/>
						<SP ID="P133_SP00124" HPOS="571" VPOS="866" WIDTH="17"/>
						<String ID="P133_ST00141" HPOS="588" VPOS="840" WIDTH="15" HEIGHT="26" CONTENT="á" WC="1.00" CC="0"/>
						<SP ID="P133_SP00125" HPOS="603" VPOS="866" WIDTH="14"/>
						<String ID="P133_ST00142" HPOS="617" VPOS="839" WIDTH="62" HEIGHT="29" CONTENT="S.O." WC="0.88" CC="4000"/>
						<SP ID="P133_SP00126" HPOS="679" VPOS="868" WIDTH="17"/>
						<String ID="P133_ST00143" HPOS="696" VPOS="849" WIDTH="16" HEIGHT="27" CONTENT="y" WC="1.00" CC="0"/>
						<SP ID="P133_SP00127" HPOS="712" VPOS="876" WIDTH="15"/>
						<String ID="P133_ST00144" HPOS="727" VPOS="841" WIDTH="24" HEIGHT="27" CONTENT="la" WC="0.70" CC="50"/>
						<SP ID="P133_SP00128" HPOS="751" VPOS="876" WIDTH="19"/>
						<String ID="P133_ST00145" HPOS="770" VPOS="842" WIDTH="180" HEIGHT="27" CONTENT="considerable" WC="0.71" CC="035110054704"/>
						<SP ID="P133_SP00129" HPOS="950" VPOS="876" WIDTH="16"/>
						<String ID="P133_ST00146" HPOS="966" VPOS="842" WIDTH="157" HEIGHT="28" CONTENT="inclinación" WC="0.69" CC="53052700061"/>
						<SP ID="P133_SP00130" HPOS="1123" VPOS="876" WIDTH="19"/>
						<String ID="P133_ST00147" HPOS="1142" VPOS="841" WIDTH="29" HEIGHT="29" CONTENT="de" WC="1.00" CC="00"/>
					</TextLine>
					<TextLine ID="P133_TL00017" HPOS="144" VPOS="883" WIDTH="1027" HEIGHT="33">
						<String ID="P133_ST00148" HPOS="144" VPOS="883" WIDTH="47" HEIGHT="29" CONTENT="55°" WC="0.54" CC="903"/>
						<SP ID="P133_SP00131" HPOS="191" VPOS="912" WIDTH="14"/>
						<String ID="P133_ST00149" HPOS="205" VPOS="885" WIDTH="25" HEIGHT="27" CONTENT="al" WC="0.39" CC="65"/>
						<SP ID="P133_SP00132" HPOS="230" VPOS="912" WIDTH="15"/>
						<String ID="P133_ST00150" HPOS="245" VPOS="884" WIDTH="80" HEIGHT="32" CONTENT="N.O.;" WC="0.88" CC="00500"/>
						<SP ID="P133_SP00133" HPOS="325" VPOS="916" WIDTH="18"/>
						<String ID="P133_ST00151" HPOS="343" VPOS="885" WIDTH="160" HEIGHT="27" CONTENT="sucediendo" WC="0.62" CC="1620047707"/>
						<SP ID="P133_SP00134" HPOS="503" VPOS="916" WIDTH="14"/>
						<String ID="P133_ST00152" HPOS="517" VPOS="889" WIDTH="59" HEIGHT="24" CONTENT="otro" WC="0.54" CC="0673"/>
						<SP ID="P133_SP00135" HPOS="576" VPOS="916" WIDTH="17"/>
						<String ID="P133_ST00153" HPOS="593" VPOS="890" WIDTH="73" HEIGHT="24" CONTENT="tanto" WC="0.68" CC="30650"/>
						<SP ID="P133_SP00136" HPOS="666" VPOS="916" WIDTH="14"/>
						<String ID="P133_ST00154" HPOS="680" VPOS="895" WIDTH="32" HEIGHT="19" CONTENT="en" WC="0.63" CC="07"/>
						<SP ID="P133_SP00137" HPOS="712" VPOS="916" WIDTH="13"/>
						<String ID="P133_ST00155" HPOS="725" VPOS="888" WIDTH="23" HEIGHT="27" CONTENT="el" WC="1.00" CC="00"/>
						<SP ID="P133_SP00138" HPOS="748" VPOS="916" WIDTH="14"/>
						<String ID="P133_ST00156" HPOS="762" VPOS="888" WIDTH="61" HEIGHT="27" CONTENT="sitio" WC="0.42" CC="64546"/>
						<SP ID="P133_SP00139" HPOS="823" VPOS="916" WIDTH="15"/>
						<String ID="P133_ST00157" HPOS="838" VPOS="888" WIDTH="115" HEIGHT="27" CONTENT="llamado" WC="0.77" CC="0000509"/>
						<SP ID="P133_SP00140" HPOS="953" VPOS="916" WIDTH="15"/>
						<String ID="P133_ST00158" HPOS="968" VPOS="888" WIDTH="124" HEIGHT="27" CONTENT="Tanáuan" WC="0.70" CC="0340525"/>
						<SP ID="P133_SP00141" HPOS="1092" VPOS="916" WIDTH="15"/>
						<String ID="P133_ST00159" HPOS="1107" VPOS="888" WIDTH="64" HEIGHT="27" CONTENT="déla" WC="0.64" CC="0427"/>
					</TextLine>
					<TextLine ID="P133_TL00018" HPOS="142" VPOS="930" WIDTH="1028" HEIGHT="37">
						<String ID="P133_ST00160" HPOS="142" VPOS="934" WIDTH="72" HEIGHT="25" CONTENT="costa" WC="0.61" CC="25074"/>
						<SP ID="P133_SP00142" HPOS="214" VPOS="959" WIDTH="16"/>
						<String ID="P133_ST00161" HPOS="230" VPOS="934" WIDTH="77" HEIGHT="24" CONTENT="entre" WC="0.69" CC="07700"/>
						<SP ID="P133_SP00143" HPOS="307" VPOS="959" WIDTH="15"/>
						<String ID="P133_ST00162" HPOS="322" VPOS="930" WIDTH="79" HEIGHT="29" CONTENT="Oslob" WC="0.73" CC="31007"/>
						<SP ID="P133_SP00144" HPOS="401" VPOS="959" WIDTH="16"/>
						<String ID="P133_ST00163" HPOS="417" VPOS="940" WIDTH="17" HEIGHT="27" CONTENT="y" WC="1.00" CC="0"/>
						<SP ID="P133_SP00145" HPOS="434" VPOS="967" WIDTH="15"/>
						<String ID="P133_ST00164" HPOS="449" VPOS="931" WIDTH="158" HEIGHT="33" CONTENT="Santauder," WC="0.57" CC="4478080270"/>
						<SP ID="P133_SP00146" HPOS="607" VPOS="967" WIDTH="14"/>
						<String ID="P133_ST00165" HPOS="621" VPOS="936" WIDTH="93" HEIGHT="31" CONTENT="puesto" WC="0.63" CC="070076"/>
						<SP ID="P133_SP00147" HPOS="714" VPOS="967" WIDTH="15"/>
						<String ID="P133_ST00166" HPOS="729" VPOS="942" WIDTH="51" HEIGHT="25" CONTENT="que" WC="0.68" CC="072"/>
						<SP ID="P133_SP00148" HPOS="780" VPOS="967" WIDTH="15"/>
						<String ID="P133_ST00167" HPOS="795" VPOS="933" WIDTH="84" HEIGHT="27" CONTENT="buzan" WC="0.40" CC="78436"/>
						<SP ID="P133_SP00149" HPOS="879" VPOS="967" WIDTH="15"/>
						<String ID="P133_ST00168" HPOS="894" VPOS="937" WIDTH="74" HEIGHT="24" CONTENT="otros" WC="0.90" CC="00400"/>
						<SP ID="P133_SP00150" HPOS="968" VPOS="967" WIDTH="15"/>
						<String ID="P133_ST00169" HPOS="983" VPOS="933" WIDTH="44" HEIGHT="27" CONTENT="55°" WC="0.49" CC="770"/>
						<SP ID="P133_SP00151" HPOS="1027" VPOS="967" WIDTH="14"/>
						<String ID="P133_ST00170" HPOS="1041" VPOS="934" WIDTH="24" HEIGHT="27" CONTENT="al" WC="0.60" CC="34"/>
						<SP ID="P133_SP00152" HPOS="1065" VPOS="967" WIDTH="15"/>
						<String ID="P133_ST00171" HPOS="1080" VPOS="933" WIDTH="90" HEIGHT="28" CONTENT="S.S.E." WC="0.93" CC="004000"/>
					</TextLine>
				</TextBlock>
				<TextBlock ID="P133_TB00007" HPOS="140" VPOS="976" WIDTH="1032" HEIGHT="175" STYLEREFS="TXT_0 PAR_LEFT">
					<TextLine ID="P133_TL00019" HPOS="180" VPOS="976" WIDTH="991" HEIGHT="39">
						<String ID="P133_ST00172" HPOS="180" VPOS="977" WIDTH="38" HEIGHT="26" CONTENT="En" WC="0.65" CC="07"/>
						<SP ID="P133_SP00153" HPOS="218" VPOS="1003" WIDTH="15"/>
						<String ID="P133_ST00173" HPOS="233" VPOS="976" WIDTH="24" HEIGHT="28" CONTENT="el" WC="1.00" CC="00"/>
						<SP ID="P133_SP00154" HPOS="257" VPOS="1004" WIDTH="14"/>
						<String ID="P133_ST00174" HPOS="271" VPOS="977" WIDTH="62" HEIGHT="27" CONTENT="sitio" WC="0.76" CC="00423"/>
						<SP ID="P133_SP00155" HPOS="333" VPOS="1004" WIDTH="12"/>
						<String ID="P133_ST00175" HPOS="345" VPOS="977" WIDTH="117" HEIGHT="27" CONTENT="Cansara" WC="0.61" CC="7076040"/>
						<SP ID="P133_SP00156" HPOS="462" VPOS="1004" WIDTH="11"/>
						<String ID="P133_ST00176" HPOS="473" VPOS="977" WIDTH="41" HEIGHT="27" CONTENT="del" WC="1.00" CC="000"/>
						<SP ID="P133_SP00157" HPOS="514" VPOS="1004" WIDTH="14"/>
						<String ID="P133_ST00177" HPOS="528" VPOS="976" WIDTH="39" HEIGHT="28" CONTENT="río" WC="0.43" CC="762"/>
						<SP ID="P133_SP00158" HPOS="567" VPOS="1004" WIDTH="15"/>
						<String ID="P133_ST00178" HPOS="582" VPOS="978" WIDTH="137" HEIGHT="37" CONTENT="Lagnason" WC="0.57" CC="22089047"/>
						<SP ID="P133_SP00159" HPOS="719" VPOS="1015" WIDTH="14"/>
						<String ID="P133_ST00179" HPOS="733" VPOS="987" WIDTH="28" HEIGHT="19" CONTENT="se" WC="0.64" CC="25"/>
						<SP ID="P133_SP00160" HPOS="761" VPOS="1015" WIDTH="15"/>
						<String ID="P133_ST00180" HPOS="776" VPOS="988" WIDTH="49" HEIGHT="18" CONTENT="ven" WC="0.72" CC="008"/>
						<SP ID="P133_SP00161" HPOS="825" VPOS="1015" WIDTH="14"/>
						<String ID="P133_ST00181" HPOS="839" VPOS="980" WIDTH="39" HEIGHT="27" CONTENT="las" WC="0.81" CC="500"/>
						<SP ID="P133_SP00162" HPOS="878" VPOS="1015" WIDTH="14"/>
						<String ID="P133_ST00182" HPOS="892" VPOS="980" WIDTH="95" HEIGHT="27" CONTENT="calizas" WC="0.51" CC="6044664"/>
						<SP ID="P133_SP00163" HPOS="987" VPOS="1015" WIDTH="15"/>
						<String ID="P133_ST00183" HPOS="1002" VPOS="988" WIDTH="31" HEIGHT="19" CONTENT="en" WC="0.53" CC="08"/>
						<SP ID="P133_SP00164" HPOS="1033" VPOS="1015" WIDTH="12"/>
						<String ID="P133_ST00184" HPOS="1045" VPOS="980" WIDTH="65" HEIGHT="35" CONTENT="lajas" WC="0.54" CC="63084"/>
						<SP ID="P133_SP00165" HPOS="1110" VPOS="1015" WIDTH="14"/>
						<String ID="P133_ST00185" HPOS="1124" VPOS="979" WIDTH="47" HEIGHT="28" CONTENT="de" SUBS_TYPE="HypPart1" SUBS_CONTENT="deleznables" WC="0.93" CC="002"/>
						<HYP CONTENT="-"/>
					</TextLine>
					<TextLine ID="P133_TL00020" HPOS="141" VPOS="1022" WIDTH="1031" HEIGHT="39">
						<String ID="P133_ST00186" HPOS="141" VPOS="1022" WIDTH="132" HEIGHT="29" CONTENT="leznables" SUBS_TYPE="HypPart2" SUBS_CONTENT="deleznables" WC="0.53" CC="476604705"/>
						<SP ID="P133_SP00166" HPOS="273" VPOS="1051" WIDTH="12"/>
						<String ID="P133_ST00187" HPOS="285" VPOS="1031" WIDTH="33" HEIGHT="18" CONTENT="no" WC="0.78" CC="40"/>
						<SP ID="P133_SP00167" HPOS="318" VPOS="1051" WIDTH="16"/>
						<String ID="P133_ST00188" HPOS="334" VPOS="1023" WIDTH="151" HEIGHT="32" CONTENT="continuas," WC="0.50" CC="0366558461"/>
						<SP ID="P133_SP00168" HPOS="485" VPOS="1055" WIDTH="18"/>
						<String ID="P133_ST00189" HPOS="503" VPOS="1023" WIDTH="58" HEIGHT="27" CONTENT="sino" WC="0.55" CC="0484"/>
						<SP ID="P133_SP00169" HPOS="561" VPOS="1055" WIDTH="15"/>
						<String ID="P133_ST00190" HPOS="576" VPOS="1024" WIDTH="211" HEIGHT="37" CONTENT="interrumpidas" WC="0.68" CC="2773707006000"/>
						<SP ID="P133_SP00170" HPOS="787" VPOS="1061" WIDTH="15"/>
						<String ID="P133_ST00191" HPOS="802" VPOS="1034" WIDTH="31" HEIGHT="18" CONTENT="en" WC="0.61" CC="07"/>
						<SP ID="P133_SP00171" HPOS="833" VPOS="1061" WIDTH="15"/>
						<String ID="P133_ST00192" HPOS="848" VPOS="1028" WIDTH="73" HEIGHT="25" CONTENT="otras" WC="0.74" CC="01540"/>
						<SP ID="P133_SP00172" HPOS="921" VPOS="1061" WIDTH="14"/>
						<String ID="P133_ST00193" HPOS="935" VPOS="1025" WIDTH="31" HEIGHT="28" CONTENT="de" WC="0.85" CC="02"/>
						<SP ID="P133_SP00173" HPOS="966" VPOS="1061" WIDTH="15"/>
						<String ID="P133_ST00194" HPOS="981" VPOS="1026" WIDTH="81" HEIGHT="27" CONTENT="caliza" WC="0.67" CC="734202"/>
						<SP ID="P133_SP00174" HPOS="1062" VPOS="1061" WIDTH="14"/>
						<String ID="P133_ST00195" HPOS="1076" VPOS="1025" WIDTH="67" HEIGHT="27" CONTENT="dura" WC="0.50" CC="0649"/>
						<SP ID="P133_SP00175" HPOS="1143" VPOS="1061" WIDTH="15"/>
						<String ID="P133_ST00196" HPOS="1158" VPOS="1034" WIDTH="14" HEIGHT="27" CONTENT="y" WC="1.00" CC="0"/>
					</TextLine>
					<TextLine ID="P133_TL00021" HPOS="141" VPOS="1070" WIDTH="1031" HEIGHT="38">
						<String ID="P133_ST00197" HPOS="141" VPOS="1078" WIDTH="155" HEIGHT="22" CONTENT="cavernosa," WC="0.53" CC="7061582572"/>
						<SP ID="P133_SP00176" HPOS="296" VPOS="1100" WIDTH="17"/>
						<String ID="P133_ST00198" HPOS="313" VPOS="1078" WIDTH="49" HEIGHT="19" CONTENT="con" WC="0.50" CC="077"/>
						<SP ID="P133_SP00177" HPOS="362" VPOS="1100" WIDTH="12"/>
						<String ID="P133_ST00199" HPOS="374" VPOS="1078" WIDTH="159" HEIGHT="19" CONTENT="numerosos" WC="0.64" CC="770070107"/>
						<SP ID="P133_SP00178" HPOS="533" VPOS="1100" WIDTH="13"/>
						<String ID="P133_ST00200" HPOS="546" VPOS="1073" WIDTH="87" HEIGHT="24" CONTENT="restos" WC="0.73" CC="420800"/>
						<SP ID="P133_SP00179" HPOS="633" VPOS="1100" WIDTH="11"/>
						<String ID="P133_ST00201" HPOS="644" VPOS="1070" WIDTH="133" HEIGHT="36" CONTENT="poliperos" WC="0.75" CC="086000321"/>
						<SP ID="P133_SP00180" HPOS="777" VPOS="1106" WIDTH="14"/>
						<String ID="P133_ST00202" HPOS="791" VPOS="1080" WIDTH="32" HEIGHT="17" CONTENT="en" WC="0.48" CC="18"/>
						<SP ID="P133_SP00181" HPOS="823" VPOS="1106" WIDTH="12"/>
						<String ID="P133_ST00203" HPOS="835" VPOS="1071" WIDTH="24" HEIGHT="26" CONTENT="la" WC="0.83" CC="30"/>
						<SP ID="P133_SP00182" HPOS="859" VPOS="1106" WIDTH="14"/>
						<String ID="P133_ST00204" HPOS="873" VPOS="1080" WIDTH="84" HEIGHT="23" CONTENT="masa," WC="0.79" CC="00504"/>
						<SP ID="P133_SP00183" HPOS="957" VPOS="1106" WIDTH="18"/>
						<String ID="P133_ST00205" HPOS="975" VPOS="1071" WIDTH="39" HEIGHT="27" CONTENT="sin" WC="0.53" CC="508"/>
						<SP ID="P133_SP00184" HPOS="1014" VPOS="1106" WIDTH="12"/>
						<String ID="P133_ST00206" HPOS="1026" VPOS="1081" WIDTH="50" HEIGHT="27" CONTENT="que" WC="0.52" CC="085"/>
						<SP ID="P133_SP00185" HPOS="1076" VPOS="1108" WIDTH="15"/>
						<String ID="P133_ST00207" HPOS="1091" VPOS="1081" WIDTH="28" HEIGHT="17" CONTENT="se" WC="0.59" CC="08"/>
						<SP ID="P133_SP00186" HPOS="1119" VPOS="1108" WIDTH="15"/>
						<String ID="P133_ST00208" HPOS="1134" VPOS="1071" WIDTH="38" HEIGHT="27" CONTENT="in" SUBS_TYPE="HypPart1" SUBS_CONTENT="interrumpa" WC="0.47" CC="572"/>
						<HYP CONTENT="-"/>
					</TextLine>
					<TextLine ID="P133_TL00022" HPOS="142" VPOS="1116" WIDTH="413" HEIGHT="35">
						<String ID="P133_ST00209" HPOS="142" VPOS="1120" WIDTH="140" HEIGHT="31" CONTENT="terrumpa" SUBS_TYPE="HypPart2" SUBS_CONTENT="interrumpa" WC="0.62" CC="75718000"/>
						<SP ID="P133_SP00187" HPOS="282" VPOS="1151" WIDTH="14"/>
						<String ID="P133_ST00210" HPOS="296" VPOS="1116" WIDTH="25" HEIGHT="27" CONTENT="la" WC="0.57" CC="08"/>
						<SP ID="P133_SP00188" HPOS="321" VPOS="1151" WIDTH="14"/>
						<String ID="P133_ST00211" HPOS="335" VPOS="1116" WIDTH="220" HEIGHT="28" CONTENT="estratificación." WC="0.68" CC="2470122000652770"/>
					</TextLine>
				</TextBlock>
				<TextBlock ID="P133_TB00008" HPOS="597" VPOS="1182" WIDTH="122" HEIGHT="24" STYLEREFS="TXT_0 PAR_CENTER">
					<TextLine ID="P133_TL00023" HPOS="598" VPOS="1184" WIDTH="121" HEIGHT="22">
						<String ID="P133_ST00212" HPOS="598" VPOS="1184" WIDTH="121" HEIGHT="22" CONTENT="Fósiles." WC="0.93" CC="30000000"/>
					</TextLine>
				</TextBlock>
				<TextBlock ID="P133_TB00009" HPOS="138" VPOS="1253" WIDTH="1036" HEIGHT="129" STYLEREFS="TXT_0 PAR_LEFT">
					<TextLine ID="P133_TL00024" HPOS="180" VPOS="1253" WIDTH="994" HEIGHT="34">
						<String ID="P133_ST00213" HPOS="180" VPOS="1255" WIDTH="35" HEIGHT="27" CONTENT="De" WC="0.93" CC="01"/>
						<SP ID="P133_SP00189" HPOS="215" VPOS="1282" WIDTH="15"/>
						<String ID="P133_ST00214" HPOS="230" VPOS="1255" WIDTH="39" HEIGHT="27" CONTENT="los" WC="0.67" CC="603"/>
						<SP ID="P133_SP00190" HPOS="269" VPOS="1282" WIDTH="16"/>
						<String ID="P133_ST00215" HPOS="285" VPOS="1254" WIDTH="92" HEIGHT="28" CONTENT="fósiles" WC="0.65" CC="0663403"/>
						<SP ID="P133_SP00191" HPOS="377" VPOS="1282" WIDTH="14"/>
						<String ID="P133_ST00216" HPOS="391" VPOS="1253" WIDTH="178" HEIGHT="28" CONTENT="encontrados" WC="0.54" CC="08108074945"/>
						<SP ID="P133_SP00192" HPOS="569" VPOS="1282" WIDTH="12"/>
						<String ID="P133_ST00217" HPOS="581" VPOS="1263" WIDTH="30" HEIGHT="18" CONTENT="en" WC="0.24" CC="77"/>
						<SP ID="P133_SP00193" HPOS="611" VPOS="1282" WIDTH="16"/>
						<String ID="P133_ST00218" HPOS="627" VPOS="1258" WIDTH="56" HEIGHT="23" CONTENT="este" WC="0.64" CC="7221"/>
						<SP ID="P133_SP00194" HPOS="683" VPOS="1282" WIDTH="13"/>
						<String ID="P133_ST00219" HPOS="696" VPOS="1258" WIDTH="117" HEIGHT="29" CONTENT="terreno," WC="0.54" CC="07737361"/>
						<SP ID="P133_SP00195" HPOS="813" VPOS="1287" WIDTH="13"/>
						<String ID="P133_ST00220" HPOS="826" VPOS="1255" WIDTH="55" HEIGHT="26" CONTENT="solo" WC="0.52" CC="3059"/>
						<SP ID="P133_SP00196" HPOS="881" VPOS="1287" WIDTH="15"/>
						<String ID="P133_ST00221" HPOS="896" VPOS="1254" WIDTH="91" HEIGHT="28" CONTENT="hemos" WC="0.85" CC="70000"/>
						<SP ID="P133_SP00197" HPOS="987" VPOS="1287" WIDTH="10"/>
						<String ID="P133_ST00222" HPOS="997" VPOS="1254" WIDTH="88" HEIGHT="27" CONTENT="citado" WC="0.57" CC="507407"/>
						<SP ID="P133_SP00198" HPOS="1085" VPOS="1287" WIDTH="14"/>
						<String ID="P133_ST00223" HPOS="1099" VPOS="1254" WIDTH="75" HEIGHT="27" CONTENT="basta" WC="0.59" CC="71154"/>
					</TextLine>
					<TextLine ID="P133_TL00025" HPOS="139" VPOS="1299" WIDTH="1035" HEIGHT="38">
						<String ID="P133_ST00224" HPOS="139" VPOS="1301" WIDTH="83" HEIGHT="28" CONTENT="ahora" WC="0.59" CC="04609"/>
						<SP ID="P133_SP00199" HPOS="222" VPOS="1329" WIDTH="12"/>
						<String ID="P133_ST00225" HPOS="234" VPOS="1301" WIDTH="120" HEIGHT="36" CONTENT="aquellos" WC="0.67" CC="50701073"/>
						<SP ID="P133_SP00200" HPOS="354" VPOS="1337" WIDTH="12"/>
						<String ID="P133_ST00226" HPOS="366" VPOS="1309" WIDTH="62" HEIGHT="27" CONTENT="que," WC="0.61" CC="0870"/>
						<SP ID="P133_SP00201" HPOS="428" VPOS="1337" WIDTH="13"/>
						<String ID="P133_ST00227" HPOS="441" VPOS="1300" WIDTH="238" HEIGHT="27" CONTENT="indeterminables" WC="0.64" CC="040662003707076"/>
						<SP ID="P133_SP00202" HPOS="679" VPOS="1337" WIDTH="9"/>
						<String ID="P133_ST00228" HPOS="688" VPOS="1309" WIDTH="77" HEIGHT="19" CONTENT="como" WC="0.68" CC="6006"/>
						<SP ID="P133_SP00203" HPOS="765" VPOS="1337" WIDTH="9"/>
						<String ID="P133_ST00229" HPOS="774" VPOS="1301" WIDTH="111" HEIGHT="36" CONTENT="especie," WC="0.90" CC="00070000"/>
						<SP ID="P133_SP00204" HPOS="885" VPOS="1337" WIDTH="13"/>
						<String ID="P133_ST00230" HPOS="898" VPOS="1299" WIDTH="135" HEIGHT="37" CONTENT="podíamos" WC="0.76" CC="00064070"/>
						<SP ID="P133_SP00205" HPOS="1033" VPOS="1337" WIDTH="11"/>
						<String ID="P133_ST00231" HPOS="1044" VPOS="1300" WIDTH="130" HEIGHT="27" CONTENT="clasificar" WC="0.65" CC="7360300733"/>
					</TextLine>
					<TextLine ID="P133_TL00026" HPOS="139" VPOS="1348" WIDTH="202" HEIGHT="34">
						<String ID="P133_ST00232" HPOS="139" VPOS="1356" WIDTH="77" HEIGHT="20" CONTENT="como" WC="0.83" CC="0600"/>
						<SP ID="P133_SP00206" HPOS="216" VPOS="1376" WIDTH="16"/>
						<String ID="P133_ST00233" HPOS="232" VPOS="1348" WIDTH="109" HEIGHT="34" CONTENT="género." WC="0.63" CC="0507570"/>
					</TextLine>
				</TextBlock>
				<TextBlock ID="P133_TB00010" HPOS="134" VPOS="1391" WIDTH="1038" HEIGHT="361" STYLEREFS="TXT_0 PAR_LEFT">
					<TextLine ID="P133_TL00027" HPOS="175" VPOS="1391" WIDTH="997" HEIGHT="38">
						<String ID="P133_ST00234" HPOS="175" VPOS="1394" WIDTH="51" HEIGHT="27" CONTENT="Los" WC="0.38" CC="565"/>
						<SP ID="P133_SP00207" HPOS="226" VPOS="1421" WIDTH="15"/>
						<String ID="P133_ST00235" HPOS="241" VPOS="1393" WIDTH="87" HEIGHT="36" CONTENT="mejor" WC="0.48" CC="83049"/>
						<SP ID="P133_SP00208" HPOS="328" VPOS="1429" WIDTH="16"/>
						<String ID="P133_ST00236" HPOS="344" VPOS="1391" WIDTH="187" HEIGHT="33" CONTENT="conservados," WC="0.69" CC="605347000620"/>
						<SP ID="P133_SP00209" HPOS="531" VPOS="1429" WIDTH="18"/>
						<String ID="P133_ST00237" HPOS="549" VPOS="1392" WIDTH="138" HEIGHT="37" CONTENT="recogidos" WC="0.72" CC="407203006"/>
						<SP ID="P133_SP00210" HPOS="687" VPOS="1429" WIDTH="16"/>
						<String ID="P133_ST00238" HPOS="703" VPOS="1396" WIDTH="73" HEIGHT="24" CONTENT="tanto" WC="0.43" CC="36745"/>
						<SP ID="P133_SP00211" HPOS="776" VPOS="1429" WIDTH="14"/>
						<String ID="P133_ST00239" HPOS="790" VPOS="1392" WIDTH="31" HEIGHT="27" CONTENT="de" WC="1.00" CC="00"/>
						<SP ID="P133_SP00212" HPOS="821" VPOS="1429" WIDTH="15"/>
						<String ID="P133_ST00240" HPOS="836" VPOS="1392" WIDTH="39" HEIGHT="27" CONTENT="las" WC="0.86" CC="004"/>
						<SP ID="P133_SP00213" HPOS="875" VPOS="1429" WIDTH="15"/>
						<String ID="P133_ST00241" HPOS="890" VPOS="1391" WIDTH="96" HEIGHT="28" CONTENT="calizas" WC="0.71" CC="0215442"/>
						<SP ID="P133_SP00214" HPOS="986" VPOS="1429" WIDTH="14"/>
						<String ID="P133_ST00242" HPOS="1000" VPOS="1401" WIDTH="75" HEIGHT="18" CONTENT="como" WC="0.67" CC="0606"/>
						<SP ID="P133_SP00215" HPOS="1075" VPOS="1429" WIDTH="15"/>
						<String ID="P133_ST00243" HPOS="1090" VPOS="1391" WIDTH="31" HEIGHT="27" CONTENT="de" WC="0.91" CC="01"/>
						<SP ID="P133_SP00216" HPOS="1121" VPOS="1429" WIDTH="14"/>
						<String ID="P133_ST00244" HPOS="1135" VPOS="1391" WIDTH="37" HEIGHT="28" CONTENT="las" WC="0.76" CC="303"/>
					</TextLine>
					<TextLine ID="P133_TL00028" HPOS="138" VPOS="1436" WIDTH="1034" HEIGHT="39">
						<String ID="P133_ST00245" HPOS="138" VPOS="1447" WIDTH="80" HEIGHT="28" CONTENT="capas" WC="0.65" CC="33009"/>
						<SP ID="P133_SP00217" HPOS="218" VPOS="1475" WIDTH="14"/>
						<String ID="P133_ST00246" HPOS="232" VPOS="1439" WIDTH="32" HEIGHT="27" CONTENT="de" WC="0.68" CC="06"/>
						<SP ID="P133_SP00218" HPOS="264" VPOS="1475" WIDTH="15"/>
						<String ID="P133_ST00247" HPOS="279" VPOS="1446" WIDTH="108" HEIGHT="28" CONTENT="margas" WC="0.57" CC="067055"/>
						<SP ID="P133_SP00219" HPOS="387" VPOS="1475" WIDTH="15"/>
						<String ID="P133_ST00248" HPOS="402" VPOS="1436" WIDTH="148" HEIGHT="37" CONTENT="agrisadas," WC="0.85" CC="0003100630"/>
						<SP ID="P133_SP00220" HPOS="550" VPOS="1475" WIDTH="17"/>
						<String ID="P133_ST00249" HPOS="567" VPOS="1437" WIDTH="39" HEIGHT="27" CONTENT="los" WC="0.77" CC="302"/>
						<SP ID="P133_SP00221" HPOS="606" VPOS="1475" WIDTH="18"/>
						<String ID="P133_ST00250" HPOS="624" VPOS="1438" WIDTH="152" HEIGHT="27" CONTENT="remitimos" WC="0.72" CC="068200420"/>
						<SP ID="P133_SP00222" HPOS="776" VPOS="1475" WIDTH="21"/>
						<String ID="P133_ST00251" HPOS="797" VPOS="1437" WIDTH="77" HEIGHT="27" CONTENT="desde" WC="0.64" CC="01907"/>
						<SP ID="P133_SP00223" HPOS="874" VPOS="1475" WIDTH="15"/>
						<String ID="P133_ST00252" HPOS="889" VPOS="1437" WIDTH="128" HEIGHT="36" CONTENT="Filipinas" WC="0.68" CC="641401702"/>
						<SP ID="P133_SP00224" HPOS="1017" VPOS="1475" WIDTH="13"/>
						<String ID="P133_ST00253" HPOS="1030" VPOS="1438" WIDTH="12" HEIGHT="26" CONTENT="á" WC="0.05" CC="9"/>
						<SP ID="P133_SP00225" HPOS="1042" VPOS="1475" WIDTH="22"/>
						<String ID="P133_ST00254" HPOS="1064" VPOS="1440" WIDTH="108" HEIGHT="24" CONTENT="nuestro" WC="0.43" CC="5879800"/>
					</TextLine>
					<TextLine ID="P133_TL00029" HPOS="137" VPOS="1484" WIDTH="1035" HEIGHT="39">
						<String ID="P133_ST00255" HPOS="137" VPOS="1485" WIDTH="112" HEIGHT="38" CONTENT="querido" WC="0.65" CC="0064605"/>
						<SP ID="P133_SP00226" HPOS="249" VPOS="1523" WIDTH="19"/>
						<String ID="P133_ST00256" HPOS="268" VPOS="1484" WIDTH="90" HEIGHT="38" CONTENT="amigo" WC="0.72" CC="40405"/>
						<SP ID="P133_SP00227" HPOS="358" VPOS="1523" WIDTH="21"/>
						<String ID="P133_ST00257" HPOS="379" VPOS="1493" WIDTH="16" HEIGHT="28" CONTENT="y" WC="1.00" CC="0"/>
						<SP ID="P133_SP00228" HPOS="395" VPOS="1523" WIDTH="22"/>
						<String ID="P133_ST00258" HPOS="417" VPOS="1484" WIDTH="166" HEIGHT="35" CONTENT="distinguido" WC="0.40" CC="53762877287"/>
						<SP ID="P133_SP00229" HPOS="583" VPOS="1523" WIDTH="24"/>
						<String ID="P133_ST00259" HPOS="607" VPOS="1484" WIDTH="221" HEIGHT="36" CONTENT="paleontologisla" WC="0.59" CC="002768474400509"/>
						<SP ID="P133_SP00230" HPOS="828" VPOS="1523" WIDTH="15"/>
						<String ID="P133_ST00260" HPOS="843" VPOS="1484" WIDTH="31" HEIGHT="27" CONTENT="D." WC="0.70" CC="60"/>
						<SP ID="P133_SP00231" HPOS="874" VPOS="1523" WIDTH="24"/>
						<String ID="P133_ST00261" HPOS="898" VPOS="1484" WIDTH="84" HEIGHT="27" CONTENT="Lucas" WC="0.53" CC="78700"/>
						<SP ID="P133_SP00232" HPOS="982" VPOS="1523" WIDTH="21"/>
						<String ID="P133_ST00262" HPOS="1003" VPOS="1484" WIDTH="120" HEIGHT="33" CONTENT="Mallada," WC="0.77" CC="70604000"/>
						<SP ID="P133_SP00233" HPOS="1123" VPOS="1523" WIDTH="27"/>
						<String ID="P133_ST00263" HPOS="1150" VPOS="1484" WIDTH="22" HEIGHT="27" CONTENT="el" WC="0.63" CC="07"/>
					</TextLine>
					<TextLine ID="P133_TL00030" HPOS="137" VPOS="1529" WIDTH="1035" HEIGHT="38">
						<String ID="P133_ST00264" HPOS="137" VPOS="1532" WIDTH="70" HEIGHT="31" CONTENT="cual," WC="0.77" CC="04060"/>
						<SP ID="P133_SP00234" HPOS="207" VPOS="1563" WIDTH="18"/>
						<String ID="P133_ST00265" HPOS="225" VPOS="1531" WIDTH="108" HEIGHT="28" CONTENT="además" WC="0.66" CC="094005"/>
						<SP ID="P133_SP00235" HPOS="333" VPOS="1563" WIDTH="12"/>
						<String ID="P133_ST00266" HPOS="345" VPOS="1531" WIDTH="32" HEIGHT="27" CONTENT="de" WC="0.76" CC="04"/>
						<SP ID="P133_SP00236" HPOS="377" VPOS="1563" WIDTH="17"/>
						<String ID="P133_ST00267" HPOS="394" VPOS="1539" WIDTH="160" HEIGHT="28" CONTENT="encargarse" WC="0.57" CC="0876790003"/>
						<SP ID="P133_SP00237" HPOS="554" VPOS="1567" WIDTH="14"/>
						<String ID="P133_ST00268" HPOS="568" VPOS="1529" WIDTH="32" HEIGHT="28" CONTENT="de" WC="1.00" CC="00"/>
						<SP ID="P133_SP00238" HPOS="600" VPOS="1567" WIDTH="15"/>
						<String ID="P133_ST00269" HPOS="615" VPOS="1539" WIDTH="31" HEIGHT="18" CONTENT="su" WC="0.44" CC="28"/>
						<SP ID="P133_SP00239" HPOS="646" VPOS="1567" WIDTH="14"/>
						<String ID="P133_ST00270" HPOS="660" VPOS="1530" WIDTH="189" HEIGHT="31" CONTENT="clasificación," WC="0.60" CC="02355270555741"/>
						<SP ID="P133_SP00240" HPOS="849" VPOS="1567" WIDTH="18"/>
						<String ID="P133_ST00271" HPOS="867" VPOS="1529" WIDTH="33" HEIGHT="27" CONTENT="ha" WC="0.63" CC="70"/>
						<SP ID="P133_SP00241" HPOS="900" VPOS="1567" WIDTH="14"/>
						<String ID="P133_ST00272" HPOS="914" VPOS="1529" WIDTH="90" HEIGHT="27" CONTENT="tenido" WC="0.48" CC="878007"/>
						<SP ID="P133_SP00242" HPOS="1004" VPOS="1567" WIDTH="15"/>
						<String ID="P133_ST00273" HPOS="1019" VPOS="1530" WIDTH="23" HEIGHT="26" CONTENT="la" WC="0.72" CC="50"/>
						<SP ID="P133_SP00243" HPOS="1042" VPOS="1567" WIDTH="16"/>
						<String ID="P133_ST00274" HPOS="1058" VPOS="1530" WIDTH="114" HEIGHT="36" CONTENT="compla" SUBS_TYPE="HypPart1" SUBS_CONTENT="complacencia" WC="0.68" CC="2706500"/>
						<HYP CONTENT="-"/>
					</TextLine>
					<TextLine ID="P133_TL00031" HPOS="137" VPOS="1575" WIDTH="1035" HEIGHT="37">
						<String ID="P133_ST00275" HPOS="137" VPOS="1578" WIDTH="93" HEIGHT="28" CONTENT="cencia" SUBS_TYPE="HypPart2" SUBS_CONTENT="complacencia" WC="0.75" CC="106600"/>
						<SP ID="P133_SP00244" HPOS="230" VPOS="1606" WIDTH="11"/>
						<String ID="P133_ST00276" HPOS="241" VPOS="1578" WIDTH="32" HEIGHT="27" CONTENT="de" WC="0.63" CC="07"/>
						<SP ID="P133_SP00245" HPOS="273" VPOS="1606" WIDTH="14"/>
						<String ID="P133_ST00277" HPOS="287" VPOS="1578" WIDTH="99" HEIGHT="27" CONTENT="darnos" WC="0.46" CC="097760"/>
						<SP ID="P133_SP00246" HPOS="386" VPOS="1606" WIDTH="15"/>
						<String ID="P133_ST00278" HPOS="401" VPOS="1577" WIDTH="24" HEIGHT="27" CONTENT="la" WC="0.63" CC="70"/>
						<SP ID="P133_SP00247" HPOS="425" VPOS="1606" WIDTH="16"/>
						<String ID="P133_ST00279" HPOS="441" VPOS="1580" WIDTH="62" HEIGHT="24" CONTENT="nota" WC="0.45" CC="6662"/>
						<SP ID="P133_SP00248" HPOS="503" VPOS="1606" WIDTH="13"/>
						<String ID="P133_ST00280" HPOS="516" VPOS="1585" WIDTH="51" HEIGHT="27" CONTENT="que" WC="0.47" CC="087"/>
						<SP ID="P133_SP00249" HPOS="567" VPOS="1612" WIDTH="16"/>
						<String ID="P133_ST00281" HPOS="583" VPOS="1584" WIDTH="90" HEIGHT="21" CONTENT="vamos" WC="0.72" CC="30422"/>
						<SP ID="P133_SP00250" HPOS="673" VPOS="1612" WIDTH="15"/>
						<String ID="P133_ST00282" HPOS="688" VPOS="1578" WIDTH="14" HEIGHT="26" CONTENT="á" WC="1.00" CC="0"/>
						<SP ID="P133_SP00251" HPOS="702" VPOS="1612" WIDTH="14"/>
						<String ID="P133_ST00283" HPOS="716" VPOS="1577" WIDTH="118" HEIGHT="27" CONTENT="insertar" WC="0.56" CC="45509800"/>
						<SP ID="P133_SP00252" HPOS="834" VPOS="1612" WIDTH="11"/>
						<String ID="P133_ST00284" HPOS="845" VPOS="1575" WIDTH="203" HEIGHT="37" CONTENT="íntegramente," WC="0.54" CC="8700942063872"/>
						<SP ID="P133_SP00253" HPOS="1048" VPOS="1612" WIDTH="14"/>
						<String ID="P133_ST00285" HPOS="1062" VPOS="1576" WIDTH="110" HEIGHT="28" CONTENT="honran" SUBS_TYPE="HypPart1" SUBS_CONTENT="honrando" WC="0.52" CC="7746061"/>
						<HYP CONTENT="-"/>
					</TextLine>
					<TextLine ID="P133_TL00032" HPOS="136" VPOS="1622" WIDTH="1036" HEIGHT="38">
						<String ID="P133_ST00286" HPOS="136" VPOS="1626" WIDTH="33" HEIGHT="26" CONTENT="do" SUBS_TYPE="HypPart2" SUBS_CONTENT="honrando" WC="0.66" CC="06"/>
						<SP ID="P133_SP00254" HPOS="169" VPOS="1652" WIDTH="15"/>
						<String ID="P133_ST00287" HPOS="184" VPOS="1634" WIDTH="49" HEIGHT="18" CONTENT="con" WC="0.33" CC="648"/>
						<SP ID="P133_SP00255" HPOS="233" VPOS="1652" WIDTH="26"/>
						<String ID="P133_ST00288" HPOS="259" VPOS="1624" WIDTH="51" HEIGHT="28" CONTENT="ella" WC="0.64" CC="0750"/>
						<SP ID="P133_SP00256" HPOS="310" VPOS="1652" WIDTH="15"/>
						<String ID="P133_ST00289" HPOS="325" VPOS="1627" WIDTH="55" HEIGHT="24" CONTENT="este" WC="0.37" CC="6782"/>
						<SP ID="P133_SP00257" HPOS="380" VPOS="1652" WIDTH="21"/>
						<String ID="P133_ST00290" HPOS="401" VPOS="1623" WIDTH="114" HEIGHT="36" CONTENT="trabajo;" WC="0.59" CC="07077270"/>
						<SP ID="P133_SP00258" HPOS="515" VPOS="1659" WIDTH="22"/>
						<String ID="P133_ST00291" HPOS="537" VPOS="1632" WIDTH="64" HEIGHT="28" CONTENT="pero" WC="1.00" CC="0000"/>
						<SP ID="P133_SP00259" HPOS="601" VPOS="1660" WIDTH="15"/>
						<String ID="P133_ST00292" HPOS="616" VPOS="1622" WIDTH="217" HEIGHT="29" CONTENT="advirtiéndonos" WC="0.63" CC="00504437700539"/>
						<SP ID="P133_SP00260" HPOS="833" VPOS="1660" WIDTH="19"/>
						<String ID="P133_ST00293" HPOS="852" VPOS="1627" WIDTH="74" HEIGHT="23" CONTENT="antes" WC="0.51" CC="06566"/>
						<SP ID="P133_SP00261" HPOS="926" VPOS="1660" WIDTH="18"/>
						<String ID="P133_ST00294" HPOS="944" VPOS="1632" WIDTH="51" HEIGHT="27" CONTENT="que" WC="0.43" CC="907"/>
						<SP ID="P133_SP00262" HPOS="995" VPOS="1660" WIDTH="23"/>
						<String ID="P133_ST00295" HPOS="1018" VPOS="1622" WIDTH="110" HEIGHT="28" CONTENT="muchas" WC="0.66" CC="060670"/>
						<SP ID="P133_SP00263" HPOS="1128" VPOS="1660" WIDTH="14"/>
						<String ID="P133_ST00296" HPOS="1142" VPOS="1622" WIDTH="30" HEIGHT="27" CONTENT="de" WC="0.67" CC="06"/>
					</TextLine>
					<TextLine ID="P133_TL00033" HPOS="136" VPOS="1668" WIDTH="1036" HEIGHT="40">
						<String ID="P133_ST00297" HPOS="136" VPOS="1672" WIDTH="38" HEIGHT="27" CONTENT="las" WC="0.60" CC="056"/>
						<SP ID="P133_SP00264" HPOS="174" VPOS="1699" WIDTH="15"/>
						<String ID="P133_ST00298" HPOS="189" VPOS="1671" WIDTH="118" HEIGHT="37" CONTENT="especies" WC="0.71" CC="05082402"/>
						<SP ID="P133_SP00265" HPOS="307" VPOS="1708" WIDTH="14"/>
						<String ID="P133_ST00299" HPOS="321" VPOS="1679" WIDTH="52" HEIGHT="27" CONTENT="que" WC="0.55" CC="075"/>
						<SP ID="P133_SP00266" HPOS="373" VPOS="1708" WIDTH="18"/>
						<String ID="P133_ST00300" HPOS="391" VPOS="1678" WIDTH="32" HEIGHT="18" CONTENT="en" WC="0.20" CC="78"/>
						<SP ID="P133_SP00267" HPOS="423" VPOS="1708" WIDTH="21"/>
						<String ID="P133_ST00301" HPOS="444" VPOS="1669" WIDTH="50" HEIGHT="27" CONTENT="ella" WC="0.33" CC="5559"/>
						<SP ID="P133_SP00268" HPOS="494" VPOS="1708" WIDTH="16"/>
						<String ID="P133_ST00302" HPOS="510" VPOS="1669" WIDTH="103" HEIGHT="36" CONTENT="figuran" WC="0.66" CC="0007708"/>
						<SP ID="P133_SP00269" HPOS="613" VPOS="1708" WIDTH="20"/>
						<String ID="P133_ST00303" HPOS="633" VPOS="1668" WIDTH="51" HEIGHT="28" CONTENT="han" WC="0.61" CC="730"/>
						<SP ID="P133_SP00270" HPOS="684" VPOS="1708" WIDTH="21"/>
						<String ID="P133_ST00304" HPOS="705" VPOS="1668" WIDTH="57" HEIGHT="28" CONTENT="sido" WC="0.59" CC="6404"/>
						<SP ID="P133_SP00271" HPOS="762" VPOS="1708" WIDTH="19"/>
						<String ID="P133_ST00305" HPOS="781" VPOS="1668" WIDTH="198" HEIGHT="29" CONTENT="determinadas" WC="0.61" CC="044240486090"/>
						<SP ID="P133_SP00272" HPOS="979" VPOS="1708" WIDTH="18"/>
						<String ID="P133_ST00306" HPOS="997" VPOS="1677" WIDTH="46" HEIGHT="28" CONTENT="por" WC="0.41" CC="907"/>
						<SP ID="P133_SP00273" HPOS="1043" VPOS="1708" WIDTH="20"/>
						<String ID="P133_ST00307" HPOS="1063" VPOS="1669" WIDTH="22" HEIGHT="26" CONTENT="el" WC="0.51" CC="27"/>
						<SP ID="P133_SP00274" HPOS="1085" VPOS="1708" WIDTH="16"/>
						<String ID="P133_ST00308" HPOS="1101" VPOS="1668" WIDTH="71" HEIGHT="27" CONTENT="sabio" WC="0.49" CC="51727"/>
					</TextLine>
					<TextLine ID="P133_TL00034" HPOS="135" VPOS="1716" WIDTH="539" HEIGHT="33">
						<String ID="P133_ST00309" HPOS="135" VPOS="1716" WIDTH="209" HEIGHT="33" CONTENT="conchiologista" WC="0.71" CC="14513401043054"/>
						<SP ID="P133_SP00275" HPOS="344" VPOS="1749" WIDTH="13"/>
						<String ID="P133_ST00310" HPOS="357" VPOS="1716" WIDTH="41" HEIGHT="27" CONTENT="Sr." WC="0.77" CC="060"/>
						<SP ID="P133_SP00276" HPOS="398" VPOS="1749" WIDTH="15"/>
						<String ID="P133_ST00311" HPOS="413" VPOS="1716" WIDTH="128" HEIGHT="27" CONTENT="González" WC="0.61" CC="76260106"/>
						<SP ID="P133_SP00277" HPOS="541" VPOS="1749" WIDTH="11"/>
						<String ID="P133_ST00312" HPOS="552" VPOS="1716" WIDTH="122" HEIGHT="33" CONTENT="Hidalgo." WC="0.30" CC="87957970"/>
					</TextLine>
				</TextBlock>
				<TextBlock ID="P133_TB00011" HPOS="135" VPOS="1760" WIDTH="1037" HEIGHT="175" STYLEREFS="TXT_0 PAR_LEFT">
					<TextLine ID="P133_TL00035" HPOS="177" VPOS="1760" WIDTH="995" HEIGHT="39">
						<String ID="P133_ST00313" HPOS="177" VPOS="1764" WIDTH="36" HEIGHT="27" CONTENT="«A" WC="0.69" CC="60"/>
						<SP ID="P133_SP00278" HPOS="213" VPOS="1791" WIDTH="7"/>
						<String ID="P133_ST00314" HPOS="220" VPOS="1763" WIDTH="96" HEIGHT="36" CONTENT="juzgar" WC="0.64" CC="076006"/>
						<SP ID="P133_SP00279" HPOS="316" VPOS="1799" WIDTH="13"/>
						<String ID="P133_ST00315" HPOS="329" VPOS="1771" WIDTH="50" HEIGHT="28" CONTENT="por" WC="0.79" CC="005"/>
						<SP ID="P133_SP00280" HPOS="379" VPOS="1799" WIDTH="14"/>
						<String ID="P133_ST00316" HPOS="393" VPOS="1762" WIDTH="40" HEIGHT="26" CONTENT="los" WC="0.62" CC="163"/>
						<SP ID="P133_SP00281" HPOS="433" VPOS="1799" WIDTH="12"/>
						<String ID="P133_ST00317" HPOS="445" VPOS="1760" WIDTH="90" HEIGHT="28" CONTENT="fósiles" WC="0.65" CC="0705260"/>
						<SP ID="P133_SP00282" HPOS="535" VPOS="1799" WIDTH="15"/>
						<String ID="P133_ST00318" HPOS="550" VPOS="1761" WIDTH="143" HEIGHT="27" CONTENT="remitidos" WC="0.65" CC="000770079"/>
						<SP ID="P133_SP00283" HPOS="693" VPOS="1799" WIDTH="13"/>
						<String ID="P133_ST00319" HPOS="706" VPOS="1761" WIDTH="32" HEIGHT="27" CONTENT="de" WC="1.00" CC="00"/>
						<SP ID="P133_SP00284" HPOS="738" VPOS="1799" WIDTH="15"/>
						<String ID="P133_ST00320" HPOS="753" VPOS="1761" WIDTH="24" HEIGHT="27" CONTENT="la" WC="0.78" CC="04"/>
						<SP ID="P133_SP00285" HPOS="777" VPOS="1799" WIDTH="12"/>
						<String ID="P133_ST00321" HPOS="789" VPOS="1761" WIDTH="50" HEIGHT="27" CONTENT="Isla" WC="0.78" CC="6020"/>
						<SP ID="P133_SP00286" HPOS="839" VPOS="1799" WIDTH="15"/>
						<String ID="P133_ST00322" HPOS="854" VPOS="1760" WIDTH="31" HEIGHT="28" CONTENT="de" WC="0.63" CC="07"/>
						<SP ID="P133_SP00287" HPOS="885" VPOS="1799" WIDTH="15"/>
						<String ID="P133_ST00323" HPOS="900" VPOS="1761" WIDTH="85" HEIGHT="30" CONTENT="Cubil," WC="0.48" CC="576702"/>
						<SP ID="P133_SP00288" HPOS="985" VPOS="1799" WIDTH="15"/>
						<String ID="P133_ST00324" HPOS="1000" VPOS="1761" WIDTH="38" HEIGHT="27" CONTENT="los" WC="0.75" CC="105"/>
						<SP ID="P133_SP00289" HPOS="1038" VPOS="1799" WIDTH="15"/>
						<String ID="P133_ST00325" HPOS="1053" VPOS="1764" WIDTH="119" HEIGHT="24" CONTENT="terrenos" WC="0.59" CC="40525770"/>
					</TextLine>
					<TextLine ID="P133_TL00036" HPOS="138" VPOS="1806" WIDTH="1034" HEIGHT="42">
						<String ID="P133_ST00326" HPOS="138" VPOS="1812" WIDTH="26" HEIGHT="25" CONTENT="»á" WC="0.39" CC="29"/>
						<SP ID="P133_SP00290" HPOS="164" VPOS="1837" WIDTH="16"/>
						<String ID="P133_ST00327" HPOS="180" VPOS="1818" WIDTH="53" HEIGHT="30" CONTENT="que" WC="0.77" CC="060"/>
						<SP ID="P133_SP00291" HPOS="233" VPOS="1848" WIDTH="9"/>
						<String ID="P133_ST00328" HPOS="242" VPOS="1812" WIDTH="161" HEIGHT="35" CONTENT="pertenecen" WC="0.68" CC="9044060006"/>
						<SP ID="P133_SP00292" HPOS="403" VPOS="1848" WIDTH="15"/>
						<String ID="P133_ST00329" HPOS="418" VPOS="1816" WIDTH="47" HEIGHT="19" CONTENT="son" WC="0.33" CC="378"/>
						<SP ID="P133_SP00293" HPOS="465" VPOS="1848" WIDTH="13"/>
						<String ID="P133_ST00330" HPOS="478" VPOS="1807" WIDTH="123" HEIGHT="28" CONTENT="bastante" WC="0.36" CC="74069877"/>
						<SP ID="P133_SP00294" HPOS="601" VPOS="1848" WIDTH="15"/>
						<String ID="P133_ST00331" HPOS="616" VPOS="1807" WIDTH="153" HEIGHT="31" CONTENT="modernos," WC="0.54" CC="960478130"/>
						<SP ID="P133_SP00295" HPOS="769" VPOS="1848" WIDTH="17"/>
						<String ID="P133_ST00332" HPOS="786" VPOS="1807" WIDTH="217" HEIGHT="36" CONTENT="probablemente" WC="0.61" CC="0047070106877"/>
						<SP ID="P133_SP00296" HPOS="1003" VPOS="1848" WIDTH="12"/>
						<String ID="P133_ST00333" HPOS="1015" VPOS="1806" WIDTH="157" HEIGHT="37" CONTENT="postplioce" SUBS_TYPE="HypPart1" SUBS_CONTENT="postplioce»nos," WC="0.78" CC="00030607060"/>
						<HYP CONTENT="-"/>
					</TextLine>
					<TextLine ID="P133_TL00037" HPOS="137" VPOS="1852" WIDTH="1035" HEIGHT="41">
						<String ID="P133_ST00334" HPOS="137" VPOS="1866" WIDTH="73" HEIGHT="23" CONTENT="»nos," SUBS_TYPE="HypPart2" SUBS_CONTENT="postplioce»nos," WC="0.70" CC="37300"/>
						<SP ID="P133_SP00297" HPOS="210" VPOS="1889" WIDTH="17"/>
						<String ID="P133_ST00335" HPOS="227" VPOS="1865" WIDTH="65" HEIGHT="28" CONTENT="pues" WC="0.47" CC="0875"/>
						<SP ID="P133_SP00298" HPOS="292" VPOS="1893" WIDTH="15"/>
						<String ID="P133_ST00336" HPOS="307" VPOS="1855" WIDTH="39" HEIGHT="27" CONTENT="las" WC="0.82" CC="202"/>
						<SP ID="P133_SP00299" HPOS="346" VPOS="1893" WIDTH="15"/>
						<String ID="P133_ST00337" HPOS="361" VPOS="1854" WIDTH="117" HEIGHT="36" CONTENT="especies" WC="0.70" CC="30077500"/>
						<SP ID="P133_SP00300" HPOS="478" VPOS="1893" WIDTH="15"/>
						<String ID="P133_ST00338" HPOS="493" VPOS="1862" WIDTH="51" HEIGHT="28" CONTENT="que" WC="0.76" CC="070"/>
						<SP ID="P133_SP00301" HPOS="544" VPOS="1893" WIDTH="15"/>
						<String ID="P133_ST00339" HPOS="559" VPOS="1863" WIDTH="49" HEIGHT="27" CONTENT="por" WC="0.54" CC="067"/>
						<SP ID="P133_SP00302" HPOS="608" VPOS="1893" WIDTH="14"/>
						<String ID="P133_ST00340" HPOS="622" VPOS="1854" WIDTH="23" HEIGHT="27" CONTENT="el" WC="0.45" CC="46"/>
						<SP ID="P133_SP00303" HPOS="645" VPOS="1893" WIDTH="15"/>
						<String ID="P133_ST00341" HPOS="660" VPOS="1853" WIDTH="92" HEIGHT="28" CONTENT="estado" WC="0.59" CC="506604"/>
						<SP ID="P133_SP00304" HPOS="752" VPOS="1893" WIDTH="9"/>
						<String ID="P133_ST00342" HPOS="761" VPOS="1853" WIDTH="32" HEIGHT="28" CONTENT="de" WC="0.83" CC="03"/>
						<SP ID="P133_SP00305" HPOS="793" VPOS="1893" WIDTH="11"/>
						<String ID="P133_ST00343" HPOS="804" VPOS="1854" WIDTH="189" HEIGHT="27" CONTENT="conservación" WC="0.40" CC="775176580578"/>
						<SP ID="P133_SP00306" HPOS="993" VPOS="1893" WIDTH="17"/>
						<String ID="P133_ST00344" HPOS="1010" VPOS="1852" WIDTH="52" HEIGHT="27" CONTENT="han" WC="0.28" CC="758"/>
						<SP ID="P133_SP00307" HPOS="1062" VPOS="1893" WIDTH="16"/>
						<String ID="P133_ST00345" HPOS="1078" VPOS="1852" WIDTH="94" HEIGHT="35" CONTENT="podido" WC="0.46" CC="979400"/>
					</TextLine>
					<TextLine ID="P133_TL00038" HPOS="136" VPOS="1898" WIDTH="860" HEIGHT="37">
						<String ID="P133_ST00346" HPOS="136" VPOS="1904" WIDTH="213" HEIGHT="27" CONTENT="«determinarse" WC="0.57" CC="7067570380062"/>
						<SP ID="P133_SP00308" HPOS="349" VPOS="1931" WIDTH="13"/>
						<String ID="P133_ST00347" HPOS="362" VPOS="1900" WIDTH="199" HEIGHT="35" CONTENT="corresponden" WC="0.56" CC="207570077068"/>
						<SP ID="P133_SP00309" HPOS="561" VPOS="1935" WIDTH="16"/>
						<String ID="P133_ST00348" HPOS="577" VPOS="1901" WIDTH="14" HEIGHT="26" CONTENT="á" WC="1.00" CC="0"/>
						<SP ID="P133_SP00310" HPOS="591" VPOS="1935" WIDTH="16"/>
						<String ID="P133_ST00349" HPOS="607" VPOS="1900" WIDTH="119" HEIGHT="35" CONTENT="especies" WC="0.52" CC="61907570"/>
						<SP ID="P133_SP00311" HPOS="726" VPOS="1935" WIDTH="15"/>
						<String ID="P133_ST00350" HPOS="741" VPOS="1898" WIDTH="102" HEIGHT="29" CONTENT="todavía" WC="0.46" CC="8098045"/>
						<SP ID="P133_SP00312" HPOS="843" VPOS="1935" WIDTH="16"/>
						<String ID="P133_ST00351" HPOS="859" VPOS="1899" WIDTH="137" HEIGHT="27" CONTENT="vivientes." WC="0.67" CC="8001470360"/>
					</TextLine>
				</TextBlock>
				<TextBlock ID="P133_TB00012" HPOS="135" VPOS="1943" WIDTH="1035" HEIGHT="89" STYLEREFS="TXT_0 PAR_LEFT">
					<TextLine ID="P133_TL00039" HPOS="174" VPOS="1945" WIDTH="996" HEIGHT="39">
						<String ID="P133_ST00352" HPOS="174" VPOS="1949" WIDTH="54" HEIGHT="29" CONTENT="»En" WC="0.70" CC="008"/>
						<SP ID="P133_SP00313" HPOS="228" VPOS="1978" WIDTH="15"/>
						<String ID="P133_ST00353" HPOS="243" VPOS="1959" WIDTH="32" HEIGHT="18" CONTENT="su" WC="0.57" CC="08"/>
						<SP ID="P133_SP00314" HPOS="275" VPOS="1978" WIDTH="16"/>
						<String ID="P133_ST00354" HPOS="291" VPOS="1948" WIDTH="123" HEIGHT="27" CONTENT="inmensa" WC="0.50" CC="4705709"/>
						<SP ID="P133_SP00315" HPOS="414" VPOS="1978" WIDTH="12"/>
						<String ID="P133_ST00355" HPOS="426" VPOS="1946" WIDTH="120" HEIGHT="38" CONTENT="mayoría" WC="0.54" CC="0097770"/>
						<SP ID="P133_SP00316" HPOS="546" VPOS="1984" WIDTH="17"/>
						<String ID="P133_ST00356" HPOS="563" VPOS="1950" WIDTH="159" HEIGHT="32" CONTENT="pertenecen" WC="0.62" CC="0007087707"/>
						<SP ID="P133_SP00317" HPOS="722" VPOS="1984" WIDTH="16"/>
						<String ID="P133_ST00357" HPOS="738" VPOS="1947" WIDTH="15" HEIGHT="26" CONTENT="á" WC="1.00" CC="0"/>
						<SP ID="P133_SP00318" HPOS="753" VPOS="1984" WIDTH="12"/>
						<String ID="P133_ST00358" HPOS="765" VPOS="1946" WIDTH="39" HEIGHT="27" CONTENT="las" WC="0.39" CC="556"/>
						<SP ID="P133_SP00319" HPOS="804" VPOS="1984" WIDTH="11"/>
						<String ID="P133_ST00359" HPOS="815" VPOS="1946" WIDTH="84" HEIGHT="27" CONTENT="clases" WC="0.72" CC="060405"/>
						<SP ID="P133_SP00320" HPOS="899" VPOS="1984" WIDTH="13"/>
						<String ID="P133_ST00360" HPOS="912" VPOS="1945" WIDTH="31" HEIGHT="27" CONTENT="de" WC="0.66" CC="06"/>
						<SP ID="P133_SP00321" HPOS="943" VPOS="1984" WIDTH="19"/>
						<String ID="P133_ST00361" HPOS="962" VPOS="1945" WIDTH="38" HEIGHT="27" CONTENT="los" WC="0.43" CC="564"/>
						<SP ID="P133_SP00322" HPOS="1000" VPOS="1984" WIDTH="15"/>
						<String ID="P133_ST00362" HPOS="1015" VPOS="1945" WIDTH="155" HEIGHT="36" CONTENT="gaslerópo" SUBS_TYPE="HypPart1" SUBS_CONTENT="gaslerópo»dos" WC="0.63" CC="0041346095"/>
						<HYP CONTENT="-"/>
					</TextLine>
					<TextLine ID="P133_TL00040" HPOS="136" VPOS="1988" WIDTH="1032" HEIGHT="44">
						<String ID="P133_ST00363" HPOS="136" VPOS="1997" WIDTH="63" HEIGHT="27" CONTENT="»dos" SUBS_TYPE="HypPart2" SUBS_CONTENT="gaslerópo»dos" WC="0.53" CC="6075"/>
						<SP ID="P133_SP00323" HPOS="199" VPOS="2024" WIDTH="21"/>
						<String ID="P133_ST00364" HPOS="220" VPOS="2005" WIDTH="15" HEIGHT="27" CONTENT="y" WC="1.00" CC="0"/>
						<SP ID="P133_SP00324" HPOS="235" VPOS="2032" WIDTH="23"/>
						<String ID="P133_ST00365" HPOS="258" VPOS="1993" WIDTH="248" HEIGHT="37" CONTENT="lamelibranquios;" WC="0.47" CC="6996158608085800"/>
						<SP ID="P133_SP00325" HPOS="506" VPOS="2032" WIDTH="23"/>
						<String ID="P133_ST00366" HPOS="529" VPOS="1992" WIDTH="53" HEIGHT="37" CONTENT="hay" WC="0.62" CC="730"/>
						<SP ID="P133_SP00326" HPOS="582" VPOS="2032" WIDTH="18"/>
						<String ID="P133_ST00367" HPOS="600" VPOS="1992" WIDTH="47" HEIGHT="27" CONTENT="dos" WC="1.00" CC="000"/>
						<SP ID="P133_SP00327" HPOS="647" VPOS="2032" WIDTH="21"/>
						<String ID="P133_ST00368" HPOS="668" VPOS="1992" WIDTH="119" HEIGHT="36" CONTENT="especies" WC="0.92" CC="00000060"/>
						<SP ID="P133_SP00328" HPOS="787" VPOS="2032" WIDTH="19"/>
						<String ID="P133_ST00369" HPOS="806" VPOS="1992" WIDTH="41" HEIGHT="27" CONTENT="del" WC="0.73" CC="016"/>
						<SP ID="P133_SP00329" HPOS="847" VPOS="2032" WIDTH="22"/>
						<String ID="P133_ST00370" HPOS="869" VPOS="1992" WIDTH="97" HEIGHT="36" CONTENT="género" WC="0.56" CC="076272"/>
						<SP ID="P133_SP00330" HPOS="966" VPOS="2032" WIDTH="24"/>
						<String ID="P133_ST00371" HPOS="990" VPOS="1988" WIDTH="178" HEIGHT="34" CONTENT="Terebratula," WC="0.86" CC="000000014181"/>
					</TextLine>
				</TextBlock>
			</PrintSpace>
		</Page>
	</Layout>
</alto>
