<?xml version="1.0" encoding="UTF-8"?>
<alto xmlns:xsi="http://www.w3.org/2001/XMLSchema-instance" xsi:noNamespaceSchemaLocation="http://www.bl.uk/schemas/alto/alto-1-4.xsd" xmlns:xlink="http://www.w3.org/1999/xlink">
	<Description>
		<MeasurementUnit>mm10</MeasurementUnit>
		<sourceImageInformation>
			<fileName>//head1/IN/2008-38/A0012069182/010245.jp2</fileName>
		</sourceImageInformation>
		<OCRProcessing ID="OCRPROCESSING_1">
			<preProcessingStep>
				<processingSoftware>
					<softwareCreator>CCS Content Conversion Specialists GmbH, Germany</softwareCreator>
					<softwareName>CCS docWORKS</softwareName>
					<softwareVersion>6.1-0.67</softwareVersion>
				</processingSoftware>
			</preProcessingStep>
			<ocrProcessingStep>
				<processingSoftware>
					<softwareCreator>ABBYY (BIT Software), Russia</softwareCreator>
					<softwareName>Finereader</softwareName>
				</processingSoftware>
			</ocrProcessingStep>
		</OCRProcessing>
	</Description>
	<Styles>
		<TextStyle ID="TXT_0" FONTSIZE="9" FONTFAMILY="Courier New"/>
		<TextStyle ID="TXT_1" FONTSIZE="11" FONTFAMILY="Courier New"/>
		<ParagraphStyle ID="PAR_LEFT" ALIGN="Left"/>
		<ParagraphStyle ID="PAR_RIGHT" ALIGN="Right"/>
		<ParagraphStyle ID="PAR_CENTER" ALIGN="Center"/>
	</Styles>
	<Layout>
		<Page ID="P155" PHYSICAL_IMG_NR="155" HEIGHT="2363" WIDTH="1475" PRINTED_IMG_NR="147" POSITION="Right" ACCURACY="64.38">
			<TopMargin ID="P155_TM00001" HPOS="0" VPOS="0" WIDTH="1474" HEIGHT="225">
				<TextBlock ID="P155_TB00001" HPOS="588" VPOS="201" WIDTH="176" HEIGHT="21" STYLEREFS="TXT_0 PAR_LEFT">
					<TextLine ID="P155_TL00001" HPOS="589" VPOS="202" WIDTH="175" HEIGHT="20">
						<String ID="P155_ST00001" HPOS="589" VPOS="206" WIDTH="53" HEIGHT="16" CONTENT="ISLA" WC="0.66" CC="0606"/>
						<SP ID="P155_SP00001" HPOS="642" VPOS="222" WIDTH="15"/>
						<String ID="P155_ST00002" HPOS="657" VPOS="207" WIDTH="29" HEIGHT="15" CONTENT="DE" WC="0.51" CC="27"/>
						<SP ID="P155_SP00002" HPOS="686" VPOS="222" WIDTH="18"/>
						<String ID="P155_ST00003" HPOS="704" VPOS="202" WIDTH="60" HEIGHT="20" CONTENT="CEBÚ" WC="0.60" CC="7115"/>
						<SP ID="P155_SP00003" HPOS="764" VPOS="222" WIDTH="0"/>
					</TextLine>
				</TextBlock>
				<TextBlock ID="P155_TB00002" HPOS="1117" VPOS="203" WIDTH="39" HEIGHT="20" STYLEREFS="TXT_1 PAR_RIGHT">
					<TextLine ID="P155_TL00002" HPOS="1117" VPOS="203" WIDTH="39" HEIGHT="20">
						<String ID="P155_ST00004" HPOS="1117" VPOS="203" WIDTH="39" HEIGHT="20" CONTENT="147" WC="1.00" CC="000"/>
					</TextLine>
				</TextBlock>
			</TopMargin>
			<LeftMargin ID="P155_LM00001" HPOS="0" VPOS="225" WIDTH="161" HEIGHT="1950"/>
			<RightMargin ID="P155_RM00001" HPOS="1190" VPOS="225" WIDTH="284" HEIGHT="1950"/>
			<BottomMargin ID="P155_BM00001" HPOS="0" VPOS="2175" WIDTH="1474" HEIGHT="188"/>
			<PrintSpace ID="P155_PS00001" HPOS="161" VPOS="225" WIDTH="1030" HEIGHT="1950">
				<TextBlock ID="P155_TB00003" HPOS="161" VPOS="246" WIDTH="1026" HEIGHT="444" STYLEREFS="TXT_0 PAR_LEFT">
					<TextLine ID="P155_TL00003" HPOS="162" VPOS="246" WIDTH="1025" HEIGHT="38">
						<String ID="P155_ST00005" HPOS="162" VPOS="246" WIDTH="145" HEIGHT="38" CONTENT="ensayados" WC="0.59" CC="286309033"/>
						<SP ID="P155_SP00004" HPOS="307" VPOS="284" WIDTH="18"/>
						<String ID="P155_ST00006" HPOS="325" VPOS="255" WIDTH="48" HEIGHT="29" CONTENT="por" WC="0.74" CC="006"/>
						<SP ID="P155_SP00005" HPOS="373" VPOS="284" WIDTH="13"/>
						<String ID="P155_ST00007" HPOS="386" VPOS="247" WIDTH="24" HEIGHT="27" CONTENT="el" WC="0.26" CC="77"/>
						<SP ID="P155_SP00006" HPOS="410" VPOS="284" WIDTH="20"/>
						<String ID="P155_ST00008" HPOS="430" VPOS="246" WIDTH="42" HEIGHT="28" CONTENT="Sr." WC="0.60" CC="650"/>
						<SP ID="P155_SP00007" HPOS="472" VPOS="284" WIDTH="17"/>
						<String ID="P155_ST00009" HPOS="489" VPOS="247" WIDTH="126" HEIGHT="32" CONTENT="Centeno," WC="0.56" CC="90750731"/>
						<SP ID="P155_SP00008" HPOS="615" VPOS="284" WIDTH="17"/>
						<String ID="P155_ST00010" HPOS="632" VPOS="246" WIDTH="92" HEIGHT="28" CONTENT="dieron" WC="0.61" CC="002568"/>
						<SP ID="P155_SP00009" HPOS="724" VPOS="284" WIDTH="19"/>
						<String ID="P155_ST00011" HPOS="743" VPOS="255" WIDTH="34" HEIGHT="20" CONTENT="un" WC="0.78" CC="40"/>
						<SP ID="P155_SP00010" HPOS="777" VPOS="284" WIDTH="19"/>
						<String ID="P155_ST00012" HPOS="796" VPOS="248" WIDTH="135" HEIGHT="27" CONTENT="resultado" WC="0.61" CC="066626600"/>
						<SP ID="P155_SP00011" HPOS="931" VPOS="284" WIDTH="20"/>
						<String ID="P155_ST00013" HPOS="951" VPOS="248" WIDTH="236" HEIGHT="29" CONTENT="verdaderamente" WC="0.79" CC="00400036010750"/>
					</TextLine>
					<TextLine ID="P155_TL00004" HPOS="163" VPOS="293" WIDTH="1024" HEIGHT="38">
						<String ID="P155_ST00014" HPOS="163" VPOS="293" WIDTH="213" HEIGHT="28" CONTENT="extraordinario" WC="0.75" CC="05602400060062"/>
						<SP ID="P155_SP00012" HPOS="376" VPOS="321" WIDTH="14"/>
						<String ID="P155_ST00015" HPOS="390" VPOS="301" WIDTH="48" HEIGHT="29" CONTENT="por" WC="0.64" CC="055"/>
						<SP ID="P155_SP00013" HPOS="438" VPOS="330" WIDTH="14"/>
						<String ID="P155_ST00016" HPOS="452" VPOS="301" WIDTH="31" HEIGHT="19" CONTENT="su" WC="0.77" CC="04"/>
						<SP ID="P155_SP00014" HPOS="483" VPOS="330" WIDTH="20"/>
						<String ID="P155_ST00017" HPOS="503" VPOS="293" WIDTH="118" HEIGHT="35" CONTENT="riqueza," WC="0.60" CC="10087670"/>
						<SP ID="P155_SP00015" HPOS="621" VPOS="330" WIDTH="17"/>
						<String ID="P155_ST00018" HPOS="638" VPOS="293" WIDTH="132" HEIGHT="27" CONTENT="acusando" WC="0.71" CC="00724800"/>
						<SP ID="P155_SP00016" HPOS="770" VPOS="330" WIDTH="16"/>
						<String ID="P155_ST00019" HPOS="786" VPOS="293" WIDTH="35" HEIGHT="28" CONTENT="47" WC="0.23" CC="96"/>
						<SP ID="P155_SP00017" HPOS="821" VPOS="330" WIDTH="20"/>
						<String ID="P155_ST00020" HPOS="841" VPOS="302" WIDTH="48" HEIGHT="28" CONTENT="por" WC="0.87" CC="003"/>
						<SP ID="P155_SP00018" HPOS="889" VPOS="330" WIDTH="19"/>
						<String ID="P155_ST00021" HPOS="908" VPOS="293" WIDTH="51" HEIGHT="28" CONTENT="100" WC="0.33" CC="666"/>
						<SP ID="P155_SP00019" HPOS="959" VPOS="330" WIDTH="16"/>
						<String ID="P155_ST00022" HPOS="975" VPOS="294" WIDTH="31" HEIGHT="27" CONTENT="de" WC="0.63" CC="07"/>
						<SP ID="P155_SP00020" HPOS="1006" VPOS="330" WIDTH="21"/>
						<String ID="P155_ST00023" HPOS="1027" VPOS="295" WIDTH="96" HEIGHT="36" CONTENT="plomo," WC="0.84" CC="013004"/>
						<SP ID="P155_SP00021" HPOS="1123" VPOS="331" WIDTH="17"/>
						<String ID="P155_ST00024" HPOS="1140" VPOS="295" WIDTH="47" HEIGHT="28" CONTENT="dos" WC="0.86" CC="021"/>
					</TextLine>
					<TextLine ID="P155_TL00005" HPOS="163" VPOS="338" WIDTH="1024" HEIGHT="39">
						<String ID="P155_ST00025" HPOS="163" VPOS="348" WIDTH="79" HEIGHT="20" CONTENT="onzas" WC="0.39" CC="76536"/>
						<SP ID="P155_SP00022" HPOS="242" VPOS="368" WIDTH="15"/>
						<String ID="P155_ST00026" HPOS="257" VPOS="339" WIDTH="31" HEIGHT="29" CONTENT="de" WC="1.00" CC="00"/>
						<SP ID="P155_SP00023" HPOS="288" VPOS="368" WIDTH="14"/>
						<String ID="P155_ST00027" HPOS="302" VPOS="340" WIDTH="72" HEIGHT="36" CONTENT="plata" WC="0.72" CC="06700"/>
						<SP ID="P155_SP00024" HPOS="374" VPOS="376" WIDTH="12"/>
						<String ID="P155_ST00028" HPOS="386" VPOS="348" WIDTH="15" HEIGHT="28" CONTENT="y" WC="1.00" CC="0"/>
						<SP ID="P155_SP00025" HPOS="401" VPOS="376" WIDTH="17"/>
						<String ID="P155_ST00029" HPOS="418" VPOS="348" WIDTH="50" HEIGHT="18" CONTENT="una" WC="0.48" CC="770"/>
						<SP ID="P155_SP00026" HPOS="468" VPOS="376" WIDTH="13"/>
						<String ID="P155_ST00030" HPOS="481" VPOS="338" WIDTH="31" HEIGHT="27" CONTENT="de" WC="0.67" CC="06"/>
						<SP ID="P155_SP00027" HPOS="512" VPOS="376" WIDTH="15"/>
						<String ID="P155_ST00031" HPOS="527" VPOS="348" WIDTH="46" HEIGHT="17" CONTENT="oro" WC="0.58" CC="245"/>
						<SP ID="P155_SP00028" HPOS="573" VPOS="376" WIDTH="15"/>
						<String ID="P155_ST00032" HPOS="588" VPOS="348" WIDTH="47" HEIGHT="27" CONTENT="por" WC="0.68" CC="053"/>
						<SP ID="P155_SP00029" HPOS="635" VPOS="376" WIDTH="14"/>
						<String ID="P155_ST00033" HPOS="649" VPOS="339" WIDTH="104" HEIGHT="37" CONTENT="quintal" WC="0.32" CC="9867095"/>
						<SP ID="P155_SP00030" HPOS="753" VPOS="376" WIDTH="17"/>
						<String ID="P155_ST00034" HPOS="770" VPOS="339" WIDTH="33" HEIGHT="28" CONTENT="de" WC="1.00" CC="00"/>
						<SP ID="P155_SP00031" HPOS="803" VPOS="376" WIDTH="19"/>
						<String ID="P155_ST00035" HPOS="822" VPOS="340" WIDTH="124" HEIGHT="30" CONTENT="mineral;" WC="0.67" CC="03500933"/>
						<SP ID="P155_SP00032" HPOS="946" VPOS="376" WIDTH="18"/>
						<String ID="P155_ST00036" HPOS="964" VPOS="349" WIDTH="16" HEIGHT="28" CONTENT="y" WC="1.00" CC="0"/>
						<SP ID="P155_SP00033" HPOS="980" VPOS="377" WIDTH="14"/>
						<String ID="P155_ST00037" HPOS="994" VPOS="349" WIDTH="105" HEIGHT="28" CONTENT="aunque" WC="0.39" CC="971934"/>
						<SP ID="P155_SP00034" HPOS="1099" VPOS="377" WIDTH="19"/>
						<String ID="P155_ST00038" HPOS="1118" VPOS="346" WIDTH="69" HEIGHT="23" CONTENT="estas" WC="0.70" CC="30802"/>
					</TextLine>
					<TextLine ID="P155_TL00006" HPOS="164" VPOS="384" WIDTH="1023" HEIGHT="39">
						<String ID="P155_ST00039" HPOS="164" VPOS="386" WIDTH="82" HEIGHT="28" CONTENT="cifras" WC="0.81" CC="002701"/>
						<SP ID="P155_SP00035" HPOS="246" VPOS="414" WIDTH="14"/>
						<String ID="P155_ST00040" HPOS="260" VPOS="394" WIDTH="111" HEIGHT="28" CONTENT="parecen" WC="0.67" CC="0906007"/>
						<SP ID="P155_SP00036" HPOS="371" VPOS="422" WIDTH="15"/>
						<String ID="P155_ST00041" HPOS="386" VPOS="384" WIDTH="137" HEIGHT="37" CONTENT="aconsejar" WC="0.54" CC="906600377"/>
						<SP ID="P155_SP00037" HPOS="523" VPOS="422" WIDTH="15"/>
						<String ID="P155_ST00042" HPOS="538" VPOS="393" WIDTH="98" HEIGHT="19" CONTENT="nuevas" WC="0.65" CC="763011"/>
						<SP ID="P155_SP00038" HPOS="636" VPOS="422" WIDTH="15"/>
						<String ID="P155_ST00043" HPOS="651" VPOS="385" WIDTH="222" HEIGHT="36" CONTENT="investigaciones" WC="0.59" CC="460707095701801"/>
						<SP ID="P155_SP00039" HPOS="873" VPOS="422" WIDTH="11"/>
						<String ID="P155_ST00044" HPOS="884" VPOS="395" WIDTH="31" HEIGHT="18" CONTENT="en" WC="0.29" CC="68"/>
						<SP ID="P155_SP00040" HPOS="915" VPOS="422" WIDTH="12"/>
						<String ID="P155_ST00045" HPOS="927" VPOS="390" WIDTH="71" HEIGHT="23" CONTENT="estos" WC="0.42" CC="77670"/>
						<SP ID="P155_SP00041" HPOS="998" VPOS="422" WIDTH="11"/>
						<String ID="P155_ST00046" HPOS="1009" VPOS="395" WIDTH="16" HEIGHT="28" CONTENT="y" WC="0.93" CC="0"/>
						<SP ID="P155_SP00042" HPOS="1025" VPOS="423" WIDTH="11"/>
						<String ID="P155_ST00047" HPOS="1036" VPOS="391" WIDTH="73" HEIGHT="24" CONTENT="otros" WC="0.60" CC="70560"/>
						<SP ID="P155_SP00043" HPOS="1109" VPOS="423" WIDTH="10"/>
						<String ID="P155_ST00048" HPOS="1119" VPOS="388" WIDTH="68" HEIGHT="27" CONTENT="cria" SUBS_TYPE="HypPart1" SUBS_CONTENT="criaderos" WC="0.41" CC="27593"/>
						<HYP CONTENT="-"/>
					</TextLine>
					<TextLine ID="P155_TL00007" HPOS="165" VPOS="430" WIDTH="1022" HEIGHT="40">
						<String ID="P155_ST00049" HPOS="165" VPOS="431" WIDTH="77" HEIGHT="28" CONTENT="deros" SUBS_TYPE="HypPart2" SUBS_CONTENT="criaderos" WC="0.75" CC="00254"/>
						<SP ID="P155_SP00044" HPOS="242" VPOS="459" WIDTH="15"/>
						<String ID="P155_ST00050" HPOS="257" VPOS="431" WIDTH="167" HEIGHT="36" CONTENT="semejantes," WC="0.89" CC="01000260010"/>
						<SP ID="P155_SP00045" HPOS="424" VPOS="467" WIDTH="18"/>
						<String ID="P155_ST00051" HPOS="442" VPOS="430" WIDTH="31" HEIGHT="28" CONTENT="de" WC="1.00" CC="00"/>
						<SP ID="P155_SP00046" HPOS="473" VPOS="467" WIDTH="18"/>
						<String ID="P155_ST00052" HPOS="491" VPOS="430" WIDTH="145" HEIGHT="28" CONTENT="existencia" WC="0.77" CC="0004706030"/>
						<SP ID="P155_SP00047" HPOS="636" VPOS="467" WIDTH="15"/>
						<String ID="P155_ST00053" HPOS="651" VPOS="431" WIDTH="135" HEIGHT="35" CONTENT="probable," WC="0.49" CC="075790472"/>
						<SP ID="P155_SP00048" HPOS="786" VPOS="467" WIDTH="17"/>
						<String ID="P155_ST00054" HPOS="803" VPOS="431" WIDTH="24" HEIGHT="27" CONTENT="la" WC="0.50" CC="45"/>
						<SP ID="P155_SP00049" HPOS="827" VPOS="467" WIDTH="16"/>
						<String ID="P155_ST00055" HPOS="843" VPOS="431" WIDTH="195" HEIGHT="35" CONTENT="irregularidad" WC="0.75" CC="1000977040010"/>
						<SP ID="P155_SP00050" HPOS="1038" VPOS="467" WIDTH="18"/>
						<String ID="P155_ST00056" HPOS="1056" VPOS="431" WIDTH="32" HEIGHT="28" CONTENT="de" WC="1.00" CC="00"/>
						<SP ID="P155_SP00051" HPOS="1088" VPOS="467" WIDTH="14"/>
						<String ID="P155_ST00057" HPOS="1102" VPOS="432" WIDTH="38" HEIGHT="27" CONTENT="los" WC="0.84" CC="040"/>
						<SP ID="P155_SP00052" HPOS="1140" VPOS="467" WIDTH="15"/>
						<String ID="P155_ST00058" HPOS="1155" VPOS="442" WIDTH="32" HEIGHT="28" CONTENT="ya" WC="1.00" CC="00"/>
					</TextLine>
					<TextLine ID="P155_TL00008" HPOS="165" VPOS="475" WIDTH="1022" HEIGHT="40">
						<String ID="P155_ST00059" HPOS="165" VPOS="477" WIDTH="141" HEIGHT="28" CONTENT="conocidos" WC="0.52" CC="758455050"/>
						<SP ID="P155_SP00053" HPOS="306" VPOS="505" WIDTH="11"/>
						<String ID="P155_ST00060" HPOS="317" VPOS="487" WIDTH="16" HEIGHT="27" CONTENT="y" WC="1.00" CC="0"/>
						<SP ID="P155_SP00054" HPOS="333" VPOS="514" WIDTH="15"/>
						<String ID="P155_ST00061" HPOS="348" VPOS="478" WIDTH="24" HEIGHT="26" CONTENT="la" WC="0.81" CC="03"/>
						<SP ID="P155_SP00055" HPOS="372" VPOS="514" WIDTH="14"/>
						<String ID="P155_ST00062" HPOS="386" VPOS="477" WIDTH="97" HEIGHT="27" CONTENT="dureza" WC="0.33" CC="087779"/>
						<SP ID="P155_SP00056" HPOS="483" VPOS="514" WIDTH="14"/>
						<String ID="P155_ST00063" HPOS="497" VPOS="475" WIDTH="31" HEIGHT="28" CONTENT="de" WC="0.62" CC="07"/>
						<SP ID="P155_SP00057" HPOS="528" VPOS="514" WIDTH="13"/>
						<String ID="P155_ST00064" HPOS="541" VPOS="476" WIDTH="38" HEIGHT="27" CONTENT="las" WC="0.86" CC="030"/>
						<SP ID="P155_SP00058" HPOS="579" VPOS="514" WIDTH="15"/>
						<String ID="P155_ST00065" HPOS="594" VPOS="485" WIDTH="75" HEIGHT="18" CONTENT="rocas" WC="0.69" CC="43700"/>
						<SP ID="P155_SP00059" HPOS="669" VPOS="514" WIDTH="11"/>
						<String ID="P155_ST00066" HPOS="680" VPOS="486" WIDTH="31" HEIGHT="17" CONTENT="en" WC="0.32" CC="66"/>
						<SP ID="P155_SP00060" HPOS="711" VPOS="514" WIDTH="15"/>
						<String ID="P155_ST00067" HPOS="726" VPOS="486" WIDTH="50" HEIGHT="27" CONTENT="que" WC="0.78" CC="060"/>
						<SP ID="P155_SP00061" HPOS="776" VPOS="514" WIDTH="12"/>
						<String ID="P155_ST00068" HPOS="788" VPOS="486" WIDTH="92" HEIGHT="18" CONTENT="arman" WC="0.57" CC="34038"/>
						<SP ID="P155_SP00062" HPOS="880" VPOS="514" WIDTH="12"/>
						<String ID="P155_ST00069" HPOS="892" VPOS="477" WIDTH="81" HEIGHT="27" CONTENT="hacen" WC="0.29" CC="75777"/>
						<SP ID="P155_SP00063" HPOS="973" VPOS="514" WIDTH="16"/>
						<String ID="P155_ST00070" HPOS="989" VPOS="478" WIDTH="168" HEIGHT="36" CONTENT="contingente" WC="0.52" CC="02875607760"/>
						<SP ID="P155_SP00064" HPOS="1157" VPOS="514" WIDTH="15"/>
						<String ID="P155_ST00071" HPOS="1172" VPOS="488" WIDTH="15" HEIGHT="27" CONTENT="y" WC="1.00" CC="0"/>
					</TextLine>
					<TextLine ID="P155_TL00009" HPOS="165" VPOS="522" WIDTH="1022" HEIGHT="38">
						<String ID="P155_ST00072" HPOS="165" VPOS="528" WIDTH="105" HEIGHT="24" CONTENT="costosa" WC="0.68" CC="0126037"/>
						<SP ID="P155_SP00065" HPOS="270" VPOS="552" WIDTH="14"/>
						<String ID="P155_ST00073" HPOS="284" VPOS="524" WIDTH="138" HEIGHT="36" CONTENT="cualquier" WC="0.56" CC="154208267"/>
						<SP ID="P155_SP00066" HPOS="422" VPOS="560" WIDTH="11"/>
						<String ID="P155_ST00074" HPOS="433" VPOS="522" WIDTH="183" HEIGHT="37" CONTENT="especulación" WC="0.57" CC="099006871106"/>
						<SP ID="P155_SP00067" HPOS="616" VPOS="560" WIDTH="11"/>
						<String ID="P155_ST00075" HPOS="627" VPOS="531" WIDTH="51" HEIGHT="27" CONTENT="que" WC="0.41" CC="880"/>
						<SP ID="P155_SP00068" HPOS="678" VPOS="560" WIDTH="15"/>
						<String ID="P155_ST00076" HPOS="693" VPOS="523" WIDTH="77" HEIGHT="27" CONTENT="sobre" WC="0.47" CC="56077"/>
						<SP ID="P155_SP00069" HPOS="770" VPOS="560" WIDTH="14"/>
						<String ID="P155_ST00077" HPOS="784" VPOS="523" WIDTH="64" HEIGHT="27" CONTENT="ellos" WC="0.75" CC="06104"/>
						<SP ID="P155_SP00070" HPOS="848" VPOS="560" WIDTH="13"/>
						<String ID="P155_ST00078" HPOS="861" VPOS="523" WIDTH="119" HEIGHT="36" CONTENT="quisiera" WC="0.75" CC="07300008"/>
						<SP ID="P155_SP00071" HPOS="980" VPOS="560" WIDTH="13"/>
						<String ID="P155_ST00079" HPOS="993" VPOS="523" WIDTH="135" HEIGHT="30" CONTENT="fundarse." WC="0.64" CC="088074030"/>
						<SP ID="P155_SP00072" HPOS="1128" VPOS="560" WIDTH="13"/>
						<String ID="P155_ST00080" HPOS="1141" VPOS="525" WIDTH="46" HEIGHT="27" CONTENT="So" SUBS_TYPE="HypPart1" SUBS_CONTENT="Solo" WC="0.55" CC="461"/>
						<HYP CONTENT="-"/>
					</TextLine>
					<TextLine ID="P155_TL00010" HPOS="166" VPOS="568" WIDTH="1019" HEIGHT="37">
						<String ID="P155_ST00081" HPOS="166" VPOS="570" WIDTH="24" HEIGHT="27" CONTENT="lo" SUBS_TYPE="HypPart2" SUBS_CONTENT="Solo" WC="0.69" CC="60"/>
						<SP ID="P155_SP00073" HPOS="190" VPOS="597" WIDTH="15"/>
						<String ID="P155_ST00082" HPOS="205" VPOS="570" WIDTH="23" HEIGHT="27" CONTENT="el" WC="0.39" CC="65"/>
						<SP ID="P155_SP00074" HPOS="228" VPOS="597" WIDTH="15"/>
						<String ID="P155_ST00083" HPOS="243" VPOS="569" WIDTH="226" HEIGHT="28" CONTENT="descubrimiento" WC="0.66" CC="00204740912606"/>
						<SP ID="P155_SP00075" HPOS="469" VPOS="597" WIDTH="14"/>
						<String ID="P155_ST00084" HPOS="483" VPOS="568" WIDTH="111" HEIGHT="37" CONTENT="posible," WC="0.79" CC="00027600"/>
						<SP ID="P155_SP00076" HPOS="594" VPOS="605" WIDTH="18"/>
						<String ID="P155_ST00085" HPOS="612" VPOS="577" WIDTH="62" HEIGHT="27" CONTENT="pero" WC="0.71" CC="0145"/>
						<SP ID="P155_SP00077" HPOS="674" VPOS="605" WIDTH="19"/>
						<String ID="P155_ST00086" HPOS="693" VPOS="577" WIDTH="33" HEIGHT="19" CONTENT="no" WC="0.71" CC="05"/>
						<SP ID="P155_SP00078" HPOS="726" VPOS="605" WIDTH="20"/>
						<String ID="P155_ST00087" HPOS="746" VPOS="569" WIDTH="137" HEIGHT="36" CONTENT="probable," WC="0.51" CC="907757600"/>
						<SP ID="P155_SP00079" HPOS="883" VPOS="605" WIDTH="20"/>
						<String ID="P155_ST00088" HPOS="903" VPOS="568" WIDTH="31" HEIGHT="28" CONTENT="de" WC="0.79" CC="04"/>
						<SP ID="P155_SP00080" HPOS="934" VPOS="605" WIDTH="15"/>
						<String ID="P155_ST00089" HPOS="949" VPOS="569" WIDTH="79" HEIGHT="36" CONTENT="algún" WC="0.54" CC="64074"/>
						<SP ID="P155_SP00081" HPOS="1028" VPOS="605" WIDTH="18"/>
						<String ID="P155_ST00090" HPOS="1046" VPOS="569" WIDTH="62" HEIGHT="28" CONTENT="filón" WC="0.77" CC="22005"/>
						<SP ID="P155_SP00082" HPOS="1108" VPOS="605" WIDTH="19"/>
						<String ID="P155_ST00091" HPOS="1127" VPOS="569" WIDTH="58" HEIGHT="28" CONTENT="bien" WC="0.61" CC="7402"/>
					</TextLine>
					<TextLine ID="P155_TL00011" HPOS="166" VPOS="613" WIDTH="1021" HEIGHT="39">
						<String ID="P155_ST00092" HPOS="166" VPOS="615" WIDTH="206" HEIGHT="32" CONTENT="caracterizado," WC="0.74" CC="43707202060010"/>
						<SP ID="P155_SP00083" HPOS="372" VPOS="647" WIDTH="17"/>
						<String ID="P155_ST00093" HPOS="389" VPOS="614" WIDTH="90" HEIGHT="38" CONTENT="podría" WC="0.81" CC="040240"/>
						<SP ID="P155_SP00084" HPOS="479" VPOS="652" WIDTH="19"/>
						<String ID="P155_ST00094" HPOS="498" VPOS="613" WIDTH="47" HEIGHT="28" CONTENT="dar" WC="0.80" CC="060"/>
						<SP ID="P155_SP00085" HPOS="545" VPOS="652" WIDTH="15"/>
						<String ID="P155_ST00095" HPOS="560" VPOS="614" WIDTH="99" HEIGHT="28" CONTENT="aliento" WC="0.56" CC="4050775"/>
						<SP ID="P155_SP00086" HPOS="659" VPOS="652" WIDTH="15"/>
						<String ID="P155_ST00096" HPOS="674" VPOS="616" WIDTH="13" HEIGHT="25" CONTENT="á" WC="0.25" CC="7"/>
						<SP ID="P155_SP00087" HPOS="687" VPOS="652" WIDTH="16"/>
						<String ID="P155_ST00097" HPOS="703" VPOS="614" WIDTH="24" HEIGHT="28" CONTENT="la" WC="0.96" CC="00"/>
						<SP ID="P155_SP00088" HPOS="727" VPOS="652" WIDTH="16"/>
						<String ID="P155_ST00098" HPOS="743" VPOS="614" WIDTH="190" HEIGHT="37" CONTENT="investigación" WC="0.70" CC="5800044900006"/>
						<SP ID="P155_SP00089" HPOS="933" VPOS="652" WIDTH="19"/>
						<String ID="P155_ST00099" HPOS="952" VPOS="624" WIDTH="15" HEIGHT="28" CONTENT="y" WC="1.00" CC="0"/>
						<SP ID="P155_SP00090" HPOS="967" VPOS="652" WIDTH="16"/>
						<String ID="P155_ST00100" HPOS="983" VPOS="614" WIDTH="105" HEIGHT="29" CONTENT="laboreo" WC="0.58" CC="6073523"/>
						<SP ID="P155_SP00091" HPOS="1088" VPOS="652" WIDTH="14"/>
						<String ID="P155_ST00101" HPOS="1102" VPOS="615" WIDTH="32" HEIGHT="28" CONTENT="de" WC="1.00" CC="00"/>
						<SP ID="P155_SP00092" HPOS="1134" VPOS="652" WIDTH="13"/>
						<String ID="P155_ST00102" HPOS="1147" VPOS="625" WIDTH="40" HEIGHT="19" CONTENT="es" SUBS_TYPE="HypPart1" SUBS_CONTENT="estas" WC="0.95" CC="001"/>
						<HYP CONTENT="-"/>
					</TextLine>
					<TextLine ID="P155_TL00012" HPOS="166" VPOS="660" WIDTH="391" HEIGHT="30">
						<String ID="P155_ST00103" HPOS="166" VPOS="666" WIDTH="41" HEIGHT="24" CONTENT="tas" SUBS_TYPE="HypPart2" SUBS_CONTENT="estas" WC="0.41" CC="826"/>
						<SP ID="P155_SP00093" HPOS="207" VPOS="690" WIDTH="14"/>
						<String ID="P155_ST00104" HPOS="221" VPOS="663" WIDTH="150" HEIGHT="27" CONTENT="sustancias" WC="0.59" CC="0805456350"/>
						<SP ID="P155_SP00094" HPOS="371" VPOS="690" WIDTH="14"/>
						<String ID="P155_ST00105" HPOS="385" VPOS="660" WIDTH="172" HEIGHT="29" CONTENT="metalíferas." WC="0.69" CC="628042070003"/>
					</TextLine>
				</TextBlock>
				<TextBlock ID="P155_TB00004" HPOS="485" VPOS="779" WIDTH="384" HEIGHT="37" STYLEREFS="TXT_0 PAR_CENTER">
					<TextLine ID="P155_TL00013" HPOS="485" VPOS="779" WIDTH="384" HEIGHT="37">
						<String ID="P155_ST00106" HPOS="485" VPOS="790" WIDTH="181" HEIGHT="26" CONTENT="ALUVIONES" WC="0.67" CC="065060460"/>
						<SP ID="P155_SP00095" HPOS="666" VPOS="816" WIDTH="19"/>
						<String ID="P155_ST00107" HPOS="685" VPOS="779" WIDTH="184" HEIGHT="37" CONTENT="AURÍFEROS." WC="0.77" CC="0046041050"/>
					</TextLine>
				</TextBlock>
				<TextBlock ID="P155_TB00005" HPOS="164" VPOS="889" WIDTH="1024" HEIGHT="452" STYLEREFS="TXT_0 PAR_LEFT">
					<TextLine ID="P155_TL00014" HPOS="204" VPOS="890" WIDTH="983" HEIGHT="37">
						<String ID="P155_ST00108" HPOS="204" VPOS="892" WIDTH="36" HEIGHT="27" CONTENT="La" WC="0.67" CC="06"/>
						<SP ID="P155_SP00096" HPOS="240" VPOS="919" WIDTH="22"/>
						<String ID="P155_ST00109" HPOS="262" VPOS="890" WIDTH="143" HEIGHT="32" CONTENT="tradición," WC="0.54" CC="8700073980"/>
						<SP ID="P155_SP00097" HPOS="405" VPOS="922" WIDTH="27"/>
						<String ID="P155_ST00110" HPOS="432" VPOS="891" WIDTH="57" HEIGHT="26" CONTENT="más" WC="0.77" CC="060"/>
						<SP ID="P155_SP00098" HPOS="489" VPOS="922" WIDTH="22"/>
						<String ID="P155_ST00111" HPOS="511" VPOS="890" WIDTH="60" HEIGHT="27" CONTENT="bien" WC="0.58" CC="7026"/>
						<SP ID="P155_SP00099" HPOS="571" VPOS="922" WIDTH="24"/>
						<String ID="P155_ST00112" HPOS="595" VPOS="899" WIDTH="51" HEIGHT="27" CONTENT="que" WC="0.57" CC="066"/>
						<SP ID="P155_SP00100" HPOS="646" VPOS="926" WIDTH="22"/>
						<String ID="P155_ST00113" HPOS="668" VPOS="899" WIDTH="32" HEIGHT="18" CONTENT="su" WC="0.59" CC="08"/>
						<SP ID="P155_SP00101" HPOS="700" VPOS="926" WIDTH="21"/>
						<String ID="P155_ST00114" HPOS="721" VPOS="890" WIDTH="188" HEIGHT="37" CONTENT="importancia," WC="0.65" CC="670521070260"/>
						<SP ID="P155_SP00102" HPOS="909" VPOS="927" WIDTH="25"/>
						<String ID="P155_ST00115" HPOS="934" VPOS="892" WIDTH="88" HEIGHT="27" CONTENT="señala" WC="0.71" CC="604510"/>
						<SP ID="P155_SP00103" HPOS="1022" VPOS="927" WIDTH="23"/>
						<String ID="P155_ST00116" HPOS="1045" VPOS="901" WIDTH="30" HEIGHT="18" CONTENT="en" WC="0.55" CC="26"/>
						<SP ID="P155_SP00104" HPOS="1075" VPOS="927" WIDTH="26"/>
						<String ID="P155_ST00117" HPOS="1101" VPOS="893" WIDTH="86" HEIGHT="27" CONTENT="varios" WC="0.60" CC="004269"/>
					</TextLine>
					<TextLine ID="P155_TL00015" HPOS="167" VPOS="936" WIDTH="1019" HEIGHT="39">
						<String ID="P155_ST00118" HPOS="167" VPOS="941" WIDTH="96" HEIGHT="33" CONTENT="puntos" WC="0.60" CC="087700"/>
						<SP ID="P155_SP00105" HPOS="263" VPOS="974" WIDTH="13"/>
						<String ID="P155_ST00119" HPOS="276" VPOS="937" WIDTH="31" HEIGHT="28" CONTENT="de" WC="1.00" CC="00"/>
						<SP ID="P155_SP00106" HPOS="307" VPOS="974" WIDTH="15"/>
						<String ID="P155_ST00120" HPOS="322" VPOS="937" WIDTH="24" HEIGHT="27" CONTENT="la" WC="0.89" CC="20"/>
						<SP ID="P155_SP00107" HPOS="346" VPOS="974" WIDTH="20"/>
						<String ID="P155_ST00121" HPOS="366" VPOS="937" WIDTH="48" HEIGHT="26" CONTENT="isla" WC="0.87" CC="0050"/>
						<SP ID="P155_SP00108" HPOS="414" VPOS="974" WIDTH="20"/>
						<String ID="P155_ST00122" HPOS="434" VPOS="937" WIDTH="25" HEIGHT="26" CONTENT="la" WC="0.50" CC="09"/>
						<SP ID="P155_SP00109" HPOS="459" VPOS="974" WIDTH="19"/>
						<String ID="P155_ST00123" HPOS="478" VPOS="936" WIDTH="147" HEIGHT="27" CONTENT="existancia" WC="0.69" CC="6720247000"/>
						<SP ID="P155_SP00110" HPOS="625" VPOS="974" WIDTH="20"/>
						<String ID="P155_ST00124" HPOS="645" VPOS="936" WIDTH="31" HEIGHT="27" CONTENT="de" WC="0.60" CC="07"/>
						<SP ID="P155_SP00111" HPOS="676" VPOS="974" WIDTH="15"/>
						<String ID="P155_ST00125" HPOS="691" VPOS="937" WIDTH="123" HEIGHT="35" CONTENT="antiguos" WC="0.36" CC="08757876"/>
						<SP ID="P155_SP00112" HPOS="814" VPOS="974" WIDTH="15"/>
						<String ID="P155_ST00126" HPOS="829" VPOS="937" WIDTH="135" HEIGHT="27" CONTENT="lavaderos" WC="0.67" CC="690000705"/>
						<SP ID="P155_SP00113" HPOS="964" VPOS="974" WIDTH="15"/>
						<String ID="P155_ST00127" HPOS="979" VPOS="938" WIDTH="139" HEIGHT="33" CONTENT="auríferos," WC="0.76" CC="0007900500"/>
						<SP ID="P155_SP00114" HPOS="1118" VPOS="974" WIDTH="18"/>
						<String ID="P155_ST00128" HPOS="1136" VPOS="939" WIDTH="50" HEIGHT="36" CONTENT="boy" WC="0.26" CC="759"/>
					</TextLine>
					<TextLine ID="P155_TL00016" HPOS="165" VPOS="981" WIDTH="1021" HEIGHT="39">
						<String ID="P155_ST00129" HPOS="165" VPOS="983" WIDTH="222" HEIGHT="37" CONTENT="completamente" WC="0.61" CC="0699237000631"/>
						<SP ID="P155_SP00115" HPOS="387" VPOS="1020" WIDTH="14"/>
						<String ID="P155_ST00130" HPOS="401" VPOS="981" WIDTH="196" HEIGHT="33" CONTENT="abandonados," WC="0.56" CC="579802870200"/>
						<SP ID="P155_SP00116" HPOS="597" VPOS="1020" WIDTH="18"/>
						<String ID="P155_ST00131" HPOS="615" VPOS="991" WIDTH="17" HEIGHT="28" CONTENT="y" WC="1.00" CC="0"/>
						<SP ID="P155_SP00117" HPOS="632" VPOS="1020" WIDTH="14"/>
						<String ID="P155_ST00132" HPOS="646" VPOS="982" WIDTH="55" HEIGHT="27" CONTENT="solo" WC="0.77" CC="0350"/>
						<SP ID="P155_SP00118" HPOS="701" VPOS="1020" WIDTH="16"/>
						<String ID="P155_ST00133" HPOS="717" VPOS="983" WIDTH="110" HEIGHT="35" CONTENT="algunos" WC="0.71" CC="0008820"/>
						<SP ID="P155_SP00119" HPOS="827" VPOS="1020" WIDTH="14"/>
						<String ID="P155_ST00134" HPOS="841" VPOS="991" WIDTH="47" HEIGHT="19" CONTENT="con" WC="0.31" CC="758"/>
						<SP ID="P155_SP00120" HPOS="888" VPOS="1020" WIDTH="19"/>
						<String ID="P155_ST00135" HPOS="907" VPOS="983" WIDTH="101" HEIGHT="28" CONTENT="señales" WC="0.70" CC="0553401"/>
						<SP ID="P155_SP00121" HPOS="1008" VPOS="1020" WIDTH="14"/>
						<String ID="P155_ST00136" HPOS="1022" VPOS="984" WIDTH="57" HEIGHT="27" CONTENT="más" WC="1.00" CC="000"/>
						<SP ID="P155_SP00122" HPOS="1079" VPOS="1020" WIDTH="20"/>
						<String ID="P155_ST00137" HPOS="1099" VPOS="985" WIDTH="14" HEIGHT="26" CONTENT="ó" WC="0.35" CC="6"/>
						<SP ID="P155_SP00123" HPOS="1113" VPOS="1020" WIDTH="15"/>
						<String ID="P155_ST00138" HPOS="1128" VPOS="994" WIDTH="58" HEIGHT="17" CONTENT="me" SUBS_TYPE="HypPart1" SUBS_CONTENT="menos" WC="0.87" CC="030"/>
						<HYP CONTENT="-"/>
					</TextLine>
					<TextLine ID="P155_TL00017" HPOS="165" VPOS="1028" WIDTH="1020" HEIGHT="38">
						<String ID="P155_ST00139" HPOS="165" VPOS="1039" WIDTH="48" HEIGHT="17" CONTENT="nos" SUBS_TYPE="HypPart2" SUBS_CONTENT="menos" WC="0.56" CC="660"/>
						<SP ID="P155_SP00124" HPOS="213" VPOS="1056" WIDTH="19"/>
						<String ID="P155_ST00140" HPOS="232" VPOS="1028" WIDTH="140" HEIGHT="28" CONTENT="marcadas" WC="0.84" CC="00504010"/>
						<SP ID="P155_SP00125" HPOS="372" VPOS="1056" WIDTH="13"/>
						<String ID="P155_ST00141" HPOS="385" VPOS="1028" WIDTH="32" HEIGHT="27" CONTENT="de" WC="1.00" CC="00"/>
						<SP ID="P155_SP00126" HPOS="417" VPOS="1056" WIDTH="15"/>
						<String ID="P155_ST00142" HPOS="432" VPOS="1028" WIDTH="40" HEIGHT="27" CONTENT="los" WC="0.79" CC="500"/>
						<SP ID="P155_SP00127" HPOS="472" VPOS="1056" WIDTH="19"/>
						<String ID="P155_ST00143" HPOS="491" VPOS="1031" WIDTH="134" HEIGHT="33" CONTENT="pequeños" WC="0.48" CC="96060773"/>
						<SP ID="P155_SP00128" HPOS="625" VPOS="1064" WIDTH="16"/>
						<String ID="P155_ST00144" HPOS="641" VPOS="1028" WIDTH="115" HEIGHT="36" CONTENT="trabajos" WC="0.70" CC="60094002"/>
						<SP ID="P155_SP00129" HPOS="756" VPOS="1064" WIDTH="17"/>
						<String ID="P155_ST00145" HPOS="773" VPOS="1038" WIDTH="50" HEIGHT="26" CONTENT="que" WC="0.77" CC="006"/>
						<SP ID="P155_SP00130" HPOS="823" VPOS="1064" WIDTH="19"/>
						<String ID="P155_ST00146" HPOS="842" VPOS="1037" WIDTH="32" HEIGHT="18" CONTENT="en" WC="0.65" CC="06"/>
						<SP ID="P155_SP00131" HPOS="874" VPOS="1064" WIDTH="18"/>
						<String ID="P155_ST00147" HPOS="892" VPOS="1028" WIDTH="65" HEIGHT="27" CONTENT="ellos" WC="0.78" CC="04600"/>
						<SP ID="P155_SP00132" HPOS="957" VPOS="1064" WIDTH="18"/>
						<String ID="P155_ST00148" HPOS="975" VPOS="1039" WIDTH="27" HEIGHT="16" CONTENT="se" WC="0.44" CC="37"/>
						<SP ID="P155_SP00133" HPOS="1002" VPOS="1064" WIDTH="22"/>
						<String ID="P155_ST00149" HPOS="1024" VPOS="1029" WIDTH="161" HEIGHT="37" CONTENT="ejecutaron." WC="0.73" CC="13075001270"/>
					</TextLine>
					<TextLine ID="P155_TL00018" HPOS="165" VPOS="1074" WIDTH="1021" HEIGHT="36">
						<String ID="P155_ST00150" HPOS="165" VPOS="1076" WIDTH="53" HEIGHT="27" CONTENT="Nos" WC="0.22" CC="679"/>
						<SP ID="P155_SP00134" HPOS="218" VPOS="1103" WIDTH="14"/>
						<String ID="P155_ST00151" HPOS="232" VPOS="1075" WIDTH="187" HEIGHT="32" CONTENT="limitaremos," WC="0.73" CC="600605520220"/>
						<SP ID="P155_SP00135" HPOS="419" VPOS="1107" WIDTH="23"/>
						<String ID="P155_ST00152" HPOS="442" VPOS="1083" WIDTH="74" HEIGHT="27" CONTENT="pues," WC="0.73" CC="06042"/>
						<SP ID="P155_SP00136" HPOS="516" VPOS="1110" WIDTH="17"/>
						<String ID="P155_ST00153" HPOS="533" VPOS="1074" WIDTH="14" HEIGHT="27" CONTENT="á" WC="1.00" CC="0"/>
						<SP ID="P155_SP00137" HPOS="547" VPOS="1110" WIDTH="14"/>
						<String ID="P155_ST00154" HPOS="561" VPOS="1074" WIDTH="104" HEIGHT="27" CONTENT="señalar" WC="0.79" CC="0075000"/>
						<SP ID="P155_SP00138" HPOS="665" VPOS="1110" WIDTH="16"/>
						<String ID="P155_ST00155" HPOS="681" VPOS="1074" WIDTH="39" HEIGHT="27" CONTENT="los" WC="0.82" CC="130"/>
						<SP ID="P155_SP00139" HPOS="720" VPOS="1110" WIDTH="17"/>
						<String ID="P155_ST00156" HPOS="737" VPOS="1074" WIDTH="106" HEIGHT="36" CONTENT="lugares" WC="0.50" CC="7700953"/>
						<SP ID="P155_SP00140" HPOS="843" VPOS="1110" WIDTH="15"/>
						<String ID="P155_ST00157" HPOS="858" VPOS="1083" WIDTH="30" HEIGHT="18" CONTENT="en" WC="0.21" CC="78"/>
						<SP ID="P155_SP00141" HPOS="888" VPOS="1110" WIDTH="16"/>
						<String ID="P155_ST00158" HPOS="904" VPOS="1083" WIDTH="50" HEIGHT="27" CONTENT="que" WC="0.26" CC="947"/>
						<SP ID="P155_SP00142" HPOS="954" VPOS="1110" WIDTH="16"/>
						<String ID="P155_ST00159" HPOS="970" VPOS="1077" WIDTH="73" HEIGHT="25" CONTENT="están" WC="0.22" CC="49878"/>
						<SP ID="P155_SP00143" HPOS="1043" VPOS="1110" WIDTH="14"/>
						<String ID="P155_ST00160" HPOS="1057" VPOS="1076" WIDTH="129" HEIGHT="32" CONTENT="situados," WC="0.74" CC="027050700"/>
					</TextLine>
					<TextLine ID="P155_TL00019" HPOS="164" VPOS="1120" WIDTH="1024" HEIGHT="36">
						<String ID="P155_ST00161" HPOS="164" VPOS="1121" WIDTH="58" HEIGHT="28" CONTENT="más" WC="0.53" CC="094"/>
						<SP ID="P155_SP00144" HPOS="222" VPOS="1149" WIDTH="15"/>
						<String ID="P155_ST00162" HPOS="237" VPOS="1129" WIDTH="75" HEIGHT="20" CONTENT="como" WC="0.66" CC="4503"/>
						<SP ID="P155_SP00145" HPOS="312" VPOS="1149" WIDTH="16"/>
						<String ID="P155_ST00163" HPOS="328" VPOS="1121" WIDTH="61" HEIGHT="27" CONTENT="dato" WC="0.78" CC="0071"/>
						<SP ID="P155_SP00146" HPOS="389" VPOS="1149" WIDTH="17"/>
						<String ID="P155_ST00164" HPOS="406" VPOS="1120" WIDTH="105" HEIGHT="27" CONTENT="curioso" WC="0.42" CC="4874537"/>
						<SP ID="P155_SP00147" HPOS="511" VPOS="1149" WIDTH="18"/>
						<String ID="P155_ST00165" HPOS="529" VPOS="1128" WIDTH="50" HEIGHT="27" CONTENT="que" WC="0.49" CC="950"/>
						<SP ID="P155_SP00148" HPOS="579" VPOS="1155" WIDTH="17"/>
						<String ID="P155_ST00166" HPOS="596" VPOS="1128" WIDTH="75" HEIGHT="19" CONTENT="como" WC="0.81" CC="0007"/>
						<SP ID="P155_SP00149" HPOS="671" VPOS="1155" WIDTH="16"/>
						<String ID="P155_ST00167" HPOS="687" VPOS="1120" WIDTH="144" HEIGHT="27" CONTENT="realmente" WC="0.54" CC="670607607"/>
						<SP ID="P155_SP00150" HPOS="831" VPOS="1155" WIDTH="16"/>
						<String ID="P155_ST00168" HPOS="847" VPOS="1121" WIDTH="160" HEIGHT="35" CONTENT="importante" WC="0.43" CC="2099977702"/>
						<SP ID="P155_SP00151" HPOS="1007" VPOS="1156" WIDTH="14"/>
						<String ID="P155_ST00169" HPOS="1021" VPOS="1129" WIDTH="64" HEIGHT="27" CONTENT="para" WC="0.56" CC="9510"/>
						<SP ID="P155_SP00152" HPOS="1085" VPOS="1156" WIDTH="14"/>
						<String ID="P155_ST00170" HPOS="1099" VPOS="1121" WIDTH="24" HEIGHT="27" CONTENT="la" WC="0.29" CC="76"/>
						<SP ID="P155_SP00153" HPOS="1123" VPOS="1156" WIDTH="15"/>
						<String ID="P155_ST00171" HPOS="1138" VPOS="1121" WIDTH="50" HEIGHT="27" CONTENT="mi" SUBS_TYPE="HypPart1" SUBS_CONTENT="minería" WC="0.39" CC="952"/>
						<HYP CONTENT="-"/>
					</TextLine>
					<TextLine ID="P155_TL00020" HPOS="166" VPOS="1165" WIDTH="1022" HEIGHT="37">
						<String ID="P155_ST00172" HPOS="166" VPOS="1166" WIDTH="73" HEIGHT="29" CONTENT="nería" SUBS_TYPE="HypPart2" SUBS_CONTENT="minería" WC="0.50" CC="70377"/>
						<SP ID="P155_SP00154" HPOS="239" VPOS="1195" WIDTH="11"/>
						<String ID="P155_ST00173" HPOS="250" VPOS="1166" WIDTH="31" HEIGHT="28" CONTENT="de" WC="0.63" CC="07"/>
						<SP ID="P155_SP00155" HPOS="281" VPOS="1195" WIDTH="15"/>
						<String ID="P155_ST00174" HPOS="296" VPOS="1166" WIDTH="25" HEIGHT="27" CONTENT="la" WC="0.50" CC="09"/>
						<SP ID="P155_SP00156" HPOS="321" VPOS="1195" WIDTH="12"/>
						<String ID="P155_ST00175" HPOS="333" VPOS="1166" WIDTH="56" HEIGHT="31" CONTENT="isla;" WC="0.68" CC="15062"/>
						<SP ID="P155_SP00157" HPOS="389" VPOS="1197" WIDTH="17"/>
						<String ID="P155_ST00176" HPOS="406" VPOS="1167" WIDTH="14" HEIGHT="26" CONTENT="é" WC="0.25" CC="7"/>
						<SP ID="P155_SP00158" HPOS="420" VPOS="1197" WIDTH="13"/>
						<String ID="P155_ST00177" HPOS="433" VPOS="1165" WIDTH="177" HEIGHT="28" CONTENT="indicaremos" WC="0.60" CC="28000975036"/>
						<SP ID="P155_SP00159" HPOS="610" VPOS="1197" WIDTH="14"/>
						<String ID="P155_ST00178" HPOS="624" VPOS="1165" WIDTH="31" HEIGHT="28" CONTENT="de" WC="0.79" CC="04"/>
						<SP ID="P155_SP00160" HPOS="655" VPOS="1197" WIDTH="12"/>
						<String ID="P155_ST00179" HPOS="667" VPOS="1170" WIDTH="142" HEIGHT="23" CONTENT="antemano" WC="0.48" CC="57300977"/>
						<SP ID="P155_SP00161" HPOS="809" VPOS="1197" WIDTH="11"/>
						<String ID="P155_ST00180" HPOS="820" VPOS="1175" WIDTH="50" HEIGHT="27" CONTENT="que" WC="0.54" CC="066"/>
						<SP ID="P155_SP00162" HPOS="870" VPOS="1202" WIDTH="15"/>
						<String ID="P155_ST00181" HPOS="885" VPOS="1166" WIDTH="76" HEIGHT="27" CONTENT="todos" WC="0.60" CC="82061"/>
						<SP ID="P155_SP00163" HPOS="961" VPOS="1202" WIDTH="14"/>
						<String ID="P155_ST00182" HPOS="975" VPOS="1166" WIDTH="63" HEIGHT="27" CONTENT="ellos" WC="0.73" CC="36300"/>
						<SP ID="P155_SP00164" HPOS="1038" VPOS="1202" WIDTH="16"/>
						<String ID="P155_ST00183" HPOS="1054" VPOS="1167" WIDTH="86" HEIGHT="27" CONTENT="tienen" WC="0.53" CC="754307"/>
						<SP ID="P155_SP00165" HPOS="1140" VPOS="1202" WIDTH="14"/>
						<String ID="P155_ST00184" HPOS="1154" VPOS="1176" WIDTH="34" HEIGHT="18" CONTENT="un" WC="0.25" CC="68"/>
					</TextLine>
					<TextLine ID="P155_TL00021" HPOS="166" VPOS="1211" WIDTH="1022" HEIGHT="38">
						<String ID="P155_ST00185" HPOS="166" VPOS="1215" WIDTH="91" HEIGHT="34" CONTENT="origen" WC="0.39" CC="890970"/>
						<SP ID="P155_SP00166" HPOS="257" VPOS="1249" WIDTH="15"/>
						<String ID="P155_ST00186" HPOS="272" VPOS="1215" WIDTH="97" HEIGHT="26" CONTENT="común" WC="0.52" CC="35068"/>
						<SP ID="P155_SP00167" HPOS="369" VPOS="1249" WIDTH="19"/>
						<String ID="P155_ST00187" HPOS="388" VPOS="1221" WIDTH="13" HEIGHT="28" CONTENT="y" WC="0.01" CC="9"/>
						<SP ID="P155_SP00168" HPOS="401" VPOS="1249" WIDTH="11"/>
						<String ID="P155_ST00188" HPOS="412" VPOS="1211" WIDTH="145" HEIGHT="36" CONTENT="semejante" WC="0.39" CC="747619880"/>
						<SP ID="P155_SP00169" HPOS="557" VPOS="1249" WIDTH="13"/>
						<String ID="P155_ST00189" HPOS="570" VPOS="1221" WIDTH="32" HEIGHT="17" CONTENT="cu" WC="0.26" CC="77"/>
						<SP ID="P155_SP00170" HPOS="602" VPOS="1249" WIDTH="11"/>
						<String ID="P155_ST00190" HPOS="613" VPOS="1212" WIDTH="25" HEIGHT="26" CONTENT="la" WC="0.73" CC="50"/>
						<SP ID="P155_SP00171" HPOS="638" VPOS="1249" WIDTH="15"/>
						<String ID="P155_ST00191" HPOS="653" VPOS="1211" WIDTH="224" HEIGHT="37" CONTENT="descomposición" WC="0.65" CC="07073006006078"/>
						<SP ID="P155_SP00172" HPOS="877" VPOS="1249" WIDTH="13"/>
						<String ID="P155_ST00192" HPOS="890" VPOS="1212" WIDTH="31" HEIGHT="27" CONTENT="de" WC="1.00" CC="00"/>
						<SP ID="P155_SP00173" HPOS="921" VPOS="1249" WIDTH="15"/>
						<String ID="P155_ST00193" HPOS="936" VPOS="1212" WIDTH="39" HEIGHT="28" CONTENT="las" WC="0.72" CC="160"/>
						<SP ID="P155_SP00174" HPOS="975" VPOS="1249" WIDTH="10"/>
						<String ID="P155_ST00194" HPOS="985" VPOS="1213" WIDTH="110" HEIGHT="27" CONTENT="venillas" WC="0.65" CC="54303650"/>
						<SP ID="P155_SP00175" HPOS="1095" VPOS="1249" WIDTH="13"/>
						<String ID="P155_ST00195" HPOS="1108" VPOS="1213" WIDTH="31" HEIGHT="27" CONTENT="de" WC="0.65" CC="06"/>
						<SP ID="P155_SP00176" HPOS="1139" VPOS="1249" WIDTH="12"/>
						<String ID="P155_ST00196" HPOS="1151" VPOS="1214" WIDTH="37" HEIGHT="35" CONTENT="pi" SUBS_TYPE="HypPart1" SUBS_CONTENT="piritas" WC="0.53" CC="904"/>
						<HYP CONTENT="-"/>
					</TextLine>
					<TextLine ID="P155_TL00022" HPOS="166" VPOS="1258" WIDTH="1021" HEIGHT="37">
						<String ID="P155_ST00197" HPOS="166" VPOS="1260" WIDTH="66" HEIGHT="27" CONTENT="ritas" SUBS_TYPE="HypPart2" SUBS_CONTENT="piritas" WC="0.56" CC="71705"/>
						<SP ID="P155_SP00177" HPOS="232" VPOS="1287" WIDTH="14"/>
						<String ID="P155_ST00198" HPOS="246" VPOS="1268" WIDTH="50" HEIGHT="27" CONTENT="que" WC="0.59" CC="066"/>
						<SP ID="P155_SP00178" HPOS="296" VPOS="1295" WIDTH="16"/>
						<String ID="P155_ST00199" HPOS="312" VPOS="1259" WIDTH="141" HEIGHT="27" CONTENT="contienen" WC="0.51" CC="770707607"/>
						<SP ID="P155_SP00179" HPOS="453" VPOS="1295" WIDTH="16"/>
						<String ID="P155_ST00200" HPOS="469" VPOS="1266" WIDTH="57" HEIGHT="23" CONTENT="oro," WC="0.87" CC="2300"/>
						<SP ID="P155_SP00180" HPOS="526" VPOS="1295" WIDTH="18"/>
						<String ID="P155_ST00201" HPOS="544" VPOS="1266" WIDTH="51" HEIGHT="27" CONTENT="que" WC="0.51" CC="077"/>
						<SP ID="P155_SP00181" HPOS="595" VPOS="1295" WIDTH="14"/>
						<String ID="P155_ST00202" HPOS="609" VPOS="1266" WIDTH="28" HEIGHT="19" CONTENT="se" WC="1.00" CC="00"/>
						<SP ID="P155_SP00182" HPOS="637" VPOS="1295" WIDTH="13"/>
						<String ID="P155_ST00203" HPOS="650" VPOS="1262" WIDTH="142" HEIGHT="32" CONTENT="presentan" WC="0.66" CC="900307035"/>
						<SP ID="P155_SP00183" HPOS="792" VPOS="1295" WIDTH="16"/>
						<String ID="P155_ST00204" HPOS="808" VPOS="1266" WIDTH="49" HEIGHT="19" CONTENT="con" WC="0.55" CC="057"/>
						<SP ID="P155_SP00184" HPOS="857" VPOS="1295" WIDTH="13"/>
						<String ID="P155_ST00205" HPOS="870" VPOS="1258" WIDTH="150" HEIGHT="28" CONTENT="frecuencia" WC="0.53" CC="7780818410"/>
						<SP ID="P155_SP00185" HPOS="1020" VPOS="1295" WIDTH="14"/>
						<String ID="P155_ST00206" HPOS="1034" VPOS="1267" WIDTH="32" HEIGHT="19" CONTENT="en" WC="0.34" CC="57"/>
						<SP ID="P155_SP00186" HPOS="1066" VPOS="1295" WIDTH="11"/>
						<String ID="P155_ST00207" HPOS="1077" VPOS="1259" WIDTH="38" HEIGHT="28" CONTENT="las" WC="0.88" CC="021"/>
						<SP ID="P155_SP00187" HPOS="1115" VPOS="1295" WIDTH="14"/>
						<String ID="P155_ST00208" HPOS="1129" VPOS="1259" WIDTH="58" HEIGHT="27" CONTENT="dio" SUBS_TYPE="HypPart1" SUBS_CONTENT="dioritas" WC="0.77" CC="0062"/>
						<HYP CONTENT="-"/>
					</TextLine>
					<TextLine ID="P155_TL00023" HPOS="167" VPOS="1303" WIDTH="619" HEIGHT="38">
						<String ID="P155_ST00209" HPOS="167" VPOS="1306" WIDTH="66" HEIGHT="27" CONTENT="ritas" SUBS_TYPE="HypPart2" SUBS_CONTENT="dioritas" WC="0.60" CC="01890"/>
						<SP ID="P155_SP00188" HPOS="233" VPOS="1333" WIDTH="14"/>
						<String ID="P155_ST00210" HPOS="247" VPOS="1315" WIDTH="16" HEIGHT="26" CONTENT="y" WC="1.00" CC="0"/>
						<SP ID="P155_SP00189" HPOS="263" VPOS="1341" WIDTH="16"/>
						<String ID="P155_ST00211" HPOS="279" VPOS="1309" WIDTH="72" HEIGHT="23" CONTENT="otras" WC="0.61" CC="57060"/>
						<SP ID="P155_SP00190" HPOS="351" VPOS="1341" WIDTH="13"/>
						<String ID="P155_ST00212" HPOS="364" VPOS="1312" WIDTH="77" HEIGHT="19" CONTENT="rocas" WC="0.87" CC="06000"/>
						<SP ID="P155_SP00191" HPOS="441" VPOS="1341" WIDTH="14"/>
						<String ID="P155_ST00213" HPOS="455" VPOS="1303" WIDTH="42" HEIGHT="28" CONTENT="del" WC="1.00" CC="000"/>
						<SP ID="P155_SP00192" HPOS="497" VPOS="1341" WIDTH="15"/>
						<String ID="P155_ST00214" HPOS="512" VPOS="1304" WIDTH="128" HEIGHT="35" CONTENT="complejo" WC="0.67" CC="74001706"/>
						<SP ID="P155_SP00193" HPOS="640" VPOS="1341" WIDTH="15"/>
						<String ID="P155_ST00215" HPOS="655" VPOS="1304" WIDTH="131" HEIGHT="36" CONTENT="eruptivo." WC="0.42" CC="668945460"/>
					</TextLine>
				</TextBlock>
				<TextBlock ID="P155_TB00006" HPOS="164" VPOS="1349" WIDTH="1025" HEIGHT="261" STYLEREFS="TXT_0 PAR_LEFT">
					<TextLine ID="P155_TL00024" HPOS="204" VPOS="1349" WIDTH="983" HEIGHT="38">
						<String ID="P155_ST00216" HPOS="204" VPOS="1351" WIDTH="38" HEIGHT="27" CONTENT="En" WC="0.53" CC="17"/>
						<SP ID="P155_SP00194" HPOS="242" VPOS="1378" WIDTH="15"/>
						<String ID="P155_ST00217" HPOS="257" VPOS="1351" WIDTH="24" HEIGHT="27" CONTENT="el" WC="0.48" CC="45"/>
						<SP ID="P155_SP00195" HPOS="281" VPOS="1378" WIDTH="18"/>
						<String ID="P155_ST00218" HPOS="299" VPOS="1349" WIDTH="39" HEIGHT="29" CONTENT="rio" WC="0.60" CC="380"/>
						<SP ID="P155_SP00196" HPOS="338" VPOS="1378" WIDTH="16"/>
						<String ID="P155_ST00219" HPOS="354" VPOS="1350" WIDTH="148" HEIGHT="36" CONTENT="Panoypoy," WC="0.73" CC="000570505"/>
						<SP ID="P155_SP00197" HPOS="502" VPOS="1386" WIDTH="19"/>
						<String ID="P155_ST00220" HPOS="521" VPOS="1349" WIDTH="86" HEIGHT="27" CONTENT="frente" WC="0.56" CC="097701"/>
						<SP ID="P155_SP00198" HPOS="607" VPOS="1386" WIDTH="18"/>
						<String ID="P155_ST00221" HPOS="625" VPOS="1350" WIDTH="15" HEIGHT="26" CONTENT="á" WC="0.61" CC="3"/>
						<SP ID="P155_SP00199" HPOS="640" VPOS="1386" WIDTH="17"/>
						<String ID="P155_ST00222" HPOS="657" VPOS="1349" WIDTH="24" HEIGHT="27" CONTENT="la" WC="0.50" CC="63"/>
						<SP ID="P155_SP00200" HPOS="681" VPOS="1386" WIDTH="17"/>
						<String ID="P155_ST00223" HPOS="698" VPOS="1349" WIDTH="225" HEIGHT="28" CONTENT="desembocadura" WC="0.63" CC="0666072700361"/>
						<SP ID="P155_SP00201" HPOS="923" VPOS="1386" WIDTH="18"/>
						<String ID="P155_ST00224" HPOS="941" VPOS="1349" WIDTH="40" HEIGHT="28" CONTENT="del" WC="0.75" CC="070"/>
						<SP ID="P155_SP00202" HPOS="981" VPOS="1386" WIDTH="21"/>
						<String ID="P155_ST00225" HPOS="1002" VPOS="1359" WIDTH="94" HEIGHT="27" CONTENT="arroyo" WC="0.74" CC="100607"/>
						<SP ID="P155_SP00203" HPOS="1096" VPOS="1386" WIDTH="18"/>
						<String ID="P155_ST00226" HPOS="1114" VPOS="1351" WIDTH="73" HEIGHT="36" CONTENT="Mag" SUBS_TYPE="HypPart1" SUBS_CONTENT="Magdagoog," WC="0.79" CC="8000"/>
						<HYP CONTENT="-"/>
					</TextLine>
					<TextLine ID="P155_TL00025" HPOS="166" VPOS="1394" WIDTH="1023" HEIGHT="40">
						<String ID="P155_ST00227" HPOS="166" VPOS="1398" WIDTH="113" HEIGHT="36" CONTENT="dagoog," SUBS_TYPE="HypPart2" SUBS_CONTENT="Magdagoog," WC="0.20" CC="9999690"/>
						<SP ID="P155_SP00204" HPOS="279" VPOS="1434" WIDTH="17"/>
						<String ID="P155_ST00228" HPOS="296" VPOS="1396" WIDTH="53" HEIGHT="37" CONTENT="hay" WC="0.75" CC="700"/>
						<SP ID="P155_SP00205" HPOS="349" VPOS="1434" WIDTH="13"/>
						<String ID="P155_ST00229" HPOS="362" VPOS="1395" WIDTH="48" HEIGHT="28" CONTENT="dos" WC="0.81" CC="050"/>
						<SP ID="P155_SP00206" HPOS="410" VPOS="1434" WIDTH="13"/>
						<String ID="P155_ST00230" HPOS="423" VPOS="1399" WIDTH="135" HEIGHT="33" CONTENT="pequeñas" WC="0.86" CC="00000640"/>
						<SP ID="P155_SP00207" HPOS="558" VPOS="1434" WIDTH="14"/>
						<String ID="P155_ST00231" HPOS="572" VPOS="1394" WIDTH="113" HEIGHT="38" CONTENT="galerías" WC="0.47" CC="96100896"/>
						<SP ID="P155_SP00208" HPOS="685" VPOS="1434" WIDTH="14"/>
						<String ID="P155_ST00232" HPOS="699" VPOS="1395" WIDTH="140" HEIGHT="32" CONTENT="hundidas," WC="0.56" CC="586900450"/>
						<SP ID="P155_SP00209" HPOS="839" VPOS="1434" WIDTH="18"/>
						<String ID="P155_ST00233" HPOS="857" VPOS="1405" WIDTH="51" HEIGHT="27" CONTENT="que" WC="1.00" CC="000"/>
						<SP ID="P155_SP00210" HPOS="908" VPOS="1434" WIDTH="11"/>
						<String ID="P155_ST00234" HPOS="919" VPOS="1396" WIDTH="94" HEIGHT="28" CONTENT="fueron" WC="0.54" CC="176066"/>
						<SP ID="P155_SP00211" HPOS="1013" VPOS="1434" WIDTH="15"/>
						<String ID="P155_ST00235" HPOS="1028" VPOS="1397" WIDTH="116" HEIGHT="27" CONTENT="abiertas" WC="0.63" CC="38071610"/>
						<SP ID="P155_SP00212" HPOS="1144" VPOS="1434" WIDTH="14"/>
						<String ID="P155_ST00236" HPOS="1158" VPOS="1406" WIDTH="31" HEIGHT="18" CONTENT="en" WC="0.84" CC="03"/>
					</TextLine>
					<TextLine ID="P155_TL00026" HPOS="166" VPOS="1441" WIDTH="1023" HEIGHT="39">
						<String ID="P155_ST00237" HPOS="166" VPOS="1444" WIDTH="24" HEIGHT="27" CONTENT="la" WC="0.70" CC="50"/>
						<SP ID="P155_SP00213" HPOS="190" VPOS="1471" WIDTH="12"/>
						<String ID="P155_ST00238" HPOS="202" VPOS="1447" WIDTH="77" HEIGHT="33" CONTENT="parte" WC="0.84" CC="00060"/>
						<SP ID="P155_SP00214" HPOS="279" VPOS="1480" WIDTH="15"/>
						<String ID="P155_ST00239" HPOS="294" VPOS="1442" WIDTH="112" HEIGHT="27" CONTENT="inferior" WC="0.53" CC="35774125"/>
						<SP ID="P155_SP00215" HPOS="406" VPOS="1480" WIDTH="14"/>
						<String ID="P155_ST00240" HPOS="420" VPOS="1441" WIDTH="31" HEIGHT="28" CONTENT="de" WC="1.00" CC="00"/>
						<SP ID="P155_SP00216" HPOS="451" VPOS="1480" WIDTH="19"/>
						<String ID="P155_ST00241" HPOS="470" VPOS="1442" WIDTH="24" HEIGHT="27" CONTENT="la" WC="0.69" CC="05"/>
						<SP ID="P155_SP00217" HPOS="494" VPOS="1480" WIDTH="17"/>
						<String ID="P155_ST00242" HPOS="511" VPOS="1441" WIDTH="100" HEIGHT="33" CONTENT="ladera," WC="0.93" CC="2000200"/>
						<SP ID="P155_SP00218" HPOS="611" VPOS="1480" WIDTH="18"/>
						<String ID="P155_ST00243" HPOS="629" VPOS="1441" WIDTH="84" HEIGHT="28" CONTENT="donde" WC="0.87" CC="00600"/>
						<SP ID="P155_SP00219" HPOS="713" VPOS="1480" WIDTH="16"/>
						<String ID="P155_ST00244" HPOS="729" VPOS="1442" WIDTH="196" HEIGHT="27" CONTENT="naturalmente" WC="0.57" CC="702730790173"/>
						<SP ID="P155_SP00220" HPOS="925" VPOS="1480" WIDTH="15"/>
						<String ID="P155_ST00245" HPOS="940" VPOS="1451" WIDTH="28" HEIGHT="18" CONTENT="se" WC="0.36" CC="92"/>
						<SP ID="P155_SP00221" HPOS="968" VPOS="1480" WIDTH="18"/>
						<String ID="P155_ST00246" HPOS="986" VPOS="1451" WIDTH="99" HEIGHT="19" CONTENT="reúnen" WC="0.53" CC="067760"/>
						<SP ID="P155_SP00222" HPOS="1085" VPOS="1480" WIDTH="15"/>
						<String ID="P155_ST00247" HPOS="1100" VPOS="1451" WIDTH="89" HEIGHT="29" CONTENT="mayo" SUBS_TYPE="HypPart1" SUBS_CONTENT="mayores" WC="0.85" CC="00043"/>
						<HYP CONTENT="-"/>
					</TextLine>
					<TextLine ID="P155_TL00027" HPOS="165" VPOS="1487" WIDTH="1024" HEIGHT="38">
						<String ID="P155_ST00248" HPOS="165" VPOS="1498" WIDTH="43" HEIGHT="20" CONTENT="res" SUBS_TYPE="HypPart2" SUBS_CONTENT="mayores" WC="0.88" CC="011"/>
						<SP ID="P155_SP00223" HPOS="208" VPOS="1518" WIDTH="19"/>
						<String ID="P155_ST00249" HPOS="227" VPOS="1487" WIDTH="156" HEIGHT="30" CONTENT="cantidades" WC="0.81" CC="0007600003"/>
						<SP ID="P155_SP00224" HPOS="383" VPOS="1518" WIDTH="18"/>
						<String ID="P155_ST00250" HPOS="401" VPOS="1487" WIDTH="42" HEIGHT="28" CONTENT="del" WC="0.89" CC="003"/>
						<SP ID="P155_SP00225" HPOS="443" VPOS="1518" WIDTH="18"/>
						<String ID="P155_ST00251" HPOS="461" VPOS="1487" WIDTH="107" HEIGHT="27" CONTENT="aluvión" WC="0.75" CC="3070105"/>
						<SP ID="P155_SP00226" HPOS="568" VPOS="1518" WIDTH="18"/>
						<String ID="P155_ST00252" HPOS="586" VPOS="1487" WIDTH="160" HEIGHT="36" CONTENT="superficial;" WC="0.71" CC="080270071330"/>
						<SP ID="P155_SP00227" HPOS="746" VPOS="1523" WIDTH="22"/>
						<String ID="P155_ST00253" HPOS="768" VPOS="1497" WIDTH="16" HEIGHT="28" CONTENT="y" WC="1.00" CC="0"/>
						<SP ID="P155_SP00228" HPOS="784" VPOS="1525" WIDTH="14"/>
						<String ID="P155_ST00254" HPOS="798" VPOS="1497" WIDTH="32" HEIGHT="18" CONTENT="en" WC="0.57" CC="08"/>
						<SP ID="P155_SP00229" HPOS="830" VPOS="1525" WIDTH="17"/>
						<String ID="P155_ST00255" HPOS="847" VPOS="1487" WIDTH="24" HEIGHT="28" CONTENT="el" WC="0.94" CC="10"/>
						<SP ID="P155_SP00230" HPOS="871" VPOS="1525" WIDTH="17"/>
						<String ID="P155_ST00256" HPOS="888" VPOS="1497" WIDTH="81" HEIGHT="18" CONTENT="cauce" WC="0.54" CC="66540"/>
						<SP ID="P155_SP00231" HPOS="969" VPOS="1525" WIDTH="19"/>
						<String ID="P155_ST00257" HPOS="988" VPOS="1487" WIDTH="41" HEIGHT="28" CONTENT="del" WC="0.82" CC="005"/>
						<SP ID="P155_SP00232" HPOS="1029" VPOS="1525" WIDTH="14"/>
						<String ID="P155_ST00258" HPOS="1043" VPOS="1487" WIDTH="39" HEIGHT="28" CONTENT="río" WC="0.39" CC="737"/>
						<SP ID="P155_SP00233" HPOS="1082" VPOS="1525" WIDTH="14"/>
						<String ID="P155_ST00259" HPOS="1096" VPOS="1497" WIDTH="28" HEIGHT="19" CONTENT="se" WC="0.86" CC="20"/>
						<SP ID="P155_SP00234" HPOS="1124" VPOS="1525" WIDTH="18"/>
						<String ID="P155_ST00260" HPOS="1142" VPOS="1497" WIDTH="47" HEIGHT="19" CONTENT="ven" WC="0.75" CC="007"/>
					</TextLine>
					<TextLine ID="P155_TL00028" HPOS="164" VPOS="1532" WIDTH="1025" HEIGHT="38">
						<String ID="P155_ST00261" HPOS="164" VPOS="1534" WIDTH="104" HEIGHT="29" CONTENT="todavía" WC="0.83" CC="7000040"/>
						<SP ID="P155_SP00235" HPOS="268" VPOS="1563" WIDTH="21"/>
						<String ID="P155_ST00262" HPOS="289" VPOS="1534" WIDTH="103" HEIGHT="28" CONTENT="señales" WC="0.74" CC="0070406"/>
						<SP ID="P155_SP00236" HPOS="392" VPOS="1563" WIDTH="18"/>
						<String ID="P155_ST00263" HPOS="410" VPOS="1533" WIDTH="31" HEIGHT="27" CONTENT="de" WC="1.00" CC="00"/>
						<SP ID="P155_SP00237" HPOS="441" VPOS="1563" WIDTH="20"/>
						<String ID="P155_ST00264" HPOS="461" VPOS="1533" WIDTH="110" HEIGHT="28" CONTENT="haberse" WC="0.57" CC="8006706"/>
						<SP ID="P155_SP00238" HPOS="571" VPOS="1563" WIDTH="19"/>
						<String ID="P155_ST00265" HPOS="590" VPOS="1532" WIDTH="139" HEIGHT="28" CONTENT="cambiado" WC="0.80" CC="10070007"/>
						<SP ID="P155_SP00239" HPOS="729" VPOS="1563" WIDTH="18"/>
						<String ID="P155_ST00266" HPOS="747" VPOS="1542" WIDTH="32" HEIGHT="19" CONTENT="su" WC="0.44" CC="37"/>
						<SP ID="P155_SP00240" HPOS="779" VPOS="1563" WIDTH="18"/>
						<String ID="P155_ST00267" HPOS="797" VPOS="1542" WIDTH="78" HEIGHT="19" CONTENT="curso" WC="0.66" CC="13507"/>
						<SP ID="P155_SP00241" HPOS="875" VPOS="1563" WIDTH="18"/>
						<String ID="P155_ST00268" HPOS="893" VPOS="1542" WIDTH="32" HEIGHT="19" CONTENT="en" WC="0.70" CC="05"/>
						<SP ID="P155_SP00242" HPOS="925" VPOS="1563" WIDTH="16"/>
						<String ID="P155_ST00269" HPOS="941" VPOS="1542" WIDTH="50" HEIGHT="19" CONTENT="una" WC="0.42" CC="376"/>
						<SP ID="P155_SP00243" HPOS="991" VPOS="1563" WIDTH="18"/>
						<String ID="P155_ST00270" HPOS="1009" VPOS="1537" WIDTH="120" HEIGHT="33" CONTENT="pequeña" WC="0.80" CC="0303050"/>
						<SP ID="P155_SP00244" HPOS="1129" VPOS="1570" WIDTH="13"/>
						<String ID="P155_ST00271" HPOS="1142" VPOS="1543" WIDTH="47" HEIGHT="19" CONTENT="ex" SUBS_TYPE="HypPart1" SUBS_CONTENT="extensión." WC="0.67" CC="090"/>
						<HYP CONTENT="-"/>
					</TextLine>
					<TextLine ID="P155_TL00029" HPOS="165" VPOS="1582" WIDTH="116" HEIGHT="28">
						<String ID="P155_ST00272" HPOS="165" VPOS="1582" WIDTH="116" HEIGHT="28" CONTENT="tensión." SUBS_TYPE="HypPart2" SUBS_CONTENT="extensión." WC="0.55" CC="40156772"/>
					</TextLine>
				</TextBlock>
				<TextBlock ID="P155_TB00007" HPOS="163" VPOS="1622" WIDTH="1028" HEIGHT="227" STYLEREFS="TXT_0 PAR_LEFT">
					<TextLine ID="P155_TL00030" HPOS="203" VPOS="1624" WIDTH="987" HEIGHT="39">
						<String ID="P155_ST00273" HPOS="203" VPOS="1628" WIDTH="37" HEIGHT="27" CONTENT="En" WC="0.34" CC="57"/>
						<SP ID="P155_SP00245" HPOS="240" VPOS="1655" WIDTH="16"/>
						<String ID="P155_ST00274" HPOS="256" VPOS="1627" WIDTH="23" HEIGHT="28" CONTENT="el" WC="0.61" CC="34"/>
						<SP ID="P155_SP00246" HPOS="279" VPOS="1655" WIDTH="22"/>
						<String ID="P155_ST00275" HPOS="301" VPOS="1635" WIDTH="96" HEIGHT="28" CONTENT="arroyo" WC="0.72" CC="044304"/>
						<SP ID="P155_SP00247" HPOS="397" VPOS="1663" WIDTH="20"/>
						<String ID="P155_ST00276" HPOS="417" VPOS="1624" WIDTH="107" HEIGHT="38" CONTENT="Gáring," WC="0.87" CC="0001007"/>
						<SP ID="P155_SP00248" HPOS="524" VPOS="1663" WIDTH="26"/>
						<String ID="P155_ST00277" HPOS="550" VPOS="1625" WIDTH="114" HEIGHT="27" CONTENT="término" WC="0.72" CC="3800025"/>
						<SP ID="P155_SP00249" HPOS="664" VPOS="1663" WIDTH="15"/>
						<String ID="P155_ST00278" HPOS="679" VPOS="1624" WIDTH="31" HEIGHT="28" CONTENT="de" WC="0.76" CC="04"/>
						<SP ID="P155_SP00250" HPOS="710" VPOS="1663" WIDTH="21"/>
						<String ID="P155_ST00279" HPOS="731" VPOS="1625" WIDTH="155" HEIGHT="33" CONTENT="Talamban," WC="0.65" CC="043097060"/>
						<SP ID="P155_SP00251" HPOS="886" VPOS="1663" WIDTH="17"/>
						<String ID="P155_ST00280" HPOS="903" VPOS="1635" WIDTH="16" HEIGHT="28" CONTENT="y" WC="1.00" CC="0"/>
						<SP ID="P155_SP00252" HPOS="919" VPOS="1663" WIDTH="18"/>
						<String ID="P155_ST00281" HPOS="937" VPOS="1635" WIDTH="32" HEIGHT="19" CONTENT="en" WC="0.28" CC="77"/>
						<SP ID="P155_SP00253" HPOS="969" VPOS="1663" WIDTH="15"/>
						<String ID="P155_ST00282" HPOS="984" VPOS="1626" WIDTH="23" HEIGHT="27" CONTENT="el" WC="0.83" CC="02"/>
						<SP ID="P155_SP00254" HPOS="1007" VPOS="1663" WIDTH="12"/>
						<String ID="P155_ST00283" HPOS="1019" VPOS="1626" WIDTH="123" HEIGHT="37" CONTENT="Duangon" WC="0.41" CC="5098890"/>
						<SP ID="P155_SP00255" HPOS="1142" VPOS="1663" WIDTH="18"/>
						<String ID="P155_ST00284" HPOS="1160" VPOS="1626" WIDTH="30" HEIGHT="28" CONTENT="de" WC="0.64" CC="07"/>
					</TextLine>
					<TextLine ID="P155_TL00031" HPOS="166" VPOS="1672" WIDTH="1025" HEIGHT="37">
						<String ID="P155_ST00285" HPOS="166" VPOS="1676" WIDTH="97" HEIGHT="29" CONTENT="Danao," WC="0.63" CC="708050"/>
						<SP ID="P155_SP00256" HPOS="263" VPOS="1705" WIDTH="20"/>
						<String ID="P155_ST00286" HPOS="283" VPOS="1673" WIDTH="117" HEIGHT="28" CONTENT="también" WC="0.32" CC="7937468"/>
						<SP ID="P155_SP00257" HPOS="400" VPOS="1705" WIDTH="14"/>
						<String ID="P155_ST00287" HPOS="414" VPOS="1681" WIDTH="29" HEIGHT="20" CONTENT="se" WC="1.00" CC="00"/>
						<SP ID="P155_SP00258" HPOS="443" VPOS="1705" WIDTH="14"/>
						<String ID="P155_ST00288" HPOS="457" VPOS="1680" WIDTH="48" HEIGHT="20" CONTENT="ven" WC="0.67" CC="027"/>
						<SP ID="P155_SP00259" HPOS="505" VPOS="1705" WIDTH="15"/>
						<String ID="P155_ST00289" HPOS="520" VPOS="1672" WIDTH="112" HEIGHT="36" CONTENT="algunos" WC="0.63" CC="0705750"/>
						<SP ID="P155_SP00260" HPOS="632" VPOS="1708" WIDTH="8"/>
						<String ID="P155_ST00290" HPOS="640" VPOS="1672" WIDTH="109" HEIGHT="36" CONTENT="pocilios" WC="0.76" CC="01730050"/>
						<SP ID="P155_SP00261" HPOS="749" VPOS="1708" WIDTH="12"/>
						<String ID="P155_ST00291" HPOS="761" VPOS="1680" WIDTH="16" HEIGHT="29" CONTENT="y" WC="1.00" CC="0"/>
						<SP ID="P155_SP00262" HPOS="777" VPOS="1709" WIDTH="14"/>
						<String ID="P155_ST00292" HPOS="791" VPOS="1676" WIDTH="134" HEIGHT="32" CONTENT="pequeñas" WC="0.60" CC="07960700"/>
						<SP ID="P155_SP00263" HPOS="925" VPOS="1709" WIDTH="14"/>
						<String ID="P155_ST00293" HPOS="939" VPOS="1673" WIDTH="195" HEIGHT="33" CONTENT="excavaciones;" WC="0.69" CC="2060007078710"/>
						<SP ID="P155_SP00264" HPOS="1134" VPOS="1709" WIDTH="12"/>
						<String ID="P155_ST00294" HPOS="1146" VPOS="1681" WIDTH="45" HEIGHT="28" CONTENT="pe" SUBS_TYPE="HypPart1" SUBS_CONTENT="pero" WC="0.89" CC="030"/>
						<HYP CONTENT="-"/>
					</TextLine>
					<TextLine ID="P155_TL00032" HPOS="164" VPOS="1718" WIDTH="1027" HEIGHT="38">
						<String ID="P155_ST00295" HPOS="164" VPOS="1731" WIDTH="30" HEIGHT="19" CONTENT="ro" SUBS_TYPE="HypPart2" SUBS_CONTENT="pero" WC="0.24" CC="77"/>
						<SP ID="P155_SP00265" HPOS="194" VPOS="1750" WIDTH="16"/>
						<String ID="P155_ST00296" HPOS="210" VPOS="1722" WIDTH="37" HEIGHT="27" CONTENT="las" WC="0.29" CC="596"/>
						<SP ID="P155_SP00266" HPOS="247" VPOS="1750" WIDTH="15"/>
						<String ID="P155_ST00297" HPOS="262" VPOS="1729" WIDTH="95" HEIGHT="20" CONTENT="arenas" WC="0.33" CC="607897"/>
						<SP ID="P155_SP00267" HPOS="357" VPOS="1750" WIDTH="19"/>
						<String ID="P155_ST00298" HPOS="376" VPOS="1719" WIDTH="31" HEIGHT="28" CONTENT="de" WC="0.91" CC="01"/>
						<SP ID="P155_SP00268" HPOS="407" VPOS="1750" WIDTH="15"/>
						<String ID="P155_ST00299" HPOS="422" VPOS="1729" WIDTH="45" HEIGHT="17" CONTENT="sus" WC="0.72" CC="080"/>
						<SP ID="P155_SP00269" HPOS="467" VPOS="1750" WIDTH="16"/>
						<String ID="P155_ST00300" HPOS="483" VPOS="1718" WIDTH="97" HEIGHT="33" CONTENT="lechos," WC="0.64" CC="7307140"/>
						<SP ID="P155_SP00270" HPOS="580" VPOS="1751" WIDTH="18"/>
						<String ID="P155_ST00301" HPOS="598" VPOS="1719" WIDTH="23" HEIGHT="26" CONTENT="lo" WC="0.50" CC="54"/>
						<SP ID="P155_SP00271" HPOS="621" VPOS="1751" WIDTH="22"/>
						<String ID="P155_ST00302" HPOS="643" VPOS="1719" WIDTH="96" HEIGHT="27" CONTENT="mismo" WC="0.62" CC="00395"/>
						<SP ID="P155_SP00272" HPOS="739" VPOS="1751" WIDTH="15"/>
						<String ID="P155_ST00303" HPOS="754" VPOS="1728" WIDTH="51" HEIGHT="28" CONTENT="que" WC="0.72" CC="071"/>
						<SP ID="P155_SP00273" HPOS="805" VPOS="1756" WIDTH="17"/>
						<String ID="P155_ST00304" HPOS="822" VPOS="1719" WIDTH="38" HEIGHT="27" CONTENT="las" WC="1.00" CC="000"/>
						<SP ID="P155_SP00274" HPOS="860" VPOS="1756" WIDTH="21"/>
						<String ID="P155_ST00305" HPOS="881" VPOS="1718" WIDTH="40" HEIGHT="27" CONTENT="del" WC="0.80" CC="005"/>
						<SP ID="P155_SP00275" HPOS="921" VPOS="1756" WIDTH="20"/>
						<String ID="P155_ST00306" HPOS="941" VPOS="1718" WIDTH="31" HEIGHT="28" CONTENT="de" WC="0.73" CC="05"/>
						<SP ID="P155_SP00276" HPOS="972" VPOS="1756" WIDTH="19"/>
						<String ID="P155_ST00307" HPOS="991" VPOS="1719" WIDTH="149" HEIGHT="37" CONTENT="Panoypoy," WC="0.77" CC="240600600"/>
						<SP ID="P155_SP00277" HPOS="1140" VPOS="1756" WIDTH="17"/>
						<String ID="P155_ST00308" HPOS="1157" VPOS="1728" WIDTH="34" HEIGHT="18" CONTENT="no" WC="0.88" CC="02"/>
					</TextLine>
					<TextLine ID="P155_TL00033" HPOS="164" VPOS="1765" WIDTH="1027" HEIGHT="38">
						<String ID="P155_ST00309" HPOS="164" VPOS="1776" WIDTH="130" HEIGHT="19" CONTENT="acusaron" WC="0.39" CC="91834748"/>
						<SP ID="P155_SP00278" HPOS="294" VPOS="1795" WIDTH="14"/>
						<String ID="P155_ST00310" HPOS="308" VPOS="1776" WIDTH="48" HEIGHT="27" CONTENT="por" WC="0.76" CC="070"/>
						<SP ID="P155_SP00279" HPOS="356" VPOS="1803" WIDTH="15"/>
						<String ID="P155_ST00311" HPOS="371" VPOS="1767" WIDTH="24" HEIGHT="27" CONTENT="el" WC="0.53" CC="44"/>
						<SP ID="P155_SP00280" HPOS="395" VPOS="1803" WIDTH="16"/>
						<String ID="P155_ST00312" HPOS="411" VPOS="1765" WIDTH="92" HEIGHT="28" CONTENT="lavado" WC="0.69" CC="000809"/>
						<SP ID="P155_SP00281" HPOS="503" VPOS="1803" WIDTH="20"/>
						<String ID="P155_ST00313" HPOS="523" VPOS="1774" WIDTH="51" HEIGHT="27" CONTENT="que" WC="0.44" CC="960"/>
						<SP ID="P155_SP00282" HPOS="574" VPOS="1803" WIDTH="14"/>
						<String ID="P155_ST00314" HPOS="588" VPOS="1773" WIDTH="159" HEIGHT="29" CONTENT="ensayamos" WC="0.70" CC="286200041"/>
						<SP ID="P155_SP00283" HPOS="747" VPOS="1803" WIDTH="12"/>
						<String ID="P155_ST00315" HPOS="759" VPOS="1766" WIDTH="58" HEIGHT="27" CONTENT="más" WC="0.93" CC="002"/>
						<SP ID="P155_SP00284" HPOS="817" VPOS="1803" WIDTH="14"/>
						<String ID="P155_ST00316" HPOS="831" VPOS="1773" WIDTH="50" HEIGHT="28" CONTENT="que" WC="0.15" CC="987"/>
						<SP ID="P155_SP00285" HPOS="881" VPOS="1803" WIDTH="16"/>
						<String ID="P155_ST00317" HPOS="897" VPOS="1765" WIDTH="113" HEIGHT="27" CONTENT="indicios" WC="0.57" CC="47057036"/>
						<SP ID="P155_SP00286" HPOS="1010" VPOS="1803" WIDTH="15"/>
						<String ID="P155_ST00318" HPOS="1025" VPOS="1766" WIDTH="54" HEIGHT="27" CONTENT="casi" WC="0.62" CC="0644"/>
						<SP ID="P155_SP00287" HPOS="1079" VPOS="1803" WIDTH="15"/>
						<String ID="P155_ST00319" HPOS="1094" VPOS="1766" WIDTH="97" HEIGHT="35" CONTENT="imper" SUBS_TYPE="HypPart1" SUBS_CONTENT="imperceptibles" WC="0.75" CC="070052"/>
						<HYP CONTENT="-"/>
					</TextLine>
					<TextLine ID="P155_TL00034" HPOS="163" VPOS="1812" WIDTH="729" HEIGHT="37">
						<String ID="P155_ST00320" HPOS="163" VPOS="1814" WIDTH="127" HEIGHT="35" CONTENT="ceptibles" SUBS_TYPE="HypPart2" SUBS_CONTENT="imperceptibles" WC="0.58" CC="070747082"/>
						<SP ID="P155_SP00288" HPOS="290" VPOS="1849" WIDTH="16"/>
						<String ID="P155_ST00321" HPOS="306" VPOS="1812" WIDTH="31" HEIGHT="28" CONTENT="de" WC="0.64" CC="07"/>
						<SP ID="P155_SP00289" HPOS="337" VPOS="1849" WIDTH="14"/>
						<String ID="P155_ST00322" HPOS="351" VPOS="1812" WIDTH="79" HEIGHT="27" CONTENT="óxido" WC="0.83" CC="70000"/>
						<SP ID="P155_SP00290" HPOS="430" VPOS="1849" WIDTH="14"/>
						<String ID="P155_ST00323" HPOS="444" VPOS="1812" WIDTH="151" HEIGHT="37" CONTENT="magnético" WC="0.44" CC="900877079"/>
						<SP ID="P155_SP00291" HPOS="595" VPOS="1849" WIDTH="15"/>
						<String ID="P155_ST00324" HPOS="610" VPOS="1821" WIDTH="16" HEIGHT="28" CONTENT="y" WC="0.30" CC="6"/>
						<SP ID="P155_SP00292" HPOS="626" VPOS="1849" WIDTH="14"/>
						<String ID="P155_ST00325" HPOS="640" VPOS="1812" WIDTH="95" HEIGHT="37" CONTENT="piritas" WC="0.65" CC="0503806"/>
						<SP ID="P155_SP00293" HPOS="735" VPOS="1849" WIDTH="14"/>
						<String ID="P155_ST00326" HPOS="749" VPOS="1812" WIDTH="32" HEIGHT="27" CONTENT="de" WC="0.13" CC="97"/>
						<SP ID="P155_SP00294" HPOS="781" VPOS="1849" WIDTH="17"/>
						<String ID="P155_ST00327" HPOS="798" VPOS="1812" WIDTH="94" HEIGHT="28" CONTENT="hierro." WC="0.66" CC="7006701"/>
					</TextLine>
				</TextBlock>
				<TextBlock ID="P155_TB00008" HPOS="162" VPOS="1857" WIDTH="1029" HEIGHT="179" STYLEREFS="TXT_0 PAR_LEFT">
					<TextLine ID="P155_TL00035" HPOS="202" VPOS="1857" WIDTH="989" HEIGHT="38">
						<String ID="P155_ST00328" HPOS="202" VPOS="1861" WIDTH="49" HEIGHT="26" CONTENT="Por" WC="0.49" CC="077"/>
						<SP ID="P155_SP00295" HPOS="251" VPOS="1887" WIDTH="22"/>
						<String ID="P155_ST00329" HPOS="273" VPOS="1859" WIDTH="104" HEIGHT="32" CONTENT="último," WC="0.68" CC="7472000"/>
						<SP ID="P155_SP00296" HPOS="377" VPOS="1891" WIDTH="18"/>
						<String ID="P155_ST00330" HPOS="395" VPOS="1867" WIDTH="32" HEIGHT="20" CONTENT="en" WC="0.74" CC="05"/>
						<SP ID="P155_SP00297" HPOS="427" VPOS="1891" WIDTH="14"/>
						<String ID="P155_ST00331" HPOS="441" VPOS="1858" WIDTH="40" HEIGHT="28" CONTENT="los" WC="0.59" CC="560"/>
						<SP ID="P155_SP00298" HPOS="481" VPOS="1891" WIDTH="13"/>
						<String ID="P155_ST00332" HPOS="494" VPOS="1867" WIDTH="111" HEIGHT="28" CONTENT="arroyos" WC="0.75" CC="3050033"/>
						<SP ID="P155_SP00299" HPOS="605" VPOS="1895" WIDTH="15"/>
						<String ID="P155_ST00333" HPOS="620" VPOS="1858" WIDTH="118" HEIGHT="27" CONTENT="Budlaan" WC="0.67" CC="0093900"/>
						<SP ID="P155_SP00300" HPOS="738" VPOS="1895" WIDTH="18"/>
						<String ID="P155_ST00334" HPOS="756" VPOS="1868" WIDTH="14" HEIGHT="27" CONTENT="y" WC="0.01" CC="9"/>
						<SP ID="P155_SP00301" HPOS="770" VPOS="1895" WIDTH="15"/>
						<String ID="P155_ST00335" HPOS="785" VPOS="1858" WIDTH="105" HEIGHT="36" CONTENT="Bayaan" WC="0.75" CC="608000"/>
						<SP ID="P155_SP00302" HPOS="890" VPOS="1895" WIDTH="14"/>
						<String ID="P155_ST00336" HPOS="904" VPOS="1857" WIDTH="31" HEIGHT="28" CONTENT="de" WC="0.73" CC="05"/>
						<SP ID="P155_SP00303" HPOS="935" VPOS="1895" WIDTH="15"/>
						<String ID="P155_ST00337" HPOS="950" VPOS="1857" WIDTH="155" HEIGHT="33" CONTENT="Talamban;" WC="0.60" CC="080907360"/>
						<SP ID="P155_SP00304" HPOS="1105" VPOS="1895" WIDTH="17"/>
						<String ID="P155_ST00338" HPOS="1122" VPOS="1867" WIDTH="31" HEIGHT="18" CONTENT="en" WC="0.63" CC="07"/>
						<SP ID="P155_SP00305" HPOS="1153" VPOS="1895" WIDTH="15"/>
						<String ID="P155_ST00339" HPOS="1168" VPOS="1857" WIDTH="23" HEIGHT="28" CONTENT="el" WC="0.45" CC="64"/>
					</TextLine>
					<TextLine ID="P155_TL00036" HPOS="163" VPOS="1904" WIDTH="1027" HEIGHT="39">
						<String ID="P155_ST00340" HPOS="163" VPOS="1906" WIDTH="39" HEIGHT="29" CONTENT="rio" WC="0.52" CC="076"/>
						<SP ID="P155_SP00306" HPOS="202" VPOS="1935" WIDTH="25"/>
						<String ID="P155_ST00341" HPOS="227" VPOS="1906" WIDTH="153" HEIGHT="37" CONTENT="Guadalupe" WC="0.47" CC="099952054"/>
						<SP ID="P155_SP00307" HPOS="380" VPOS="1943" WIDTH="21"/>
						<String ID="P155_ST00342" HPOS="401" VPOS="1915" WIDTH="15" HEIGHT="28" CONTENT="y" WC="1.00" CC="0"/>
						<SP ID="P155_SP00308" HPOS="416" VPOS="1943" WIDTH="22"/>
						<String ID="P155_ST00343" HPOS="438" VPOS="1915" WIDTH="30" HEIGHT="18" CONTENT="en" WC="0.18" CC="78"/>
						<SP ID="P155_SP00309" HPOS="468" VPOS="1943" WIDTH="22"/>
						<String ID="P155_ST00344" HPOS="490" VPOS="1905" WIDTH="152" HEIGHT="36" CONTENT="Guilaguila" WC="0.69" CC="0762007600"/>
						<SP ID="P155_SP00310" HPOS="642" VPOS="1943" WIDTH="18"/>
						<String ID="P155_ST00345" HPOS="660" VPOS="1905" WIDTH="31" HEIGHT="28" CONTENT="de" WC="0.99" CC="00"/>
						<SP ID="P155_SP00311" HPOS="691" VPOS="1943" WIDTH="21"/>
						<String ID="P155_ST00346" HPOS="712" VPOS="1906" WIDTH="52" HEIGHT="26" CONTENT="San" WC="0.46" CC="708"/>
						<SP ID="P155_SP00312" HPOS="764" VPOS="1943" WIDTH="20"/>
						<String ID="P155_ST00347" HPOS="784" VPOS="1906" WIDTH="112" HEIGHT="28" CONTENT="Nicolás;" WC="0.60" CC="95734000"/>
						<SP ID="P155_SP00313" HPOS="896" VPOS="1943" WIDTH="18"/>
						<String ID="P155_ST00348" HPOS="914" VPOS="1914" WIDTH="31" HEIGHT="18" CONTENT="en" WC="0.26" CC="68"/>
						<SP ID="P155_SP00314" HPOS="945" VPOS="1943" WIDTH="16"/>
						<String ID="P155_ST00349" HPOS="961" VPOS="1905" WIDTH="23" HEIGHT="27" CONTENT="el" WC="0.84" CC="03"/>
						<SP ID="P155_SP00315" HPOS="984" VPOS="1943" WIDTH="21"/>
						<String ID="P155_ST00350" HPOS="1005" VPOS="1905" WIDTH="31" HEIGHT="27" CONTENT="de" WC="0.63" CC="07"/>
						<SP ID="P155_SP00316" HPOS="1036" VPOS="1943" WIDTH="19"/>
						<String ID="P155_ST00351" HPOS="1055" VPOS="1904" WIDTH="135" HEIGHT="37" CONTENT="Labangon" WC="0.66" CC="05008507"/>
					</TextLine>
					<TextLine ID="P155_TL00037" HPOS="163" VPOS="1950" WIDTH="1028" HEIGHT="39">
						<String ID="P155_ST00352" HPOS="163" VPOS="1953" WIDTH="42" HEIGHT="27" CONTENT="del" WC="0.40" CC="952"/>
						<SP ID="P155_SP00317" HPOS="205" VPOS="1980" WIDTH="13"/>
						<String ID="P155_ST00353" HPOS="218" VPOS="1952" WIDTH="95" HEIGHT="32" CONTENT="Pardo;" WC="0.72" CC="036050"/>
						<SP ID="P155_SP00318" HPOS="313" VPOS="1984" WIDTH="18"/>
						<String ID="P155_ST00354" HPOS="331" VPOS="1961" WIDTH="32" HEIGHT="19" CONTENT="en" WC="0.20" CC="78"/>
						<SP ID="P155_SP00319" HPOS="363" VPOS="1984" WIDTH="20"/>
						<String ID="P155_ST00355" HPOS="383" VPOS="1953" WIDTH="23" HEIGHT="27" CONTENT="el" WC="0.69" CC="06"/>
						<SP ID="P155_SP00320" HPOS="406" VPOS="1984" WIDTH="15"/>
						<String ID="P155_ST00356" HPOS="421" VPOS="1950" WIDTH="137" HEIGHT="39" CONTENT="Jagucaya" WC="0.66" CC="09004390"/>
						<SP ID="P155_SP00321" HPOS="558" VPOS="1989" WIDTH="15"/>
						<String ID="P155_ST00357" HPOS="573" VPOS="1950" WIDTH="32" HEIGHT="29" CONTENT="de" WC="1.00" CC="00"/>
						<SP ID="P155_SP00322" HPOS="605" VPOS="1989" WIDTH="16"/>
						<String ID="P155_ST00358" HPOS="621" VPOS="1951" WIDTH="171" HEIGHT="37" CONTENT="Minglanilla;" WC="0.49" CC="848909811033"/>
						<SP ID="P155_SP00323" HPOS="792" VPOS="1989" WIDTH="18"/>
						<String ID="P155_ST00359" HPOS="810" VPOS="1961" WIDTH="32" HEIGHT="17" CONTENT="en" WC="0.51" CC="18"/>
						<SP ID="P155_SP00324" HPOS="842" VPOS="1989" WIDTH="17"/>
						<String ID="P155_ST00360" HPOS="859" VPOS="1950" WIDTH="176" HEIGHT="31" CONTENT="Gabaneaban," WC="0.58" CC="50890700094"/>
						<SP ID="P155_SP00325" HPOS="1035" VPOS="1989" WIDTH="19"/>
						<String ID="P155_ST00361" HPOS="1054" VPOS="1954" WIDTH="75" HEIGHT="33" CONTENT="parte" WC="0.65" CC="01087"/>
						<SP ID="P155_SP00326" HPOS="1129" VPOS="1989" WIDTH="15"/>
						<String ID="P155_ST00362" HPOS="1144" VPOS="1959" WIDTH="47" HEIGHT="18" CONTENT="su" SUBS_TYPE="HypPart1" SUBS_CONTENT="superior" WC="0.54" CC="480"/>
						<HYP CONTENT="-"/>
					</TextLine>
					<TextLine ID="P155_TL00038" HPOS="163" VPOS="1996" WIDTH="1027" HEIGHT="40">
						<String ID="P155_ST00363" HPOS="163" VPOS="2000" WIDTH="89" HEIGHT="36" CONTENT="perior" SUBS_TYPE="HypPart2" SUBS_CONTENT="superior" WC="0.50" CC="980650"/>
						<SP ID="P155_SP00327" HPOS="252" VPOS="2036" WIDTH="15"/>
						<String ID="P155_ST00364" HPOS="267" VPOS="1999" WIDTH="39" HEIGHT="28" CONTENT="del" WC="0.46" CC="078"/>
						<SP ID="P155_SP00328" HPOS="306" VPOS="2036" WIDTH="15"/>
						<String ID="P155_ST00365" HPOS="321" VPOS="1999" WIDTH="40" HEIGHT="28" CONTENT="rio" WC="0.11" CC="969"/>
						<SP ID="P155_SP00329" HPOS="361" VPOS="2036" WIDTH="13"/>
						<String ID="P155_ST00366" HPOS="374" VPOS="1999" WIDTH="140" HEIGHT="28" CONTENT="Bilináuan" WC="0.51" CC="345382454"/>
						<SP ID="P155_SP00330" HPOS="514" VPOS="2036" WIDTH="12"/>
						<String ID="P155_ST00367" HPOS="526" VPOS="1998" WIDTH="31" HEIGHT="28" CONTENT="de" WC="1.00" CC="00"/>
						<SP ID="P155_SP00331" HPOS="557" VPOS="2036" WIDTH="9"/>
						<String ID="P155_ST00368" HPOS="566" VPOS="1999" WIDTH="107" HEIGHT="31" CONTENT="Carear;" WC="0.78" CC="4550000"/>
						<SP ID="P155_SP00332" HPOS="673" VPOS="2036" WIDTH="15"/>
						<String ID="P155_ST00369" HPOS="688" VPOS="2006" WIDTH="32" HEIGHT="20" CONTENT="en" WC="0.57" CC="08"/>
						<SP ID="P155_SP00333" HPOS="720" VPOS="2036" WIDTH="11"/>
						<String ID="P155_ST00370" HPOS="731" VPOS="1998" WIDTH="23" HEIGHT="28" CONTENT="el" WC="0.72" CC="14"/>
						<SP ID="P155_SP00334" HPOS="754" VPOS="2036" WIDTH="12"/>
						<String ID="P155_ST00371" HPOS="766" VPOS="2006" WIDTH="97" HEIGHT="29" CONTENT="arroyo" WC="0.55" CC="091707"/>
						<SP ID="P155_SP00335" HPOS="863" VPOS="2036" WIDTH="11"/>
						<String ID="P155_ST00372" HPOS="874" VPOS="1997" WIDTH="111" HEIGHT="36" CONTENT="Cangali" WC="0.76" CC="5046000"/>
						<SP ID="P155_SP00336" HPOS="985" VPOS="2036" WIDTH="17"/>
						<String ID="P155_ST00373" HPOS="1002" VPOS="1997" WIDTH="32" HEIGHT="28" CONTENT="de" WC="0.93" CC="01"/>
						<SP ID="P155_SP00337" HPOS="1034" VPOS="2036" WIDTH="19"/>
						<String ID="P155_ST00374" HPOS="1053" VPOS="1996" WIDTH="137" HEIGHT="31" CONTENT="Jinalilan;" WC="0.66" CC="5174073500"/>
					</TextLine>
				</TextBlock>
			</PrintSpace>
		</Page>
	</Layout>
</alto>
