<?xml version="1.0" encoding="UTF-8"?>
<alto xmlns:xsi="http://www.w3.org/2001/XMLSchema-instance" xsi:noNamespaceSchemaLocation="http://www.bl.uk/schemas/alto/alto-1-4.xsd" xmlns:xlink="http://www.w3.org/1999/xlink">
	<Description>
		<MeasurementUnit>mm10</MeasurementUnit>
		<sourceImageInformation>
			<fileName>//head1/IN/2008-38/A0012069182/010112.jp2</fileName>
		</sourceImageInformation>
		<OCRProcessing ID="OCRPROCESSING_1">
			<preProcessingStep>
				<processingSoftware>
					<softwareCreator>CCS Content Conversion Specialists GmbH, Germany</softwareCreator>
					<softwareName>CCS docWORKS</softwareName>
					<softwareVersion>6.1-0.67</softwareVersion>
				</processingSoftware>
			</preProcessingStep>
			<ocrProcessingStep>
				<processingSoftware>
					<softwareCreator>ABBYY (BIT Software), Russia</softwareCreator>
					<softwareName>Finereader</softwareName>
				</processingSoftware>
			</ocrProcessingStep>
		</OCRProcessing>
	</Description>
	<Styles>
		<TextStyle ID="TXT_0" FONTSIZE="11" FONTFAMILY="Courier New"/>
		<TextStyle ID="TXT_1" FONTSIZE="9" FONTFAMILY="Courier New"/>
		<ParagraphStyle ID="PAR_LEFT" ALIGN="Left"/>
		<ParagraphStyle ID="PAR_RIGHT" ALIGN="Right"/>
	</Styles>
	<Layout>
		<Page ID="P22" PHYSICAL_IMG_NR="22" HEIGHT="2363" WIDTH="1475" PRINTED_IMG_NR="14" POSITION="Left" ACCURACY="60.80">
			<TopMargin ID="P22_TM00001" HPOS="0" VPOS="0" WIDTH="1474" HEIGHT="239">
				<TextBlock ID="P22_TB00001" HPOS="299" VPOS="216" WIDTH="22" HEIGHT="21" STYLEREFS="TXT_0 PAR_LEFT">
					<TextLine ID="P22_TL00001" HPOS="299" VPOS="216" WIDTH="22" HEIGHT="21">
						<String ID="P22_ST00001" HPOS="299" VPOS="216" WIDTH="22" HEIGHT="21" CONTENT="14" WC="1.00" CC="00"/>
					</TextLine>
				</TextBlock>
				<TextBlock ID="P22_TB00002" HPOS="653" VPOS="215" WIDTH="248" HEIGHT="23" STYLEREFS="TXT_1 PAR_RIGHT">
					<TextLine ID="P22_TL00002" HPOS="654" VPOS="216" WIDTH="247" HEIGHT="22">
						<String ID="P22_ST00002" HPOS="654" VPOS="216" WIDTH="154" HEIGHT="22" CONTENT="DESCRIPCIÓN" WC="0.28" CC="77764487878"/>
						<SP ID="P22_SP00001" HPOS="808" VPOS="238" WIDTH="19"/>
						<String ID="P22_ST00003" HPOS="827" VPOS="216" WIDTH="74" HEIGHT="22" CONTENT="física" WC="0.52" CC="780075"/>
					</TextLine>
				</TextBlock>
			</TopMargin>
			<LeftMargin ID="P22_LM00001" HPOS="0" VPOS="239" WIDTH="257" HEIGHT="1809"/>
			<RightMargin ID="P22_RM00001" HPOS="1300" VPOS="239" WIDTH="174" HEIGHT="1809"/>
			<BottomMargin ID="P22_BM00001" HPOS="0" VPOS="2048" WIDTH="1474" HEIGHT="315"/>
			<PrintSpace ID="P22_PS00001" HPOS="257" VPOS="239" WIDTH="1043" HEIGHT="1809">
				<TextBlock ID="P22_TB00003" HPOS="261" VPOS="253" WIDTH="1039" HEIGHT="507" STYLEREFS="TXT_1 PAR_LEFT">
					<TextLine ID="P22_TL00003" HPOS="264" VPOS="253" WIDTH="1036" HEIGHT="46">
						<String ID="P22_ST00004" HPOS="264" VPOS="271" WIDTH="124" HEIGHT="28" CONTENT="compara" WC="0.57" CC="2780073"/>
						<SP ID="P22_SP00002" HPOS="388" VPOS="299" WIDTH="9"/>
						<String ID="P22_ST00005" HPOS="397" VPOS="271" WIDTH="50" HEIGHT="18" CONTENT="con" WC="0.22" CC="597"/>
						<SP ID="P22_SP00003" HPOS="447" VPOS="299" WIDTH="9"/>
						<String ID="P22_ST00006" HPOS="456" VPOS="262" WIDTH="24" HEIGHT="27" CONTENT="la" WC="0.67" CC="23"/>
						<SP ID="P22_SP00004" HPOS="480" VPOS="299" WIDTH="12"/>
						<String ID="P22_ST00007" HPOS="492" VPOS="262" WIDTH="31" HEIGHT="27" CONTENT="de" WC="0.65" CC="07"/>
						<SP ID="P22_SP00005" HPOS="523" VPOS="299" WIDTH="12"/>
						<String ID="P22_ST00008" HPOS="535" VPOS="266" WIDTH="72" HEIGHT="24" CONTENT="otros" WC="0.58" CC="00767"/>
						<SP ID="P22_SP00006" HPOS="607" VPOS="299" WIDTH="11"/>
						<String ID="P22_ST00009" HPOS="618" VPOS="263" WIDTH="102" HEIGHT="33" CONTENT="climas," WC="0.78" CC="0300360"/>
						<SP ID="P22_SP00007" HPOS="720" VPOS="299" WIDTH="8"/>
						<String ID="P22_ST00010" HPOS="728" VPOS="271" WIDTH="85" HEIGHT="23" CONTENT="como," WC="0.73" CC="30044"/>
						<SP ID="P22_SP00008" HPOS="813" VPOS="299" WIDTH="13"/>
						<String ID="P22_ST00011" HPOS="826" VPOS="270" WIDTH="47" HEIGHT="28" CONTENT="por" WC="0.55" CC="804"/>
						<SP ID="P22_SP00009" HPOS="873" VPOS="299" WIDTH="10"/>
						<String ID="P22_ST00012" HPOS="883" VPOS="259" WIDTH="123" HEIGHT="37" CONTENT="ejemplo," WC="0.60" CC="60460462"/>
						<SP ID="P22_SP00010" HPOS="1006" VPOS="299" WIDTH="11"/>
						<String ID="P22_ST00013" HPOS="1017" VPOS="258" WIDTH="26" HEIGHT="27" CONTENT="la" WC="0.83" CC="30"/>
						<SP ID="P22_SP00011" HPOS="1043" VPOS="299" WIDTH="8"/>
						<String ID="P22_ST00014" HPOS="1051" VPOS="256" WIDTH="32" HEIGHT="28" CONTENT="de" WC="0.34" CC="93"/>
						<SP ID="P22_SP00012" HPOS="1083" VPOS="299" WIDTH="10"/>
						<String ID="P22_ST00015" HPOS="1093" VPOS="255" WIDTH="115" HEIGHT="38" CONTENT="algunas" WC="0.49" CC="3487740"/>
						<SP ID="P22_SP00013" HPOS="1208" VPOS="299" WIDTH="12"/>
						<String ID="P22_ST00016" HPOS="1220" VPOS="253" WIDTH="32" HEIGHT="29" CONTENT="de" WC="0.91" CC="10"/>
						<SP ID="P22_SP00014" HPOS="1252" VPOS="299" WIDTH="10"/>
						<String ID="P22_ST00017" HPOS="1262" VPOS="253" WIDTH="38" HEIGHT="27" CONTENT="las" WC="0.56" CC="570"/>
					</TextLine>
					<TextLine ID="P22_TL00004" HPOS="264" VPOS="301" WIDTH="1034" HEIGHT="43">
						<String ID="P22_ST00018" HPOS="264" VPOS="309" WIDTH="149" HEIGHT="35" CONTENT="provincias" WC="0.50" CC="0366277266"/>
						<SP ID="P22_SP00015" HPOS="413" VPOS="344" WIDTH="13"/>
						<String ID="P22_ST00019" HPOS="426" VPOS="309" WIDTH="132" HEIGHT="28" CONTENT="centrales" WC="0.59" CC="708176040"/>
						<SP ID="P22_SP00016" HPOS="558" VPOS="344" WIDTH="14"/>
						<String ID="P22_ST00020" HPOS="572" VPOS="309" WIDTH="32" HEIGHT="29" CONTENT="de" WC="1.00" CC="00"/>
						<SP ID="P22_SP00017" HPOS="604" VPOS="344" WIDTH="11"/>
						<String ID="P22_ST00021" HPOS="615" VPOS="310" WIDTH="25" HEIGHT="27" CONTENT="la" WC="0.63" CC="60"/>
						<SP ID="P22_SP00018" HPOS="640" VPOS="344" WIDTH="11"/>
						<String ID="P22_ST00022" HPOS="651" VPOS="309" WIDTH="151" HEIGHT="28" CONTENT="Península." WC="0.61" CC="0088868000"/>
						<SP ID="P22_SP00019" HPOS="802" VPOS="344" WIDTH="16"/>
						<String ID="P22_ST00023" HPOS="818" VPOS="308" WIDTH="131" HEIGHT="27" CONTENT="Debemos" WC="0.39" CC="8672970"/>
						<SP ID="P22_SP00020" HPOS="949" VPOS="344" WIDTH="12"/>
						<String ID="P22_ST00024" HPOS="961" VPOS="304" WIDTH="131" HEIGHT="32" CONTENT="advertir," WC="0.77" CC="000066051"/>
						<SP ID="P22_SP00021" HPOS="1092" VPOS="344" WIDTH="14"/>
						<String ID="P22_ST00025" HPOS="1106" VPOS="303" WIDTH="42" HEIGHT="27" CONTENT="sin" WC="0.51" CC="058"/>
						<SP ID="P22_SP00022" HPOS="1148" VPOS="344" WIDTH="11"/>
						<String ID="P22_ST00026" HPOS="1159" VPOS="301" WIDTH="139" HEIGHT="36" CONTENT="embargo," WC="0.39" CC="59756940"/>
					</TextLine>
					<TextLine ID="P22_TL00005" HPOS="262" VPOS="348" WIDTH="1038" HEIGHT="44">
						<String ID="P22_ST00027" HPOS="262" VPOS="364" WIDTH="59" HEIGHT="27" CONTENT="que," WC="0.42" CC="9632"/>
						<SP ID="P22_SP00023" HPOS="321" VPOS="391" WIDTH="21"/>
						<String ID="P22_ST00028" HPOS="342" VPOS="359" WIDTH="72" HEIGHT="23" CONTENT="tanto" WC="0.50" CC="50765"/>
						<SP ID="P22_SP00024" HPOS="414" VPOS="391" WIDTH="15"/>
						<String ID="P22_ST00029" HPOS="429" VPOS="365" WIDTH="32" HEIGHT="17" CONTENT="en" WC="0.22" CC="78"/>
						<SP ID="P22_SP00025" HPOS="461" VPOS="391" WIDTH="15"/>
						<String ID="P22_ST00030" HPOS="476" VPOS="355" WIDTH="25" HEIGHT="27" CONTENT="la" WC="0.29" CC="67"/>
						<SP ID="P22_SP00026" HPOS="501" VPOS="391" WIDTH="15"/>
						<String ID="P22_ST00031" HPOS="516" VPOS="356" WIDTH="98" HEIGHT="36" CONTENT="capital" WC="0.75" CC="6301400"/>
						<SP ID="P22_SP00027" HPOS="614" VPOS="392" WIDTH="15"/>
						<String ID="P22_ST00032" HPOS="629" VPOS="365" WIDTH="77" HEIGHT="18" CONTENT="como" WC="0.49" CC="7507"/>
						<SP ID="P22_SP00028" HPOS="706" VPOS="392" WIDTH="15"/>
						<String ID="P22_ST00033" HPOS="721" VPOS="365" WIDTH="32" HEIGHT="18" CONTENT="en" WC="0.57" CC="08"/>
						<SP ID="P22_SP00029" HPOS="753" VPOS="392" WIDTH="16"/>
						<String ID="P22_ST00034" HPOS="769" VPOS="354" WIDTH="61" HEIGHT="28" CONTENT="toda" WC="0.68" CC="5700"/>
						<SP ID="P22_SP00030" HPOS="830" VPOS="392" WIDTH="12"/>
						<String ID="P22_ST00035" HPOS="842" VPOS="355" WIDTH="24" HEIGHT="27" CONTENT="la" WC="0.84" CC="30"/>
						<SP ID="P22_SP00031" HPOS="866" VPOS="392" WIDTH="12"/>
						<String ID="P22_ST00036" HPOS="878" VPOS="354" WIDTH="60" HEIGHT="31" CONTENT="isla," WC="0.73" CC="23240"/>
						<SP ID="P22_SP00032" HPOS="938" VPOS="392" WIDTH="21"/>
						<String ID="P22_ST00037" HPOS="959" VPOS="353" WIDTH="24" HEIGHT="26" CONTENT="la" WC="0.96" CC="00"/>
						<SP ID="P22_SP00033" HPOS="983" VPOS="392" WIDTH="11"/>
						<String ID="P22_ST00038" HPOS="994" VPOS="350" WIDTH="145" HEIGHT="28" CONTENT="oscilación" WC="0.50" CC="0552147678"/>
						<SP ID="P22_SP00034" HPOS="1139" VPOS="392" WIDTH="11"/>
						<String ID="P22_ST00039" HPOS="1150" VPOS="348" WIDTH="81" HEIGHT="28" CONTENT="anual" WC="0.66" CC="16800"/>
						<SP ID="P22_SP00035" HPOS="1231" VPOS="392" WIDTH="12"/>
						<String ID="P22_ST00040" HPOS="1243" VPOS="356" WIDTH="57" HEIGHT="18" CONTENT="sue" SUBS_TYPE="HypPart1" SUBS_CONTENT="suele" WC="0.15" CC="9878"/>
						<HYP CONTENT="-"/>
					</TextLine>
					<TextLine ID="P22_TL00006" HPOS="262" VPOS="393" WIDTH="1035" HEIGHT="45">
						<String ID="P22_ST00041" HPOS="262" VPOS="400" WIDTH="23" HEIGHT="27" CONTENT="le" SUBS_TYPE="HypPart2" SUBS_CONTENT="suele" WC="0.86" CC="02"/>
						<SP ID="P22_SP00036" HPOS="285" VPOS="427" WIDTH="14"/>
						<String ID="P22_ST00042" HPOS="299" VPOS="409" WIDTH="42" HEIGHT="19" CONTENT="ser" WC="0.49" CC="635"/>
						<SP ID="P22_SP00037" HPOS="341" VPOS="428" WIDTH="14"/>
						<String ID="P22_ST00043" HPOS="355" VPOS="401" WIDTH="58" HEIGHT="36" CONTENT="algo" WC="0.47" CC="0397"/>
						<SP ID="P22_SP00038" HPOS="413" VPOS="437" WIDTH="16"/>
						<String ID="P22_ST00044" HPOS="429" VPOS="409" WIDTH="103" HEIGHT="29" CONTENT="mayor," WC="0.56" CC="760903"/>
						<SP ID="P22_SP00039" HPOS="532" VPOS="438" WIDTH="18"/>
						<String ID="P22_ST00045" HPOS="550" VPOS="410" WIDTH="106" HEIGHT="28" CONTENT="aunque" WC="0.65" CC="065080"/>
						<SP ID="P22_SP00040" HPOS="656" VPOS="438" WIDTH="17"/>
						<String ID="P22_ST00046" HPOS="673" VPOS="410" WIDTH="31" HEIGHT="19" CONTENT="no" WC="0.28" CC="85"/>
						<SP ID="P22_SP00041" HPOS="704" VPOS="438" WIDTH="17"/>
						<String ID="P22_ST00047" HPOS="721" VPOS="410" WIDTH="62" HEIGHT="27" CONTENT="pasa" WC="0.76" CC="0090"/>
						<SP ID="P22_SP00042" HPOS="783" VPOS="438" WIDTH="20"/>
						<String ID="P22_ST00048" HPOS="803" VPOS="399" WIDTH="201" HEIGHT="38" CONTENT="generalmente" WC="0.84" CC="000006000830"/>
						<SP ID="P22_SP00043" HPOS="1004" VPOS="438" WIDTH="14"/>
						<String ID="P22_ST00049" HPOS="1018" VPOS="397" WIDTH="32" HEIGHT="27" CONTENT="de" WC="1.00" CC="00"/>
						<SP ID="P22_SP00044" HPOS="1050" VPOS="438" WIDTH="21"/>
						<String ID="P22_ST00050" HPOS="1071" VPOS="396" WIDTH="27" HEIGHT="27" CONTENT='5"' WC="0.40" CC="47"/>
						<SP ID="P22_SP00045" HPOS="1098" VPOS="438" WIDTH="18"/>
						<String ID="P22_ST00051" HPOS="1116" VPOS="393" WIDTH="181" HEIGHT="38" CONTENT="centígrados." WC="0.51" CC="737077490090"/>
					</TextLine>
					<TextLine ID="P22_TL00007" HPOS="302" VPOS="440" WIDTH="998" HEIGHT="43">
						<String ID="P22_ST00052" HPOS="302" VPOS="447" WIDTH="129" HEIGHT="27" CONTENT="Máximos" WC="0.38" CC="8074597"/>
						<SP ID="P22_SP00046" HPOS="431" VPOS="474" WIDTH="12"/>
						<String ID="P22_ST00053" HPOS="443" VPOS="457" WIDTH="15" HEIGHT="26" CONTENT="g" WC="0.01" CC="9"/>
						<SP ID="P22_SP00047" HPOS="458" VPOS="483" WIDTH="11"/>
						<String ID="P22_ST00054" HPOS="469" VPOS="448" WIDTH="129" HEIGHT="28" CONTENT="mínimos." WC="0.53" CC="94939000"/>
						<String ID="P22_ST00055" HPOS="604" VPOS="465" WIDTH="35" HEIGHT="2" CONTENT="—" WC="0.20" CC="8"/>
						<String ID="P22_ST00056" HPOS="641" VPOS="448" WIDTH="119" HEIGHT="28" CONTENT="Durante" WC="0.45" CC="7603775"/>
						<SP ID="P22_SP00048" HPOS="760" VPOS="483" WIDTH="12"/>
						<String ID="P22_ST00057" HPOS="772" VPOS="448" WIDTH="23" HEIGHT="27" CONTENT="el" WC="1.00" CC="00"/>
						<SP ID="P22_SP00049" HPOS="795" VPOS="483" WIDTH="12"/>
						<String ID="P22_ST00058" HPOS="807" VPOS="450" WIDTH="50" HEIGHT="24" CONTENT="año" WC="0.52" CC="076"/>
						<SP ID="P22_SP00050" HPOS="857" VPOS="483" WIDTH="12"/>
						<String ID="P22_ST00059" HPOS="869" VPOS="455" WIDTH="27" HEIGHT="18" CONTENT="se" WC="0.63" CC="07"/>
						<SP ID="P22_SP00051" HPOS="896" VPOS="483" WIDTH="13"/>
						<String ID="P22_ST00060" HPOS="909" VPOS="445" WIDTH="130" HEIGHT="27" CONTENT="observan" WC="0.73" CC="07007006"/>
						<SP ID="P22_SP00052" HPOS="1039" VPOS="483" WIDTH="14"/>
						<String ID="P22_ST00061" HPOS="1053" VPOS="452" WIDTH="32" HEIGHT="18" CONTENT="en" WC="0.57" CC="08"/>
						<SP ID="P22_SP00053" HPOS="1085" VPOS="483" WIDTH="16"/>
						<String ID="P22_ST00062" HPOS="1101" VPOS="442" WIDTH="82" HEIGHT="31" CONTENT="Cebú," WC="0.66" CC="00672"/>
						<SP ID="P22_SP00054" HPOS="1183" VPOS="483" WIDTH="14"/>
						<String ID="P22_ST00063" HPOS="1197" VPOS="441" WIDTH="24" HEIGHT="27" CONTENT="lo" WC="0.50" CC="63"/>
						<SP ID="P22_SP00055" HPOS="1221" VPOS="483" WIDTH="11"/>
						<String ID="P22_ST00064" HPOS="1232" VPOS="440" WIDTH="68" HEIGHT="27" CONTENT="mis" SUBS_TYPE="HypPart1" SUBS_CONTENT="mismo" WC="0.68" CC="0560"/>
						<HYP CONTENT="-"/>
					</TextLine>
					<TextLine ID="P22_TL00008" HPOS="262" VPOS="489" WIDTH="1034" HEIGHT="42">
						<String ID="P22_ST00065" HPOS="262" VPOS="502" WIDTH="43" HEIGHT="18" CONTENT="mo" SUBS_TYPE="HypPart2" SUBS_CONTENT="mismo" WC="0.56" CC="08"/>
						<SP ID="P22_SP00056" HPOS="305" VPOS="520" WIDTH="14"/>
						<String ID="P22_ST00066" HPOS="319" VPOS="503" WIDTH="50" HEIGHT="27" CONTENT="que" WC="0.43" CC="960"/>
						<SP ID="P22_SP00057" HPOS="369" VPOS="530" WIDTH="14"/>
						<String ID="P22_ST00067" HPOS="383" VPOS="503" WIDTH="32" HEIGHT="18" CONTENT="en" WC="0.25" CC="68"/>
						<SP ID="P22_SP00058" HPOS="415" VPOS="530" WIDTH="13"/>
						<String ID="P22_ST00068" HPOS="428" VPOS="494" WIDTH="59" HEIGHT="27" CONTENT="todo" WC="0.55" CC="5705"/>
						<SP ID="P22_SP00059" HPOS="487" VPOS="530" WIDTH="12"/>
						<String ID="P22_ST00069" HPOS="499" VPOS="495" WIDTH="138" HEIGHT="36" CONTENT="Filipinas," WC="0.57" CC="4147018940"/>
						<SP ID="P22_SP00060" HPOS="637" VPOS="531" WIDTH="14"/>
						<String ID="P22_ST00070" HPOS="651" VPOS="494" WIDTH="46" HEIGHT="28" CONTENT="dos" WC="0.87" CC="030"/>
						<SP ID="P22_SP00061" HPOS="697" VPOS="531" WIDTH="11"/>
						<String ID="P22_ST00071" HPOS="708" VPOS="493" WIDTH="127" HEIGHT="28" CONTENT="máximos" WC="0.83" CC="0304020"/>
						<SP ID="P22_SP00062" HPOS="835" VPOS="531" WIDTH="12"/>
						<String ID="P22_ST00072" HPOS="847" VPOS="503" WIDTH="15" HEIGHT="26" CONTENT="g" WC="0.01" CC="9"/>
						<SP ID="P22_SP00063" HPOS="862" VPOS="531" WIDTH="13"/>
						<String ID="P22_ST00073" HPOS="875" VPOS="492" WIDTH="46" HEIGHT="27" CONTENT="dos" WC="0.17" CC="689"/>
						<SP ID="P22_SP00064" HPOS="921" VPOS="531" WIDTH="11"/>
						<String ID="P22_ST00074" HPOS="932" VPOS="491" WIDTH="119" HEIGHT="27" CONTENT="mínimos" WC="0.51" CC="0087089"/>
						<SP ID="P22_SP00065" HPOS="1051" VPOS="531" WIDTH="12"/>
						<String ID="P22_ST00075" HPOS="1063" VPOS="489" WIDTH="32" HEIGHT="28" CONTENT="de" WC="1.00" CC="00"/>
						<SP ID="P22_SP00066" HPOS="1095" VPOS="531" WIDTH="12"/>
						<String ID="P22_ST00076" HPOS="1107" VPOS="492" WIDTH="189" HEIGHT="33" CONTENT="temperatura:" WC="0.37" CC="870986687075"/>
					</TextLine>
					<TextLine ID="P22_TL00009" HPOS="263" VPOS="533" WIDTH="1035" HEIGHT="43">
						<String ID="P22_ST00077" HPOS="263" VPOS="540" WIDTH="117" HEIGHT="35" CONTENT="aquéllos" WC="0.51" CC="40877740"/>
						<SP ID="P22_SP00067" HPOS="380" VPOS="575" WIDTH="14"/>
						<String ID="P22_ST00078" HPOS="394" VPOS="549" WIDTH="31" HEIGHT="18" CONTENT="en" WC="0.36" CC="48"/>
						<SP ID="P22_SP00068" HPOS="425" VPOS="575" WIDTH="16"/>
						<String ID="P22_ST00079" HPOS="441" VPOS="540" WIDTH="39" HEIGHT="27" CONTENT="los" WC="0.74" CC="160"/>
						<SP ID="P22_SP00069" HPOS="480" VPOS="575" WIDTH="14"/>
						<String ID="P22_ST00080" HPOS="494" VPOS="540" WIDTH="121" HEIGHT="36" CONTENT="períodos" WC="0.71" CC="00076063"/>
						<SP ID="P22_SP00070" HPOS="615" VPOS="576" WIDTH="14"/>
						<String ID="P22_ST00081" HPOS="629" VPOS="540" WIDTH="32" HEIGHT="28" CONTENT="de" WC="1.00" CC="00"/>
						<SP ID="P22_SP00071" HPOS="661" VPOS="576" WIDTH="12"/>
						<String ID="P22_ST00082" HPOS="673" VPOS="540" WIDTH="101" HEIGHT="28" CONTENT="calmas" WC="0.66" CC="106750"/>
						<SP ID="P22_SP00072" HPOS="774" VPOS="576" WIDTH="15"/>
						<String ID="P22_ST00083" HPOS="789" VPOS="548" WIDTH="51" HEIGHT="27" CONTENT="que" WC="0.75" CC="070"/>
						<SP ID="P22_SP00073" HPOS="840" VPOS="576" WIDTH="20"/>
						<String ID="P22_ST00084" HPOS="860" VPOS="538" WIDTH="106" HEIGHT="27" CONTENT="forman" WC="0.56" CC="047058"/>
						<SP ID="P22_SP00074" HPOS="966" VPOS="576" WIDTH="16"/>
						<String ID="P22_ST00085" HPOS="982" VPOS="537" WIDTH="22" HEIGHT="27" CONTENT="el" WC="0.42" CC="55"/>
						<SP ID="P22_SP00075" HPOS="1004" VPOS="576" WIDTH="16"/>
						<String ID="P22_ST00086" HPOS="1020" VPOS="536" WIDTH="115" HEIGHT="28" CONTENT="tránsito" WC="0.59" CC="90575004"/>
						<SP ID="P22_SP00076" HPOS="1135" VPOS="576" WIDTH="15"/>
						<String ID="P22_ST00087" HPOS="1150" VPOS="534" WIDTH="33" HEIGHT="28" CONTENT="de" WC="1.00" CC="00"/>
						<SP ID="P22_SP00077" HPOS="1183" VPOS="576" WIDTH="15"/>
						<String ID="P22_ST00088" HPOS="1198" VPOS="534" WIDTH="39" HEIGHT="27" CONTENT="las" WC="0.40" CC="754"/>
						<SP ID="P22_SP00078" HPOS="1237" VPOS="576" WIDTH="14"/>
						<String ID="P22_ST00089" HPOS="1251" VPOS="533" WIDTH="47" HEIGHT="27" CONTENT="dos" WC="0.51" CC="077"/>
					</TextLine>
					<TextLine ID="P22_TL00010" HPOS="263" VPOS="580" WIDTH="1035" HEIGHT="43">
						<String ID="P22_ST00090" HPOS="263" VPOS="594" WIDTH="141" HEIGHT="20" CONTENT="monzones" WC="0.54" CC="07870804"/>
						<SP ID="P22_SP00079" HPOS="404" VPOS="614" WIDTH="15"/>
						<String ID="P22_ST00091" HPOS="419" VPOS="586" WIDTH="14" HEIGHT="27" CONTENT="ó" WC="0.25" CC="7"/>
						<SP ID="P22_SP00080" HPOS="433" VPOS="614" WIDTH="19"/>
						<String ID="P22_ST00092" HPOS="452" VPOS="587" WIDTH="147" HEIGHT="27" CONTENT="estaciones" WC="0.67" CC="0730437600"/>
						<SP ID="P22_SP00081" HPOS="599" VPOS="614" WIDTH="19"/>
						<String ID="P22_ST00093" HPOS="618" VPOS="586" WIDTH="32" HEIGHT="28" CONTENT="de" WC="1.00" CC="00"/>
						<SP ID="P22_SP00082" HPOS="650" VPOS="614" WIDTH="19"/>
						<String ID="P22_ST00094" HPOS="669" VPOS="595" WIDTH="51" HEIGHT="28" CONTENT="que" WC="0.77" CC="060"/>
						<SP ID="P22_SP00083" HPOS="720" VPOS="623" WIDTH="19"/>
						<String ID="P22_ST00095" HPOS="739" VPOS="594" WIDTH="93" HEIGHT="20" CONTENT="vamos" WC="0.90" CC="04000"/>
						<SP ID="P22_SP00084" HPOS="832" VPOS="623" WIDTH="14"/>
						<String ID="P22_ST00096" HPOS="846" VPOS="586" WIDTH="14" HEIGHT="26" CONTENT="á" WC="1.00" CC="0"/>
						<SP ID="P22_SP00085" HPOS="860" VPOS="623" WIDTH="19"/>
						<String ID="P22_ST00097" HPOS="879" VPOS="592" WIDTH="161" HEIGHT="28" CONTENT="ocuparnos," WC="0.60" CC="4550035770"/>
						<SP ID="P22_SP00086" HPOS="1040" VPOS="623" WIDTH="17"/>
						<String ID="P22_ST00098" HPOS="1057" VPOS="591" WIDTH="29" HEIGHT="18" CONTENT="es" WC="1.00" CC="00"/>
						<SP ID="P22_SP00087" HPOS="1086" VPOS="623" WIDTH="18"/>
						<String ID="P22_ST00099" HPOS="1104" VPOS="581" WIDTH="82" HEIGHT="32" CONTENT="decir," WC="0.95" CC="002000"/>
						<SP ID="P22_SP00088" HPOS="1186" VPOS="623" WIDTH="25"/>
						<String ID="P22_ST00100" HPOS="1211" VPOS="589" WIDTH="32" HEIGHT="19" CONTENT="en" WC="0.29" CC="77"/>
						<SP ID="P22_SP00089" HPOS="1243" VPOS="623" WIDTH="15"/>
						<String ID="P22_ST00101" HPOS="1258" VPOS="580" WIDTH="40" HEIGHT="27" CONTENT="los" WC="0.54" CC="156"/>
					</TextLine>
					<TextLine ID="P22_TL00011" HPOS="263" VPOS="625" WIDTH="1032" HEIGHT="44">
						<String ID="P22_ST00102" HPOS="263" VPOS="640" WIDTH="85" HEIGHT="19" CONTENT="meses" WC="0.71" CC="07403"/>
						<SP ID="P22_SP00090" HPOS="348" VPOS="659" WIDTH="14"/>
						<String ID="P22_ST00103" HPOS="362" VPOS="631" WIDTH="31" HEIGHT="28" CONTENT="de" WC="0.99" CC="00"/>
						<SP ID="P22_SP00091" HPOS="393" VPOS="659" WIDTH="14"/>
						<String ID="P22_ST00104" HPOS="407" VPOS="632" WIDTH="74" HEIGHT="27" CONTENT="Abril" WC="0.43" CC="87407"/>
						<SP ID="P22_SP00092" HPOS="481" VPOS="659" WIDTH="15"/>
						<String ID="P22_ST00105" HPOS="496" VPOS="633" WIDTH="15" HEIGHT="26" CONTENT="ó" WC="0.30" CC="6"/>
						<SP ID="P22_SP00093" HPOS="511" VPOS="659" WIDTH="15"/>
						<String ID="P22_ST00106" HPOS="526" VPOS="633" WIDTH="75" HEIGHT="36" CONTENT="Mayo" WC="0.74" CC="3007"/>
						<SP ID="P22_SP00094" HPOS="601" VPOS="669" WIDTH="16"/>
						<String ID="P22_ST00107" HPOS="617" VPOS="641" WIDTH="14" HEIGHT="28" CONTENT="y" WC="1.00" CC="0"/>
						<SP ID="P22_SP00095" HPOS="631" VPOS="669" WIDTH="14"/>
						<String ID="P22_ST00108" HPOS="645" VPOS="632" WIDTH="118" HEIGHT="27" CONTENT="Octubre" WC="0.67" CC="7006710"/>
						<SP ID="P22_SP00096" HPOS="763" VPOS="669" WIDTH="15"/>
						<String ID="P22_ST00109" HPOS="778" VPOS="632" WIDTH="15" HEIGHT="26" CONTENT="ó" WC="0.26" CC="7"/>
						<SP ID="P22_SP00097" HPOS="793" VPOS="669" WIDTH="14"/>
						<String ID="P22_ST00110" HPOS="807" VPOS="630" WIDTH="170" HEIGHT="32" CONTENT="Noviembre;" WC="0.72" CC="6650007010"/>
						<SP ID="P22_SP00098" HPOS="977" VPOS="669" WIDTH="17"/>
						<String ID="P22_ST00111" HPOS="994" VPOS="638" WIDTH="17" HEIGHT="28" CONTENT="y" WC="1.00" CC="0"/>
						<SP ID="P22_SP00099" HPOS="1011" VPOS="669" WIDTH="14"/>
						<String ID="P22_ST00112" HPOS="1025" VPOS="631" WIDTH="72" HEIGHT="25" CONTENT="estos" WC="0.92" CC="02001"/>
						<SP ID="P22_SP00100" HPOS="1097" VPOS="669" WIDTH="19"/>
						<String ID="P22_ST00113" HPOS="1116" VPOS="636" WIDTH="34" HEIGHT="18" CONTENT="en" WC="0.21" CC="78"/>
						<SP ID="P22_SP00101" HPOS="1150" VPOS="669" WIDTH="20"/>
						<String ID="P22_ST00114" HPOS="1170" VPOS="627" WIDTH="24" HEIGHT="27" CONTENT="la" WC="0.86" CC="20"/>
						<SP ID="P22_SP00102" HPOS="1194" VPOS="669" WIDTH="12"/>
						<String ID="P22_ST00115" HPOS="1206" VPOS="625" WIDTH="89" HEIGHT="38" CONTENT="pleni" SUBS_TYPE="HypPart1" SUBS_CONTENT="plenitud" WC="0.47" CC="906850"/>
						<HYP CONTENT="-"/>
					</TextLine>
					<TextLine ID="P22_TL00012" HPOS="264" VPOS="674" WIDTH="1033" HEIGHT="36">
						<String ID="P22_ST00116" HPOS="264" VPOS="678" WIDTH="46" HEIGHT="28" CONTENT="tud" SUBS_TYPE="HypPart2" SUBS_CONTENT="plenitud" WC="0.67" CC="540"/>
						<SP ID="P22_SP00103" HPOS="310" VPOS="706" WIDTH="15"/>
						<String ID="P22_ST00117" HPOS="325" VPOS="678" WIDTH="31" HEIGHT="27" CONTENT="de" WC="0.93" CC="01"/>
						<SP ID="P22_SP00104" HPOS="356" VPOS="706" WIDTH="13"/>
						<String ID="P22_ST00118" HPOS="369" VPOS="687" WIDTH="60" HEIGHT="19" CONTENT="esas" WC="0.73" CC="0540"/>
						<SP ID="P22_SP00105" HPOS="429" VPOS="706" WIDTH="13"/>
						<String ID="P22_ST00119" HPOS="442" VPOS="687" WIDTH="153" HEIGHT="23" CONTENT="monzones," WC="0.75" CC="027507000"/>
						<SP ID="P22_SP00106" HPOS="595" VPOS="710" WIDTH="20"/>
						<String ID="P22_ST00120" HPOS="615" VPOS="680" WIDTH="15" HEIGHT="27" CONTENT="ó" WC="0.41" CC="5"/>
						<SP ID="P22_SP00107" HPOS="630" VPOS="710" WIDTH="19"/>
						<String ID="P22_ST00121" HPOS="649" VPOS="687" WIDTH="44" HEIGHT="19" CONTENT="sea" WC="0.88" CC="300"/>
						<SP ID="P22_SP00108" HPOS="693" VPOS="710" WIDTH="19"/>
						<String ID="P22_ST00122" HPOS="712" VPOS="687" WIDTH="32" HEIGHT="19" CONTENT="en" WC="0.55" CC="08"/>
						<SP ID="P22_SP00109" HPOS="744" VPOS="710" WIDTH="18"/>
						<String ID="P22_ST00123" HPOS="762" VPOS="679" WIDTH="40" HEIGHT="27" CONTENT="los" WC="0.63" CC="550"/>
						<SP ID="P22_SP00110" HPOS="802" VPOS="710" WIDTH="18"/>
						<String ID="P22_ST00124" HPOS="820" VPOS="685" WIDTH="87" HEIGHT="20" CONTENT="meses" WC="0.80" CC="02042"/>
						<SP ID="P22_SP00111" HPOS="907" VPOS="710" WIDTH="20"/>
						<String ID="P22_ST00125" HPOS="927" VPOS="676" WIDTH="32" HEIGHT="27" CONTENT="de" WC="1.00" CC="00"/>
						<SP ID="P22_SP00112" HPOS="959" VPOS="710" WIDTH="19"/>
						<String ID="P22_ST00126" HPOS="978" VPOS="674" WIDTH="153" HEIGHT="28" CONTENT="Diciembre" WC="0.84" CC="000400710"/>
						<SP ID="P22_SP00113" HPOS="1131" VPOS="710" WIDTH="19"/>
						<String ID="P22_ST00127" HPOS="1150" VPOS="675" WIDTH="14" HEIGHT="26" CONTENT="ó" WC="1.00" CC="0"/>
						<SP ID="P22_SP00114" HPOS="1164" VPOS="710" WIDTH="17"/>
						<String ID="P22_ST00128" HPOS="1181" VPOS="674" WIDTH="85" HEIGHT="27" CONTENT="Enero" WC="0.51" CC="88007"/>
						<SP ID="P22_SP00115" HPOS="1266" VPOS="710" WIDTH="16"/>
						<String ID="P22_ST00129" HPOS="1282" VPOS="681" WIDTH="15" HEIGHT="29" CONTENT="y" WC="1.00" CC="0"/>
					</TextLine>
					<TextLine ID="P22_TL00013" HPOS="262" VPOS="724" WIDTH="223" HEIGHT="36">
						<String ID="P22_ST00130" HPOS="262" VPOS="724" WIDTH="70" HEIGHT="27" CONTENT="Julio" WC="0.72" CC="28010"/>
						<SP ID="P22_SP00116" HPOS="332" VPOS="751" WIDTH="16"/>
						<String ID="P22_ST00131" HPOS="348" VPOS="734" WIDTH="16" HEIGHT="26" CONTENT="y" WC="1.00" CC="0"/>
						<SP ID="P22_SP00117" HPOS="364" VPOS="760" WIDTH="13"/>
						<String ID="P22_ST00132" HPOS="377" VPOS="724" WIDTH="108" HEIGHT="36" CONTENT="Agosto." WC="0.70" CC="0970300"/>
					</TextLine>
				</TextBlock>
				<TextBlock ID="P22_TB00004" HPOS="261" VPOS="767" WIDTH="1034" HEIGHT="132" STYLEREFS="TXT_1 PAR_LEFT">
					<TextLine ID="P22_TL00014" HPOS="301" VPOS="767" WIDTH="994" HEIGHT="40">
						<String ID="P22_ST00133" HPOS="301" VPOS="772" WIDTH="19" HEIGHT="25" CONTENT="A" WC="0.03" CC="9"/>
						<SP ID="P22_SP00118" HPOS="320" VPOS="797" WIDTH="16"/>
						<String ID="P22_ST00134" HPOS="336" VPOS="779" WIDTH="77" HEIGHT="28" CONTENT="pesar" WC="0.90" CC="00400"/>
						<SP ID="P22_SP00119" HPOS="413" VPOS="807" WIDTH="13"/>
						<String ID="P22_ST00135" HPOS="426" VPOS="770" WIDTH="32" HEIGHT="27" CONTENT="de" WC="0.63" CC="07"/>
						<SP ID="P22_SP00120" HPOS="458" VPOS="807" WIDTH="13"/>
						<String ID="P22_ST00136" HPOS="471" VPOS="771" WIDTH="25" HEIGHT="27" CONTENT="la" WC="1.00" CC="00"/>
						<SP ID="P22_SP00121" HPOS="496" VPOS="807" WIDTH="17"/>
						<String ID="P22_ST00137" HPOS="513" VPOS="771" WIDTH="187" HEIGHT="27" CONTENT="anormalidad" WC="0.71" CC="08700435010"/>
						<SP ID="P22_SP00122" HPOS="700" VPOS="807" WIDTH="13"/>
						<String ID="P22_ST00138" HPOS="713" VPOS="771" WIDTH="42" HEIGHT="27" CONTENT="del" WC="1.00" CC="000"/>
						<SP ID="P22_SP00123" HPOS="755" VPOS="807" WIDTH="23"/>
						<String ID="P22_ST00139" HPOS="778" VPOS="774" WIDTH="50" HEIGHT="23" CONTENT="año" WC="0.73" CC="070"/>
						<SP ID="P22_SP00124" HPOS="828" VPOS="807" WIDTH="22"/>
						<String ID="P22_ST00140" HPOS="850" VPOS="769" WIDTH="82" HEIGHT="31" CONTENT="1878," WC="0.65" CC="79000"/>
						<SP ID="P22_SP00125" HPOS="932" VPOS="807" WIDTH="18"/>
						<String ID="P22_ST00141" HPOS="950" VPOS="778" WIDTH="33" HEIGHT="18" CONTENT="en" WC="0.67" CC="60"/>
						<SP ID="P22_SP00126" HPOS="983" VPOS="807" WIDTH="15"/>
						<String ID="P22_ST00142" HPOS="998" VPOS="777" WIDTH="32" HEIGHT="18" CONTENT="su" WC="0.40" CC="38"/>
						<SP ID="P22_SP00127" HPOS="1030" VPOS="807" WIDTH="19"/>
						<String ID="P22_ST00143" HPOS="1049" VPOS="775" WIDTH="82" HEIGHT="20" CONTENT="curva" WC="0.72" CC="67000"/>
						<SP ID="P22_SP00128" HPOS="1131" VPOS="807" WIDTH="22"/>
						<String ID="P22_ST00144" HPOS="1153" VPOS="767" WIDTH="142" HEIGHT="27" CONTENT="tcrmomé" SUBS_TYPE="HypPart1" SUBS_CONTENT="tcrmométrica" WC="0.58" CC="14953070"/>
						<HYP CONTENT="-"/>
					</TextLine>
					<TextLine ID="P22_TL00015" HPOS="264" VPOS="812" WIDTH="1031" HEIGHT="40">
						<String ID="P22_ST00145" HPOS="264" VPOS="817" WIDTH="66" HEIGHT="27" CONTENT="trica" SUBS_TYPE="HypPart2" SUBS_CONTENT="tcrmométrica" WC="0.75" CC="60500"/>
						<SP ID="P22_SP00129" HPOS="330" VPOS="844" WIDTH="14"/>
						<String ID="P22_ST00146" HPOS="344" VPOS="825" WIDTH="26" HEIGHT="19" CONTENT="se" WC="0.86" CC="20"/>
						<SP ID="P22_SP00130" HPOS="370" VPOS="844" WIDTH="16"/>
						<String ID="P22_ST00147" HPOS="386" VPOS="817" WIDTH="106" HEIGHT="27" CONTENT="señalan" WC="0.54" CC="0073657"/>
						<SP ID="P22_SP00131" HPOS="492" VPOS="844" WIDTH="16"/>
						<String ID="P22_ST00148" HPOS="508" VPOS="825" WIDTH="59" HEIGHT="18" CONTENT="esos" WC="0.24" CC="7976"/>
						<SP ID="P22_SP00132" HPOS="567" VPOS="844" WIDTH="17"/>
						<String ID="P22_ST00149" HPOS="584" VPOS="817" WIDTH="46" HEIGHT="27" CONTENT="dos" WC="0.77" CC="006"/>
						<SP ID="P22_SP00133" HPOS="630" VPOS="844" WIDTH="19"/>
						<String ID="P22_ST00150" HPOS="649" VPOS="817" WIDTH="132" HEIGHT="27" CONTENT="máximos" WC="0.77" CC="0070044"/>
						<SP ID="P22_SP00134" HPOS="781" VPOS="844" WIDTH="15"/>
						<String ID="P22_ST00151" HPOS="796" VPOS="825" WIDTH="15" HEIGHT="27" CONTENT="y" WC="1.00" CC="0"/>
						<SP ID="P22_SP00135" HPOS="811" VPOS="852" WIDTH="14"/>
						<String ID="P22_ST00152" HPOS="825" VPOS="815" WIDTH="127" HEIGHT="27" CONTENT="mínimos" WC="0.56" CC="0482076"/>
						<SP ID="P22_SP00136" HPOS="952" VPOS="852" WIDTH="18"/>
						<String ID="P22_ST00153" HPOS="970" VPOS="813" WIDTH="32" HEIGHT="29" CONTENT="de" WC="1.00" CC="00"/>
						<SP ID="P22_SP00137" HPOS="1002" VPOS="852" WIDTH="19"/>
						<String ID="P22_ST00154" HPOS="1021" VPOS="816" WIDTH="196" HEIGHT="34" CONTENT="temperatura," WC="0.67" CC="600000876090"/>
						<SP ID="P22_SP00138" HPOS="1217" VPOS="852" WIDTH="18"/>
						<String ID="P22_ST00155" HPOS="1235" VPOS="812" WIDTH="60" HEIGHT="28" CONTENT="ade" SUBS_TYPE="HypPart1" SUBS_CONTENT="además" WC="0.85" CC="4001"/>
						<HYP CONTENT="-"/>
					</TextLine>
					<TextLine ID="P22_TL00016" HPOS="261" VPOS="860" WIDTH="915" HEIGHT="39">
						<String ID="P22_ST00156" HPOS="261" VPOS="863" WIDTH="57" HEIGHT="27" CONTENT="más" SUBS_TYPE="HypPart2" SUBS_CONTENT="además" WC="0.77" CC="006"/>
						<SP ID="P22_SP00139" HPOS="318" VPOS="890" WIDTH="13"/>
						<String ID="P22_ST00157" HPOS="331" VPOS="862" WIDTH="32" HEIGHT="28" CONTENT="de" WC="0.94" CC="01"/>
						<SP ID="P22_SP00140" HPOS="363" VPOS="890" WIDTH="13"/>
						<String ID="P22_ST00158" HPOS="376" VPOS="867" WIDTH="60" HEIGHT="23" CONTENT="otra" WC="0.77" CC="2600"/>
						<SP ID="P22_SP00141" HPOS="436" VPOS="890" WIDTH="14"/>
						<String ID="P22_ST00159" HPOS="450" VPOS="863" WIDTH="136" HEIGHT="27" CONTENT="ascensión" WC="0.62" CC="460060078"/>
						<SP ID="P22_SP00142" HPOS="586" VPOS="890" WIDTH="18"/>
						<String ID="P22_ST00160" HPOS="604" VPOS="873" WIDTH="14" HEIGHT="26" CONTENT="y" WC="1.00" CC="0"/>
						<SP ID="P22_SP00143" HPOS="618" VPOS="899" WIDTH="14"/>
						<String ID="P22_ST00161" HPOS="632" VPOS="862" WIDTH="140" HEIGHT="37" CONTENT="depresión" WC="0.63" CC="040607077"/>
						<SP ID="P22_SP00144" HPOS="772" VPOS="899" WIDTH="16"/>
						<String ID="P22_ST00162" HPOS="788" VPOS="871" WIDTH="51" HEIGHT="27" CONTENT="que" WC="0.75" CC="070"/>
						<SP ID="P22_SP00145" HPOS="839" VPOS="899" WIDTH="16"/>
						<String ID="P22_ST00163" HPOS="855" VPOS="862" WIDTH="66" HEIGHT="27" CONTENT="debe" WC="0.53" CC="9080"/>
						<SP ID="P22_SP00146" HPOS="921" VPOS="899" WIDTH="14"/>
						<String ID="P22_ST00164" HPOS="935" VPOS="869" WIDTH="44" HEIGHT="19" CONTENT="ser" WC="0.60" CC="560"/>
						<SP ID="P22_SP00147" HPOS="979" VPOS="899" WIDTH="14"/>
						<String ID="P22_ST00165" HPOS="993" VPOS="860" WIDTH="183" HEIGHT="36" CONTENT="excepcional." WC="0.50" CC="061890278921"/>
					</TextLine>
				</TextBlock>
				<TextBlock ID="P22_TB00005" HPOS="258" VPOS="906" WIDTH="1036" HEIGHT="176" STYLEREFS="TXT_1 PAR_LEFT">
					<TextLine ID="P22_TL00017" HPOS="299" VPOS="906" WIDTH="995" HEIGHT="37">
						<String ID="P22_ST00166" HPOS="299" VPOS="908" WIDTH="141" HEIGHT="27" CONTENT="Oscilación" WC="0.53" CC="7064766070"/>
						<SP ID="P22_SP00148" HPOS="440" VPOS="935" WIDTH="15"/>
						<String ID="P22_ST00167" HPOS="455" VPOS="909" WIDTH="105" HEIGHT="26" CONTENT="diurna." WC="0.78" CC="9000050"/>
						<String ID="P22_ST00168" HPOS="566" VPOS="925" WIDTH="35" HEIGHT="3" CONTENT="—" WC="0.20" CC="8"/>
						<String ID="P22_ST00169" HPOS="604" VPOS="910" WIDTH="49" HEIGHT="26" CONTENT="Las" WC="0.53" CC="904"/>
						<SP ID="P22_SP00149" HPOS="653" VPOS="936" WIDTH="20"/>
						<String ID="P22_ST00170" HPOS="673" VPOS="909" WIDTH="166" HEIGHT="27" CONTENT="variaciones" WC="0.61" CC="00700707846"/>
						<SP ID="P22_SP00150" HPOS="839" VPOS="936" WIDTH="14"/>
						<String ID="P22_ST00171" HPOS="853" VPOS="907" WIDTH="113" HEIGHT="27" CONTENT="diurnas" WC="0.50" CC="0364855"/>
						<SP ID="P22_SP00151" HPOS="966" VPOS="936" WIDTH="20"/>
						<String ID="P22_ST00172" HPOS="986" VPOS="906" WIDTH="32" HEIGHT="28" CONTENT="de" WC="0.85" CC="02"/>
						<SP ID="P22_SP00152" HPOS="1018" VPOS="936" WIDTH="17"/>
						<String ID="P22_ST00173" HPOS="1035" VPOS="909" WIDTH="185" HEIGHT="34" CONTENT="temperatura" WC="0.78" CC="52006006102"/>
						<SP ID="P22_SP00153" HPOS="1220" VPOS="943" WIDTH="15"/>
						<String ID="P22_ST00174" HPOS="1235" VPOS="914" WIDTH="59" HEIGHT="19" CONTENT="sue" SUBS_TYPE="HypPart1" SUBS_CONTENT="suelen" WC="0.78" CC="2600"/>
						<HYP CONTENT="-"/>
					</TextLine>
					<TextLine ID="P22_TL00018" HPOS="260" VPOS="953" WIDTH="1034" HEIGHT="37">
						<String ID="P22_ST00175" HPOS="260" VPOS="955" WIDTH="41" HEIGHT="27" CONTENT="len" SUBS_TYPE="HypPart2" SUBS_CONTENT="suelen" WC="0.49" CC="158"/>
						<SP ID="P22_SP00154" HPOS="301" VPOS="982" WIDTH="15"/>
						<String ID="P22_ST00176" HPOS="316" VPOS="964" WIDTH="43" HEIGHT="18" CONTENT="ser" WC="1.00" CC="000"/>
						<SP ID="P22_SP00155" HPOS="359" VPOS="982" WIDTH="20"/>
						<String ID="P22_ST00177" HPOS="379" VPOS="955" WIDTH="147" HEIGHT="28" CONTENT="uniformes" WC="0.63" CC="664070042"/>
						<SP ID="P22_SP00156" HPOS="526" VPOS="983" WIDTH="14"/>
						<String ID="P22_ST00178" HPOS="540" VPOS="964" WIDTH="31" HEIGHT="18" CONTENT="en" WC="0.66" CC="06"/>
						<SP ID="P22_SP00157" HPOS="571" VPOS="983" WIDTH="17"/>
						<String ID="P22_ST00179" HPOS="588" VPOS="955" WIDTH="61" HEIGHT="28" CONTENT="todo" WC="0.83" CC="5000"/>
						<SP ID="P22_SP00158" HPOS="649" VPOS="983" WIDTH="15"/>
						<String ID="P22_ST00180" HPOS="664" VPOS="956" WIDTH="25" HEIGHT="27" CONTENT="el" WC="0.87" CC="02"/>
						<SP ID="P22_SP00159" HPOS="689" VPOS="983" WIDTH="18"/>
						<String ID="P22_ST00181" HPOS="707" VPOS="959" WIDTH="62" HEIGHT="28" CONTENT="año," WC="0.54" CC="4740"/>
						<SP ID="P22_SP00160" HPOS="769" VPOS="987" WIDTH="18"/>
						<String ID="P22_ST00182" HPOS="787" VPOS="963" WIDTH="107" HEIGHT="27" CONTENT="aunque" WC="0.69" CC="038060"/>
						<SP ID="P22_SP00161" HPOS="894" VPOS="990" WIDTH="22"/>
						<String ID="P22_ST00183" HPOS="916" VPOS="962" WIDTH="27" HEIGHT="19" CONTENT="se" WC="0.80" CC="30"/>
						<SP ID="P22_SP00162" HPOS="943" VPOS="990" WIDTH="19"/>
						<String ID="P22_ST00184" HPOS="962" VPOS="955" WIDTH="133" HEIGHT="26" CONTENT="acentúan" WC="0.63" CC="00373707"/>
						<SP ID="P22_SP00163" HPOS="1095" VPOS="990" WIDTH="21"/>
						<String ID="P22_ST00185" HPOS="1116" VPOS="953" WIDTH="60" HEIGHT="36" CONTENT="algo" WC="0.52" CC="0197"/>
						<SP ID="P22_SP00164" HPOS="1176" VPOS="990" WIDTH="15"/>
						<String ID="P22_ST00186" HPOS="1191" VPOS="953" WIDTH="58" HEIGHT="26" CONTENT="más" WC="0.58" CC="470"/>
						<SP ID="P22_SP00165" HPOS="1249" VPOS="990" WIDTH="15"/>
						<String ID="P22_ST00187" HPOS="1264" VPOS="962" WIDTH="30" HEIGHT="17" CONTENT="en" WC="0.26" CC="77"/>
					</TextLine>
					<TextLine ID="P22_TL00019" HPOS="260" VPOS="999" WIDTH="1034" HEIGHT="39">
						<String ID="P22_ST00188" HPOS="260" VPOS="1001" WIDTH="38" HEIGHT="27" CONTENT="los" WC="0.63" CC="703"/>
						<SP ID="P22_SP00166" HPOS="298" VPOS="1028" WIDTH="15"/>
						<String ID="P22_ST00189" HPOS="313" VPOS="1010" WIDTH="85" HEIGHT="18" CONTENT="meses" WC="0.58" CC="06671"/>
						<SP ID="P22_SP00167" HPOS="398" VPOS="1028" WIDTH="14"/>
						<String ID="P22_ST00190" HPOS="412" VPOS="1000" WIDTH="31" HEIGHT="28" CONTENT="de" WC="0.63" CC="07"/>
						<SP ID="P22_SP00168" HPOS="443" VPOS="1028" WIDTH="13"/>
						<String ID="P22_ST00191" HPOS="456" VPOS="1001" WIDTH="150" HEIGHT="27" CONTENT="Diciembre" WC="0.65" CC="053000776"/>
						<SP ID="P22_SP00169" HPOS="606" VPOS="1028" WIDTH="17"/>
						<String ID="P22_ST00192" HPOS="623" VPOS="1011" WIDTH="14" HEIGHT="27" CONTENT="y" WC="1.00" CC="0"/>
						<SP ID="P22_SP00170" HPOS="637" VPOS="1038" WIDTH="15"/>
						<String ID="P22_ST00193" HPOS="652" VPOS="1001" WIDTH="95" HEIGHT="32" CONTENT="Enero;" WC="0.80" CC="070040"/>
						<SP ID="P22_SP00171" HPOS="747" VPOS="1038" WIDTH="18"/>
						<String ID="P22_ST00194" HPOS="765" VPOS="1010" WIDTH="72" HEIGHT="28" CONTENT="pero," WC="0.79" CC="04320"/>
						<SP ID="P22_SP00172" HPOS="837" VPOS="1038" WIDTH="18"/>
						<String ID="P22_ST00195" HPOS="855" VPOS="1000" WIDTH="31" HEIGHT="28" CONTENT="de" WC="0.62" CC="07"/>
						<SP ID="P22_SP00173" HPOS="886" VPOS="1038" WIDTH="15"/>
						<String ID="P22_ST00196" HPOS="901" VPOS="1000" WIDTH="76" HEIGHT="28" CONTENT="lodos" WC="0.70" CC="08006"/>
						<SP ID="P22_SP00174" HPOS="977" VPOS="1038" WIDTH="21"/>
						<String ID="P22_ST00197" HPOS="998" VPOS="999" WIDTH="104" HEIGHT="31" CONTENT="modos," WC="0.66" CC="060643"/>
						<SP ID="P22_SP00175" HPOS="1102" VPOS="1038" WIDTH="22"/>
						<String ID="P22_ST00198" HPOS="1124" VPOS="1000" WIDTH="76" HEIGHT="27" CONTENT="están" WC="0.57" CC="02566"/>
						<SP ID="P22_SP00176" HPOS="1200" VPOS="1038" WIDTH="15"/>
						<String ID="P22_ST00199" HPOS="1215" VPOS="1008" WIDTH="79" HEIGHT="27" CONTENT="gene" SUBS_TYPE="HypPart1" SUBS_CONTENT="generalmente" WC="0.70" CC="00770"/>
						<HYP CONTENT="-"/>
					</TextLine>
					<TextLine ID="P22_TL00020" HPOS="259" VPOS="1046" WIDTH="774" HEIGHT="36">
						<String ID="P22_ST00200" HPOS="259" VPOS="1048" WIDTH="128" HEIGHT="26" CONTENT="ralmente" SUBS_TYPE="HypPart2" SUBS_CONTENT="generalmente" WC="0.49" CC="50456862"/>
						<SP ID="P22_SP00177" HPOS="387" VPOS="1074" WIDTH="15"/>
						<String ID="P22_ST00201" HPOS="402" VPOS="1047" WIDTH="203" HEIGHT="35" CONTENT="comprendidos" WC="0.66" CC="030074604076"/>
						<SP ID="P22_SP00178" HPOS="605" VPOS="1082" WIDTH="15"/>
						<String ID="P22_ST00202" HPOS="620" VPOS="1050" WIDTH="75" HEIGHT="24" CONTENT="entre" WC="0.40" CC="08677"/>
						<SP ID="P22_SP00179" HPOS="695" VPOS="1082" WIDTH="17"/>
						<String ID="P22_ST00203" HPOS="712" VPOS="1047" WIDTH="26" HEIGHT="26" CONTENT='5"' WC="0.65" CC="07"/>
						<SP ID="P22_SP00180" HPOS="738" VPOS="1082" WIDTH="15"/>
						<String ID="P22_ST00204" HPOS="753" VPOS="1050" WIDTH="14" HEIGHT="22" CONTENT="ó" WC="0.23" CC="7"/>
						<SP ID="P22_SP00181" HPOS="767" VPOS="1082" WIDTH="18"/>
						<String ID="P22_ST00205" HPOS="785" VPOS="1047" WIDTH="28" HEIGHT="25" CONTENT='(&gt;"' WC="0.31" CC="757"/>
						<SP ID="P22_SP00182" HPOS="813" VPOS="1082" WIDTH="15"/>
						<String ID="P22_ST00206" HPOS="828" VPOS="1047" WIDTH="32" HEIGHT="27" CONTENT="de" WC="0.65" CC="06"/>
						<SP ID="P22_SP00183" HPOS="860" VPOS="1082" WIDTH="14"/>
						<String ID="P22_ST00207" HPOS="874" VPOS="1046" WIDTH="159" HEIGHT="27" CONTENT="diferencia." WC="0.66" CC="04770060550"/>
					</TextLine>
				</TextBlock>
				<TextBlock ID="P22_TB00006" HPOS="257" VPOS="1137" WIDTH="1035" HEIGHT="268" STYLEREFS="TXT_1 PAR_LEFT">
					<TextLine ID="P22_TL00021" HPOS="297" VPOS="1138" WIDTH="995" HEIGHT="37">
						<String ID="P22_ST00208" HPOS="297" VPOS="1138" WIDTH="153" HEIGHT="28" CONTENT="Estaciones" WC="0.38" CC="6909724776"/>
						<SP ID="P22_SP00184" HPOS="450" VPOS="1166" WIDTH="15"/>
						<String ID="P22_ST00209" HPOS="465" VPOS="1149" WIDTH="15" HEIGHT="17" CONTENT="y" WC="0.35" CC="6"/>
						<SP ID="P22_SP00185" HPOS="480" VPOS="1166" WIDTH="16"/>
						<String ID="P22_ST00210" HPOS="496" VPOS="1148" WIDTH="139" HEIGHT="18" CONTENT="monzones." WC="0.35" CC="977767470"/>
						<String ID="P22_ST00211" HPOS="640" VPOS="1155" WIDTH="38" HEIGHT="4" CONTENT="—" WC="0.20" CC="8"/>
						<String ID="P22_ST00212" HPOS="678" VPOS="1139" WIDTH="28" HEIGHT="27" CONTENT="Si" WC="0.50" CC="90"/>
						<SP ID="P22_SP00186" HPOS="706" VPOS="1166" WIDTH="20"/>
						<String ID="P22_ST00213" HPOS="726" VPOS="1139" WIDTH="173" HEIGHT="27" CONTENT="observamos" WC="0.64" CC="4740700091"/>
						<SP ID="P22_SP00187" HPOS="899" VPOS="1166" WIDTH="18"/>
						<String ID="P22_ST00214" HPOS="917" VPOS="1138" WIDTH="25" HEIGHT="28" CONTENT="la" WC="0.88" CC="20"/>
						<SP ID="P22_SP00188" HPOS="942" VPOS="1166" WIDTH="18"/>
						<String ID="P22_ST00215" HPOS="960" VPOS="1147" WIDTH="83" HEIGHT="19" CONTENT="curva" WC="0.56" CC="48422"/>
						<SP ID="P22_SP00189" HPOS="1043" VPOS="1166" WIDTH="15"/>
						<String ID="P22_ST00216" HPOS="1058" VPOS="1138" WIDTH="31" HEIGHT="28" CONTENT="de" WC="0.69" CC="06"/>
						<SP ID="P22_SP00190" HPOS="1089" VPOS="1166" WIDTH="22"/>
						<String ID="P22_ST00217" HPOS="1111" VPOS="1142" WIDTH="181" HEIGHT="33" CONTENT="temperatura" WC="0.54" CC="80001077897"/>
					</TextLine>
					<TextLine ID="P22_TL00022" HPOS="259" VPOS="1184" WIDTH="1033" HEIGHT="37">
						<String ID="P22_ST00218" HPOS="259" VPOS="1185" WIDTH="30" HEIGHT="27" CONTENT="de" WC="0.62" CC="07"/>
						<SP ID="P22_SP00191" HPOS="289" VPOS="1212" WIDTH="18"/>
						<String ID="P22_ST00219" HPOS="307" VPOS="1185" WIDTH="80" HEIGHT="32" CONTENT="1878," WC="0.64" CC="79000"/>
						<SP ID="P22_SP00192" HPOS="387" VPOS="1217" WIDTH="18"/>
						<String ID="P22_ST00220" HPOS="405" VPOS="1185" WIDTH="201" HEIGHT="36" CONTENT="prescindiendo" WC="0.66" CC="0007707025806"/>
						<SP ID="P22_SP00193" HPOS="606" VPOS="1221" WIDTH="14"/>
						<String ID="P22_ST00221" HPOS="620" VPOS="1185" WIDTH="31" HEIGHT="27" CONTENT="de" WC="0.63" CC="07"/>
						<SP ID="P22_SP00194" HPOS="651" VPOS="1221" WIDTH="15"/>
						<String ID="P22_ST00222" HPOS="666" VPOS="1185" WIDTH="39" HEIGHT="27" CONTENT="los" WC="0.73" CC="601"/>
						<SP ID="P22_SP00195" HPOS="705" VPOS="1221" WIDTH="16"/>
						<String ID="P22_ST00223" HPOS="721" VPOS="1186" WIDTH="134" HEIGHT="26" CONTENT="máximos" WC="0.34" CC="6780993"/>
						<SP ID="P22_SP00196" HPOS="855" VPOS="1221" WIDTH="16"/>
						<String ID="P22_ST00224" HPOS="871" VPOS="1194" WIDTH="15" HEIGHT="27" CONTENT="y" WC="1.00" CC="0"/>
						<SP ID="P22_SP00197" HPOS="886" VPOS="1221" WIDTH="14"/>
						<String ID="P22_ST00225" HPOS="900" VPOS="1184" WIDTH="128" HEIGHT="28" CONTENT="mínimos" WC="0.45" CC="0785555"/>
						<SP ID="P22_SP00198" HPOS="1028" VPOS="1221" WIDTH="15"/>
						<String ID="P22_ST00226" HPOS="1043" VPOS="1193" WIDTH="52" HEIGHT="28" CONTENT="que" WC="0.44" CC="484"/>
						<SP ID="P22_SP00199" HPOS="1095" VPOS="1221" WIDTH="14"/>
						<String ID="P22_ST00227" HPOS="1109" VPOS="1184" WIDTH="144" HEIGHT="28" CONTENT="acallamos" WC="0.64" CC="076200076"/>
						<SP ID="P22_SP00200" HPOS="1253" VPOS="1221" WIDTH="10"/>
						<String ID="P22_ST00228" HPOS="1263" VPOS="1185" WIDTH="29" HEIGHT="27" CONTENT="de" WC="0.63" CC="07"/>
					</TextLine>
					<TextLine ID="P22_TL00023" HPOS="259" VPOS="1230" WIDTH="1033" HEIGHT="39">
						<String ID="P22_ST00229" HPOS="259" VPOS="1231" WIDTH="110" HEIGHT="30" CONTENT="indicar," WC="0.66" CC="08046070"/>
						<SP ID="P22_SP00201" HPOS="369" VPOS="1261" WIDTH="18"/>
						<String ID="P22_ST00230" HPOS="387" VPOS="1232" WIDTH="39" HEIGHT="27" CONTENT="los" WC="0.41" CC="727"/>
						<SP ID="P22_SP00202" HPOS="426" VPOS="1261" WIDTH="15"/>
						<String ID="P22_ST00231" HPOS="441" VPOS="1240" WIDTH="84" HEIGHT="19" CONTENT="meses" WC="0.59" CC="07119"/>
						<SP ID="P22_SP00203" HPOS="525" VPOS="1261" WIDTH="15"/>
						<String ID="P22_ST00232" HPOS="540" VPOS="1232" WIDTH="58" HEIGHT="27" CONTENT="más" WC="0.80" CC="005"/>
						<SP ID="P22_SP00204" HPOS="598" VPOS="1261" WIDTH="17"/>
						<String ID="P22_ST00233" HPOS="615" VPOS="1232" WIDTH="138" HEIGHT="27" CONTENT="calurosos" WC="0.53" CC="704675054"/>
						<SP ID="P22_SP00205" HPOS="753" VPOS="1261" WIDTH="19"/>
						<String ID="P22_ST00234" HPOS="772" VPOS="1232" WIDTH="121" HEIGHT="27" CONTENT="resultan" WC="0.40" CC="60675757"/>
						<SP ID="P22_SP00206" HPOS="893" VPOS="1261" WIDTH="19"/>
						<String ID="P22_ST00235" HPOS="912" VPOS="1240" WIDTH="44" HEIGHT="18" CONTENT="ser" WC="0.68" CC="170"/>
						<SP ID="P22_SP00207" HPOS="956" VPOS="1261" WIDTH="19"/>
						<String ID="P22_ST00236" HPOS="975" VPOS="1232" WIDTH="39" HEIGHT="26" CONTENT="los" WC="0.70" CC="260"/>
						<SP ID="P22_SP00208" HPOS="1014" VPOS="1261" WIDTH="14"/>
						<String ID="P22_ST00237" HPOS="1028" VPOS="1231" WIDTH="32" HEIGHT="28" CONTENT="de" WC="1.00" CC="00"/>
						<SP ID="P22_SP00209" HPOS="1060" VPOS="1261" WIDTH="20"/>
						<String ID="P22_ST00238" HPOS="1080" VPOS="1230" WIDTH="84" HEIGHT="33" CONTENT="Abril," WC="0.71" CC="970000"/>
						<SP ID="P22_SP00210" HPOS="1164" VPOS="1263" WIDTH="22"/>
						<String ID="P22_ST00239" HPOS="1186" VPOS="1231" WIDTH="76" HEIGHT="38" CONTENT="Mayo" WC="0.73" CC="2107"/>
						<SP ID="P22_SP00211" HPOS="1262" VPOS="1269" WIDTH="18"/>
						<String ID="P22_ST00240" HPOS="1280" VPOS="1241" WIDTH="12" HEIGHT="27" CONTENT="y" WC="0.12" CC="8"/>
					</TextLine>
					<TextLine ID="P22_TL00024" HPOS="258" VPOS="1277" WIDTH="1034" HEIGHT="38">
						<String ID="P22_ST00241" HPOS="258" VPOS="1277" WIDTH="87" HEIGHT="31" CONTENT="Junio," WC="0.41" CC="468572"/>
						<SP ID="P22_SP00212" HPOS="345" VPOS="1308" WIDTH="19"/>
						<String ID="P22_ST00242" HPOS="364" VPOS="1287" WIDTH="15" HEIGHT="28" CONTENT="y" WC="1.00" CC="0"/>
						<SP ID="P22_SP00213" HPOS="379" VPOS="1315" WIDTH="13"/>
						<String ID="P22_ST00243" HPOS="392" VPOS="1278" WIDTH="39" HEIGHT="27" CONTENT="los" WC="0.31" CC="676"/>
						<SP ID="P22_SP00214" HPOS="431" VPOS="1315" WIDTH="15"/>
						<String ID="P22_ST00244" HPOS="446" VPOS="1278" WIDTH="56" HEIGHT="27" CONTENT="más" WC="0.90" CC="002"/>
						<SP ID="P22_SP00215" HPOS="502" VPOS="1315" WIDTH="15"/>
						<String ID="P22_ST00245" HPOS="517" VPOS="1277" WIDTH="101" HEIGHT="28" CONTENT="frescos" WC="0.67" CC="3060750"/>
						<SP ID="P22_SP00216" HPOS="618" VPOS="1315" WIDTH="10"/>
						<String ID="P22_ST00246" HPOS="628" VPOS="1278" WIDTH="39" HEIGHT="27" CONTENT="los" WC="0.72" CC="305"/>
						<SP ID="P22_SP00217" HPOS="667" VPOS="1315" WIDTH="11"/>
						<String ID="P22_ST00247" HPOS="678" VPOS="1278" WIDTH="31" HEIGHT="27" CONTENT="de" WC="1.00" CC="00"/>
						<SP ID="P22_SP00218" HPOS="709" VPOS="1315" WIDTH="13"/>
						<String ID="P22_ST00248" HPOS="722" VPOS="1278" WIDTH="161" HEIGHT="31" CONTENT="Diciembre," WC="0.82" CC="0072007000"/>
						<SP ID="P22_SP00219" HPOS="883" VPOS="1315" WIDTH="16"/>
						<String ID="P22_ST00249" HPOS="899" VPOS="1277" WIDTH="86" HEIGHT="28" CONTENT="Enero" WC="0.54" CC="07409"/>
						<SP ID="P22_SP00220" HPOS="985" VPOS="1315" WIDTH="15"/>
						<String ID="P22_ST00250" HPOS="1000" VPOS="1287" WIDTH="16" HEIGHT="28" CONTENT="y" WC="1.00" CC="0"/>
						<SP ID="P22_SP00221" HPOS="1016" VPOS="1315" WIDTH="15"/>
						<String ID="P22_ST00251" HPOS="1031" VPOS="1277" WIDTH="127" HEIGHT="32" CONTENT="Febrero," WC="0.74" CC="50770000"/>
						<SP ID="P22_SP00222" HPOS="1158" VPOS="1315" WIDTH="16"/>
						<String ID="P22_ST00252" HPOS="1174" VPOS="1287" WIDTH="15" HEIGHT="28" CONTENT="y" WC="1.00" CC="0"/>
						<SP ID="P22_SP00223" HPOS="1189" VPOS="1315" WIDTH="12"/>
						<String ID="P22_ST00253" HPOS="1201" VPOS="1278" WIDTH="91" HEIGHT="27" CONTENT="ambas" WC="0.70" CC="00770"/>
					</TextLine>
					<TextLine ID="P22_TL00025" HPOS="258" VPOS="1324" WIDTH="1034" HEIGHT="37">
						<String ID="P22_ST00254" HPOS="258" VPOS="1324" WIDTH="146" HEIGHT="27" CONTENT="estaciones" WC="0.42" CC="5390649774"/>
						<SP ID="P22_SP00224" HPOS="404" VPOS="1351" WIDTH="19"/>
						<String ID="P22_ST00255" HPOS="423" VPOS="1324" WIDTH="195" HEIGHT="36" CONTENT="corresponden" WC="0.63" CC="561005028068"/>
						<SP ID="P22_SP00225" HPOS="618" VPOS="1360" WIDTH="19"/>
						<String ID="P22_ST00256" HPOS="637" VPOS="1324" WIDTH="14" HEIGHT="26" CONTENT="á" WC="1.00" CC="0"/>
						<SP ID="P22_SP00226" HPOS="651" VPOS="1360" WIDTH="15"/>
						<String ID="P22_ST00257" HPOS="666" VPOS="1325" WIDTH="38" HEIGHT="26" CONTENT="las" WC="0.76" CC="700"/>
						<SP ID="P22_SP00227" HPOS="704" VPOS="1360" WIDTH="14"/>
						<String ID="P22_ST00258" HPOS="718" VPOS="1325" WIDTH="45" HEIGHT="26" CONTENT="dos" WC="0.81" CC="050"/>
						<SP ID="P22_SP00228" HPOS="763" VPOS="1360" WIDTH="16"/>
						<String ID="P22_ST00259" HPOS="779" VPOS="1333" WIDTH="134" HEIGHT="18" CONTENT="monzones" WC="0.29" CC="87399079"/>
						<SP ID="P22_SP00229" HPOS="913" VPOS="1360" WIDTH="16"/>
						<String ID="P22_ST00260" HPOS="929" VPOS="1324" WIDTH="130" HEIGHT="27" CONTENT="llamadas" WC="0.63" CC="62909000"/>
						<SP ID="P22_SP00230" HPOS="1059" VPOS="1360" WIDTH="17"/>
						<String ID="P22_ST00261" HPOS="1076" VPOS="1324" WIDTH="42" HEIGHT="27" CONTENT="del" WC="0.83" CC="005"/>
						<SP ID="P22_SP00231" HPOS="1118" VPOS="1360" WIDTH="19"/>
						<String ID="P22_ST00262" HPOS="1137" VPOS="1324" WIDTH="62" HEIGHT="28" CONTENT="S.O." WC="0.63" CC="9040"/>
						<SP ID="P22_SP00232" HPOS="1199" VPOS="1360" WIDTH="24"/>
						<String ID="P22_ST00263" HPOS="1223" VPOS="1334" WIDTH="14" HEIGHT="27" CONTENT="y" WC="1.00" CC="0"/>
						<SP ID="P22_SP00233" HPOS="1237" VPOS="1361" WIDTH="16"/>
						<String ID="P22_ST00264" HPOS="1253" VPOS="1325" WIDTH="39" HEIGHT="26" CONTENT="del" WC="0.56" CC="075"/>
					</TextLine>
					<TextLine ID="P22_TL00026" HPOS="259" VPOS="1369" WIDTH="328" HEIGHT="36">
						<String ID="P22_ST00265" HPOS="259" VPOS="1369" WIDTH="62" HEIGHT="30" CONTENT="N.E." WC="0.81" CC="7000"/>
						<SP ID="P22_SP00234" HPOS="321" VPOS="1399" WIDTH="18"/>
						<String ID="P22_ST00266" HPOS="339" VPOS="1370" WIDTH="248" HEIGHT="35" CONTENT="respectivamente." WC="0.78" CC="5040000164001260"/>
					</TextLine>
				</TextBlock>
				<TextBlock ID="P22_TB00007" HPOS="258" VPOS="1415" WIDTH="1033" HEIGHT="438" STYLEREFS="TXT_1 PAR_LEFT">
					<TextLine ID="P22_TL00027" HPOS="297" VPOS="1415" WIDTH="994" HEIGHT="38">
						<String ID="P22_ST00267" HPOS="297" VPOS="1415" WIDTH="73" HEIGHT="27" CONTENT="Estas" WC="0.50" CC="50846"/>
						<SP ID="P22_SP00235" HPOS="370" VPOS="1442" WIDTH="15"/>
						<String ID="P22_ST00268" HPOS="385" VPOS="1415" WIDTH="46" HEIGHT="28" CONTENT="dos" WC="0.63" CC="065"/>
						<SP ID="P22_SP00236" HPOS="431" VPOS="1443" WIDTH="14"/>
						<String ID="P22_ST00269" HPOS="445" VPOS="1425" WIDTH="151" HEIGHT="22" CONTENT="monzones," WC="0.58" CC="070766063"/>
						<SP ID="P22_SP00237" HPOS="596" VPOS="1447" WIDTH="16"/>
						<String ID="P22_ST00270" HPOS="612" VPOS="1425" WIDTH="49" HEIGHT="18" CONTENT="con" WC="0.25" CC="668"/>
						<SP ID="P22_SP00238" HPOS="661" VPOS="1447" WIDTH="18"/>
						<String ID="P22_ST00271" HPOS="679" VPOS="1417" WIDTH="37" HEIGHT="26" CONTENT="los" WC="0.62" CC="064"/>
						<SP ID="P22_SP00239" HPOS="716" VPOS="1447" WIDTH="15"/>
						<String ID="P22_ST00272" HPOS="731" VPOS="1416" WIDTH="47" HEIGHT="27" CONTENT="dos" WC="0.44" CC="096"/>
						<SP ID="P22_SP00240" HPOS="778" VPOS="1447" WIDTH="14"/>
						<String ID="P22_ST00273" HPOS="792" VPOS="1415" WIDTH="122" HEIGHT="38" CONTENT="períodos" WC="0.54" CC="83871007"/>
						<SP ID="P22_SP00241" HPOS="914" VPOS="1453" WIDTH="13"/>
						<String ID="P22_ST00274" HPOS="927" VPOS="1416" WIDTH="31" HEIGHT="27" CONTENT="de" WC="1.00" CC="00"/>
						<SP ID="P22_SP00242" HPOS="958" VPOS="1453" WIDTH="15"/>
						<String ID="P22_ST00275" HPOS="973" VPOS="1417" WIDTH="102" HEIGHT="26" CONTENT="calmas" WC="0.92" CC="000050"/>
						<SP ID="P22_SP00243" HPOS="1075" VPOS="1453" WIDTH="11"/>
						<String ID="P22_ST00276" HPOS="1086" VPOS="1425" WIDTH="51" HEIGHT="28" CONTENT="que" WC="0.58" CC="750"/>
						<SP ID="P22_SP00244" HPOS="1137" VPOS="1453" WIDTH="16"/>
						<String ID="P22_ST00277" HPOS="1153" VPOS="1417" WIDTH="23" HEIGHT="26" CONTENT="le" WC="0.34" CC="57"/>
						<SP ID="P22_SP00245" HPOS="1176" VPOS="1453" WIDTH="16"/>
						<String ID="P22_ST00278" HPOS="1192" VPOS="1426" WIDTH="46" HEIGHT="18" CONTENT="son" WC="0.13" CC="978"/>
						<SP ID="P22_SP00246" HPOS="1238" VPOS="1453" WIDTH="15"/>
						<String ID="P22_ST00279" HPOS="1253" VPOS="1418" WIDTH="38" HEIGHT="25" CONTENT="in" SUBS_TYPE="HypPart1" SUBS_CONTENT="intermedios," WC="0.50" CC="680"/>
						<HYP CONTENT="-"/>
					</TextLine>
					<TextLine ID="P22_TL00028" HPOS="259" VPOS="1461" WIDTH="1032" HEIGHT="38">
						<String ID="P22_ST00280" HPOS="259" VPOS="1461" WIDTH="149" HEIGHT="32" CONTENT="termedios," SUBS_TYPE="HypPart2" SUBS_CONTENT="intermedios," WC="0.52" CC="8740700793"/>
						<SP ID="P22_SP00247" HPOS="408" VPOS="1493" WIDTH="26"/>
						<String ID="P22_ST00281" HPOS="434" VPOS="1462" WIDTH="91" HEIGHT="26" CONTENT="reinan" WC="0.64" CC="000875"/>
						<SP ID="P22_SP00248" HPOS="525" VPOS="1493" WIDTH="22"/>
						<String ID="P22_ST00282" HPOS="547" VPOS="1462" WIDTH="115" HEIGHT="28" CONTENT="durante" WC="0.50" CC="0804687"/>
						<SP ID="P22_SP00249" HPOS="662" VPOS="1493" WIDTH="21"/>
						<String ID="P22_ST00283" HPOS="683" VPOS="1462" WIDTH="60" HEIGHT="27" CONTENT="todo" WC="0.65" CC="7204"/>
						<SP ID="P22_SP00250" HPOS="743" VPOS="1493" WIDTH="16"/>
						<String ID="P22_ST00284" HPOS="759" VPOS="1462" WIDTH="23" HEIGHT="27" CONTENT="el" WC="0.55" CC="44"/>
						<SP ID="P22_SP00251" HPOS="782" VPOS="1493" WIDTH="18"/>
						<String ID="P22_ST00285" HPOS="800" VPOS="1466" WIDTH="50" HEIGHT="23" CONTENT="año" WC="0.35" CC="775"/>
						<SP ID="P22_SP00252" HPOS="850" VPOS="1493" WIDTH="17"/>
						<String ID="P22_ST00286" HPOS="867" VPOS="1471" WIDTH="32" HEIGHT="18" CONTENT="en" WC="0.57" CC="08"/>
						<SP ID="P22_SP00253" HPOS="899" VPOS="1493" WIDTH="22"/>
						<String ID="P22_ST00287" HPOS="921" VPOS="1461" WIDTH="122" HEIGHT="38" CONTENT="períodos" WC="0.67" CC="00582090"/>
						<SP ID="P22_SP00254" HPOS="1043" VPOS="1499" WIDTH="19"/>
						<String ID="P22_ST00288" HPOS="1062" VPOS="1462" WIDTH="32" HEIGHT="27" CONTENT="de" WC="0.98" CC="00"/>
						<SP ID="P22_SP00255" HPOS="1094" VPOS="1499" WIDTH="21"/>
						<String ID="P22_ST00289" HPOS="1115" VPOS="1463" WIDTH="101" HEIGHT="36" CONTENT="tiempo" WC="0.47" CC="705909"/>
						<SP ID="P22_SP00256" HPOS="1216" VPOS="1499" WIDTH="20"/>
						<String ID="P22_ST00290" HPOS="1236" VPOS="1464" WIDTH="55" HEIGHT="26" CONTENT="casi" WC="0.45" CC="7093"/>
					</TextLine>
					<TextLine ID="P22_TL00029" HPOS="259" VPOS="1506" WIDTH="1032" HEIGHT="37">
						<String ID="P22_ST00291" HPOS="259" VPOS="1506" WIDTH="108" HEIGHT="36" CONTENT="iguales," WC="0.51" CC="40880790"/>
						<SP ID="P22_SP00257" HPOS="367" VPOS="1542" WIDTH="19"/>
						<String ID="P22_ST00292" HPOS="386" VPOS="1515" WIDTH="104" HEIGHT="27" CONTENT="aunque" WC="0.44" CC="088906"/>
						<SP ID="P22_SP00258" HPOS="490" VPOS="1542" WIDTH="14"/>
						<String ID="P22_ST00293" HPOS="504" VPOS="1506" WIDTH="161" HEIGHT="28" CONTENT="dominando" WC="0.47" CC="000289897"/>
						<SP ID="P22_SP00259" HPOS="665" VPOS="1542" WIDTH="15"/>
						<String ID="P22_ST00294" HPOS="680" VPOS="1508" WIDTH="59" HEIGHT="35" CONTENT="algo" WC="0.86" CC="0500"/>
						<SP ID="P22_SP00260" HPOS="739" VPOS="1543" WIDTH="15"/>
						<String ID="P22_ST00295" HPOS="754" VPOS="1508" WIDTH="57" HEIGHT="27" CONTENT="más" WC="0.81" CC="005"/>
						<SP ID="P22_SP00261" HPOS="811" VPOS="1543" WIDTH="18"/>
						<String ID="P22_ST00296" HPOS="829" VPOS="1508" WIDTH="23" HEIGHT="26" CONTENT="la" WC="0.66" CC="60"/>
						<SP ID="P22_SP00262" HPOS="852" VPOS="1543" WIDTH="21"/>
						<String ID="P22_ST00297" HPOS="873" VPOS="1508" WIDTH="41" HEIGHT="27" CONTENT="del" WC="0.82" CC="005"/>
						<SP ID="P22_SP00263" HPOS="914" VPOS="1543" WIDTH="19"/>
						<String ID="P22_ST00298" HPOS="933" VPOS="1508" WIDTH="66" HEIGHT="27" CONTENT="N.E." WC="0.61" CC="7070"/>
						<SP ID="P22_SP00264" HPOS="999" VPOS="1543" WIDTH="17"/>
						<String ID="P22_ST00299" HPOS="1016" VPOS="1508" WIDTH="142" HEIGHT="28" CONTENT="Comienza" WC="0.64" CC="70035550"/>
						<SP ID="P22_SP00265" HPOS="1158" VPOS="1543" WIDTH="17"/>
						<String ID="P22_ST00300" HPOS="1175" VPOS="1513" WIDTH="67" HEIGHT="28" CONTENT="esta," WC="0.58" CC="02981"/>
						<SP ID="P22_SP00266" HPOS="1242" VPOS="1543" WIDTH="17"/>
						<String ID="P22_ST00301" HPOS="1259" VPOS="1518" WIDTH="32" HEIGHT="18" CONTENT="en" WC="0.35" CC="48"/>
					</TextLine>
					<TextLine ID="P22_TL00030" HPOS="258" VPOS="1551" WIDTH="1033" HEIGHT="40">
						<String ID="P22_ST00302" HPOS="258" VPOS="1551" WIDTH="94" HEIGHT="32" CONTENT="efecto," WC="0.45" CC="7747550"/>
						<SP ID="P22_SP00267" HPOS="352" VPOS="1583" WIDTH="17"/>
						<String ID="P22_ST00303" HPOS="369" VPOS="1561" WIDTH="32" HEIGHT="18" CONTENT="en" WC="0.35" CC="57"/>
						<SP ID="P22_SP00268" HPOS="401" VPOS="1583" WIDTH="15"/>
						<String ID="P22_ST00304" HPOS="416" VPOS="1552" WIDTH="24" HEIGHT="27" CONTENT="el" WC="0.94" CC="10"/>
						<SP ID="P22_SP00269" HPOS="440" VPOS="1583" WIDTH="17"/>
						<String ID="P22_ST00305" HPOS="457" VPOS="1560" WIDTH="55" HEIGHT="19" CONTENT="mes" WC="0.80" CC="050"/>
						<SP ID="P22_SP00270" HPOS="512" VPOS="1583" WIDTH="13"/>
						<String ID="P22_ST00306" HPOS="525" VPOS="1552" WIDTH="32" HEIGHT="28" CONTENT="de" WC="0.99" CC="00"/>
						<SP ID="P22_SP00271" HPOS="557" VPOS="1583" WIDTH="19"/>
						<String ID="P22_ST00307" HPOS="576" VPOS="1552" WIDTH="126" HEIGHT="31" CONTENT="Octubre," WC="0.63" CC="40637700"/>
						<SP ID="P22_SP00272" HPOS="702" VPOS="1583" WIDTH="18"/>
						<String ID="P22_ST00308" HPOS="720" VPOS="1562" WIDTH="63" HEIGHT="27" CONTENT="pero" WC="0.90" CC="0003"/>
						<SP ID="P22_SP00273" HPOS="783" VPOS="1589" WIDTH="17"/>
						<String ID="P22_ST00309" HPOS="800" VPOS="1562" WIDTH="33" HEIGHT="18" CONTENT="no" WC="0.25" CC="86"/>
						<SP ID="P22_SP00274" HPOS="833" VPOS="1589" WIDTH="17"/>
						<String ID="P22_ST00310" HPOS="850" VPOS="1552" WIDTH="126" HEIGHT="38" CONTENT="adquiere" WC="0.82" CC="02331003"/>
						<SP ID="P22_SP00275" HPOS="976" VPOS="1590" WIDTH="14"/>
						<String ID="P22_ST00311" HPOS="990" VPOS="1563" WIDTH="31" HEIGHT="17" CONTENT="su" WC="0.08" CC="98"/>
						<SP ID="P22_SP00276" HPOS="1021" VPOS="1590" WIDTH="16"/>
						<String ID="P22_ST00312" HPOS="1037" VPOS="1554" WIDTH="145" HEIGHT="27" CONTENT="verdadero" WC="0.68" CC="016070507"/>
						<SP ID="P22_SP00277" HPOS="1182" VPOS="1590" WIDTH="16"/>
						<String ID="P22_ST00313" HPOS="1198" VPOS="1555" WIDTH="93" HEIGHT="36" CONTENT="predo" SUBS_TYPE="HypPart1" SUBS_CONTENT="predominio" WC="0.87" CC="000070"/>
						<HYP CONTENT="-"/>
					</TextLine>
					<TextLine ID="P22_TL00031" HPOS="259" VPOS="1597" WIDTH="1032" HEIGHT="41">
						<String ID="P22_ST00314" HPOS="259" VPOS="1597" WIDTH="82" HEIGHT="27" CONTENT="minio" SUBS_TYPE="HypPart2" SUBS_CONTENT="predominio" WC="0.47" CC="72654"/>
						<SP ID="P22_SP00278" HPOS="341" VPOS="1624" WIDTH="16"/>
						<String ID="P22_ST00315" HPOS="357" VPOS="1597" WIDTH="73" HEIGHT="27" CONTENT="hasta" WC="0.49" CC="82661"/>
						<SP ID="P22_SP00279" HPOS="430" VPOS="1624" WIDTH="17"/>
						<String ID="P22_ST00316" HPOS="447" VPOS="1597" WIDTH="63" HEIGHT="27" CONTENT="fines" WC="0.67" CC="44600"/>
						<SP ID="P22_SP00280" HPOS="510" VPOS="1624" WIDTH="14"/>
						<String ID="P22_ST00317" HPOS="524" VPOS="1597" WIDTH="32" HEIGHT="27" CONTENT="de" WC="0.63" CC="07"/>
						<SP ID="P22_SP00281" HPOS="556" VPOS="1624" WIDTH="8"/>
						<String ID="P22_ST00318" HPOS="564" VPOS="1597" WIDTH="157" HEIGHT="28" CONTENT="Noviembre" WC="0.60" CC="770060707"/>
						<SP ID="P22_SP00282" HPOS="721" VPOS="1625" WIDTH="14"/>
						<String ID="P22_ST00319" HPOS="735" VPOS="1599" WIDTH="15" HEIGHT="25" CONTENT="ó" WC="0.24" CC="7"/>
						<SP ID="P22_SP00283" HPOS="750" VPOS="1625" WIDTH="14"/>
						<String ID="P22_ST00320" HPOS="764" VPOS="1599" WIDTH="146" HEIGHT="36" CONTENT="principios" WC="0.55" CC="0327740079"/>
						<SP ID="P22_SP00284" HPOS="910" VPOS="1635" WIDTH="12"/>
						<String ID="P22_ST00321" HPOS="922" VPOS="1599" WIDTH="31" HEIGHT="26" CONTENT="de" WC="0.12" CC="97"/>
						<SP ID="P22_SP00285" HPOS="953" VPOS="1635" WIDTH="17"/>
						<String ID="P22_ST00322" HPOS="970" VPOS="1599" WIDTH="161" HEIGHT="32" CONTENT="Diciembre," WC="0.53" CC="9370707900"/>
						<SP ID="P22_SP00286" HPOS="1131" VPOS="1635" WIDTH="17"/>
						<String ID="P22_ST00323" HPOS="1148" VPOS="1609" WIDTH="32" HEIGHT="18" CONTENT="en" WC="0.20" CC="78"/>
						<SP ID="P22_SP00287" HPOS="1180" VPOS="1635" WIDTH="12"/>
						<String ID="P22_ST00324" HPOS="1192" VPOS="1611" WIDTH="51" HEIGHT="26" CONTENT="que" WC="0.20" CC="787"/>
						<SP ID="P22_SP00288" HPOS="1243" VPOS="1637" WIDTH="19"/>
						<String ID="P22_ST00325" HPOS="1262" VPOS="1609" WIDTH="29" HEIGHT="29" CONTENT="ya" WC="0.50" CC="90"/>
					</TextLine>
					<TextLine ID="P22_TL00032" HPOS="259" VPOS="1642" WIDTH="1031" HEIGHT="38">
						<String ID="P22_ST00326" HPOS="259" VPOS="1642" WIDTH="71" HEIGHT="35" CONTENT="sopla" WC="0.36" CC="89057"/>
						<SP ID="P22_SP00289" HPOS="330" VPOS="1677" WIDTH="13"/>
						<String ID="P22_ST00327" HPOS="343" VPOS="1651" WIDTH="48" HEIGHT="17" CONTENT="con" WC="0.48" CC="707"/>
						<SP ID="P22_SP00290" HPOS="391" VPOS="1677" WIDTH="15"/>
						<String ID="P22_ST00328" HPOS="406" VPOS="1642" WIDTH="89" HEIGHT="27" CONTENT="fuerza" WC="0.33" CC="676739"/>
						<SP ID="P22_SP00291" HPOS="495" VPOS="1677" WIDTH="13"/>
						<String ID="P22_ST00329" HPOS="508" VPOS="1652" WIDTH="15" HEIGHT="27" CONTENT="y" WC="1.00" CC="0"/>
						<SP ID="P22_SP00292" HPOS="523" VPOS="1679" WIDTH="14"/>
						<String ID="P22_ST00330" HPOS="537" VPOS="1643" WIDTH="75" HEIGHT="36" CONTENT="sigue" WC="0.34" CC="60987"/>
						<SP ID="P22_SP00293" HPOS="612" VPOS="1679" WIDTH="14"/>
						<String ID="P22_ST00331" HPOS="626" VPOS="1643" WIDTH="76" HEIGHT="28" CONTENT="hasta" WC="0.39" CC="79570"/>
						<SP ID="P22_SP00294" HPOS="702" VPOS="1679" WIDTH="15"/>
						<String ID="P22_ST00332" HPOS="717" VPOS="1644" WIDTH="116" HEIGHT="27" CONTENT="Febrero" WC="0.33" CC="6779770"/>
						<SP ID="P22_SP00295" HPOS="833" VPOS="1679" WIDTH="17"/>
						<String ID="P22_ST00333" HPOS="850" VPOS="1654" WIDTH="13" HEIGHT="26" CONTENT="y" WC="0.28" CC="7"/>
						<SP ID="P22_SP00296" HPOS="863" VPOS="1680" WIDTH="16"/>
						<String ID="P22_ST00334" HPOS="879" VPOS="1646" WIDTH="14" HEIGHT="26" CONTENT="á" WC="1.00" CC="0"/>
						<SP ID="P22_SP00297" HPOS="893" VPOS="1680" WIDTH="17"/>
						<String ID="P22_ST00335" HPOS="910" VPOS="1654" WIDTH="75" HEIGHT="18" CONTENT="veces" WC="0.43" CC="06776"/>
						<SP ID="P22_SP00298" HPOS="985" VPOS="1680" WIDTH="14"/>
						<String ID="P22_ST00336" HPOS="999" VPOS="1646" WIDTH="95" HEIGHT="31" CONTENT="Marzo," WC="0.58" CC="900472"/>
						<SP ID="P22_SP00299" HPOS="1094" VPOS="1680" WIDTH="19"/>
						<String ID="P22_ST00337" HPOS="1113" VPOS="1646" WIDTH="177" HEIGHT="28" CONTENT="debilitándo" SUBS_TYPE="HypPart1" SUBS_CONTENT="debilitándose" WC="0.56" CC="067760708070"/>
						<HYP CONTENT="-"/>
					</TextLine>
					<TextLine ID="P22_TL00033" HPOS="259" VPOS="1687" WIDTH="1032" HEIGHT="42">
						<String ID="P22_ST00338" HPOS="259" VPOS="1696" WIDTH="27" HEIGHT="17" CONTENT="se" SUBS_TYPE="HypPart2" SUBS_CONTENT="debilitándose" WC="0.64" CC="07"/>
						<SP ID="P22_SP00300" HPOS="286" VPOS="1713" WIDTH="15"/>
						<String ID="P22_ST00339" HPOS="301" VPOS="1687" WIDTH="85" HEIGHT="36" CONTENT="luego." WC="0.65" CC="587000"/>
						<SP ID="P22_SP00301" HPOS="386" VPOS="1723" WIDTH="18"/>
						<String ID="P22_ST00340" HPOS="404" VPOS="1688" WIDTH="101" HEIGHT="27" CONTENT="Vienen" WC="0.58" CC="407804"/>
						<SP ID="P22_SP00302" HPOS="505" VPOS="1723" WIDTH="13"/>
						<String ID="P22_ST00341" HPOS="518" VPOS="1688" WIDTH="112" HEIGHT="36" CONTENT="después" WC="0.69" CC="0300773"/>
						<SP ID="P22_SP00303" HPOS="630" VPOS="1724" WIDTH="16"/>
						<String ID="P22_ST00342" HPOS="646" VPOS="1690" WIDTH="38" HEIGHT="26" CONTENT="las" WC="0.52" CC="490"/>
						<SP ID="P22_SP00304" HPOS="684" VPOS="1724" WIDTH="14"/>
						<String ID="P22_ST00343" HPOS="698" VPOS="1690" WIDTH="99" HEIGHT="27" CONTENT="calmas" WC="0.68" CC="742030"/>
						<SP ID="P22_SP00305" HPOS="797" VPOS="1724" WIDTH="16"/>
						<String ID="P22_ST00344" HPOS="813" VPOS="1690" WIDTH="31" HEIGHT="27" CONTENT="de" WC="0.14" CC="97"/>
						<SP ID="P22_SP00306" HPOS="844" VPOS="1724" WIDTH="17"/>
						<String ID="P22_ST00345" HPOS="861" VPOS="1691" WIDTH="94" HEIGHT="31" CONTENT="Marzo," WC="0.42" CC="977900"/>
						<SP ID="P22_SP00307" HPOS="955" VPOS="1724" WIDTH="19"/>
						<String ID="P22_ST00346" HPOS="974" VPOS="1691" WIDTH="74" HEIGHT="27" CONTENT="Abril" WC="0.60" CC="07740"/>
						<SP ID="P22_SP00308" HPOS="1048" VPOS="1724" WIDTH="18"/>
						<String ID="P22_ST00347" HPOS="1066" VPOS="1701" WIDTH="15" HEIGHT="28" CONTENT="y" WC="1.00" CC="0"/>
						<SP ID="P22_SP00309" HPOS="1081" VPOS="1729" WIDTH="15"/>
						<String ID="P22_ST00348" HPOS="1096" VPOS="1693" WIDTH="74" HEIGHT="36" CONTENT="Mayo" WC="0.58" CC="9600"/>
						<SP ID="P22_SP00310" HPOS="1170" VPOS="1729" WIDTH="17"/>
						<String ID="P22_ST00349" HPOS="1187" VPOS="1702" WIDTH="15" HEIGHT="27" CONTENT="y" WC="1.00" CC="0"/>
						<SP ID="P22_SP00311" HPOS="1202" VPOS="1729" WIDTH="15"/>
						<String ID="P22_ST00350" HPOS="1217" VPOS="1694" WIDTH="14" HEIGHT="27" CONTENT="á" WC="0.85" CC="1"/>
						<SP ID="P22_SP00312" HPOS="1231" VPOS="1729" WIDTH="16"/>
						<String ID="P22_ST00351" HPOS="1247" VPOS="1702" WIDTH="44" HEIGHT="19" CONTENT="ve" SUBS_TYPE="HypPart1" SUBS_CONTENT="veces" WC="0.51" CC="193"/>
						<HYP CONTENT="-"/>
					</TextLine>
					<TextLine ID="P22_TL00034" HPOS="259" VPOS="1733" WIDTH="1030" HEIGHT="40">
						<String ID="P22_ST00352" HPOS="259" VPOS="1741" WIDTH="42" HEIGHT="17" CONTENT="ces" SUBS_TYPE="HypPart2" SUBS_CONTENT="veces" WC="0.49" CC="770"/>
						<SP ID="P22_SP00313" HPOS="301" VPOS="1758" WIDTH="19"/>
						<String ID="P22_ST00353" HPOS="320" VPOS="1733" WIDTH="87" HEIGHT="30" CONTENT="Junio," WC="0.60" CC="188202"/>
						<SP ID="P22_SP00314" HPOS="407" VPOS="1763" WIDTH="17"/>
						<String ID="P22_ST00354" HPOS="424" VPOS="1742" WIDTH="31" HEIGHT="17" CONTENT="en" WC="0.19" CC="78"/>
						<SP ID="P22_SP00315" HPOS="455" VPOS="1763" WIDTH="19"/>
						<String ID="P22_ST00355" HPOS="474" VPOS="1743" WIDTH="82" HEIGHT="27" CONTENT="cuyos" WC="0.58" CC="75070"/>
						<SP ID="P22_SP00316" HPOS="556" VPOS="1770" WIDTH="18"/>
						<String ID="P22_ST00356" HPOS="574" VPOS="1743" WIDTH="85" HEIGHT="19" CONTENT="meses" WC="0.51" CC="07069"/>
						<SP ID="P22_SP00317" HPOS="659" VPOS="1770" WIDTH="19"/>
						<String ID="P22_ST00357" HPOS="678" VPOS="1735" WIDTH="39" HEIGHT="27" CONTENT="los" WC="0.71" CC="304"/>
						<SP ID="P22_SP00318" HPOS="717" VPOS="1770" WIDTH="15"/>
						<String ID="P22_ST00358" HPOS="732" VPOS="1735" WIDTH="110" HEIGHT="31" CONTENT="calores," WC="0.53" CC="70237754"/>
						<SP ID="P22_SP00319" HPOS="842" VPOS="1770" WIDTH="24"/>
						<String ID="P22_ST00359" HPOS="866" VPOS="1745" WIDTH="47" HEIGHT="28" CONTENT="por" WC="0.25" CC="967"/>
						<SP ID="P22_SP00320" HPOS="913" VPOS="1773" WIDTH="19"/>
						<String ID="P22_ST00360" HPOS="932" VPOS="1741" WIDTH="57" HEIGHT="23" CONTENT="esta" WC="0.45" CC="7670"/>
						<SP ID="P22_SP00321" HPOS="989" VPOS="1773" WIDTH="21"/>
						<String ID="P22_ST00361" HPOS="1010" VPOS="1746" WIDTH="90" HEIGHT="24" CONTENT="causa," WC="0.86" CC="008000"/>
						<SP ID="P22_SP00322" HPOS="1100" VPOS="1773" WIDTH="15"/>
						<String ID="P22_ST00362" HPOS="1115" VPOS="1748" WIDTH="27" HEIGHT="17" CONTENT="se" WC="0.61" CC="07"/>
						<SP ID="P22_SP00323" HPOS="1142" VPOS="1773" WIDTH="16"/>
						<String ID="P22_ST00363" HPOS="1158" VPOS="1741" WIDTH="131" HEIGHT="26" CONTENT="acentúan" WC="0.36" CC="05787748"/>
					</TextLine>
					<TextLine ID="P22_TL00035" HPOS="259" VPOS="1779" WIDTH="1031" HEIGHT="43">
						<String ID="P22_ST00364" HPOS="259" VPOS="1779" WIDTH="105" HEIGHT="30" CONTENT="mucho," WC="0.57" CC="087700"/>
						<SP ID="P22_SP00324" HPOS="364" VPOS="1809" WIDTH="22"/>
						<String ID="P22_ST00365" HPOS="386" VPOS="1779" WIDTH="160" HEIGHT="28" CONTENT="iniciándose" WC="0.40" CC="08071789794"/>
						<SP ID="P22_SP00325" HPOS="546" VPOS="1809" WIDTH="18"/>
						<String ID="P22_ST00366" HPOS="564" VPOS="1790" WIDTH="33" HEIGHT="16" CONTENT="en" WC="0.20" CC="78"/>
						<SP ID="P22_SP00326" HPOS="597" VPOS="1809" WIDTH="18"/>
						<String ID="P22_ST00367" HPOS="615" VPOS="1781" WIDTH="79" HEIGHT="27" CONTENT="Junio" WC="0.40" CC="08857"/>
						<SP ID="P22_SP00327" HPOS="694" VPOS="1809" WIDTH="19"/>
						<String ID="P22_ST00368" HPOS="713" VPOS="1782" WIDTH="40" HEIGHT="26" CONTENT="los" WC="0.69" CC="206"/>
						<SP ID="P22_SP00328" HPOS="753" VPOS="1809" WIDTH="23"/>
						<String ID="P22_ST00369" HPOS="776" VPOS="1783" WIDTH="102" HEIGHT="27" CONTENT="vientos" WC="0.39" CC="9378706"/>
						<SP ID="P22_SP00329" HPOS="878" VPOS="1810" WIDTH="19"/>
						<String ID="P22_ST00370" HPOS="897" VPOS="1783" WIDTH="41" HEIGHT="28" CONTENT="del" WC="0.56" CC="075"/>
						<SP ID="P22_SP00330" HPOS="938" VPOS="1811" WIDTH="17"/>
						<String ID="P22_ST00371" HPOS="955" VPOS="1783" WIDTH="74" HEIGHT="29" CONTENT="S.O.," WC="0.63" CC="60920"/>
						<SP ID="P22_SP00331" HPOS="1029" VPOS="1812" WIDTH="25"/>
						<String ID="P22_ST00372" HPOS="1054" VPOS="1794" WIDTH="51" HEIGHT="26" CONTENT="que" WC="0.50" CC="086"/>
						<SP ID="P22_SP00332" HPOS="1105" VPOS="1820" WIDTH="22"/>
						<String ID="P22_ST00373" HPOS="1127" VPOS="1786" WIDTH="93" HEIGHT="36" CONTENT="soplan" WC="0.42" CC="679208"/>
						<SP ID="P22_SP00333" HPOS="1220" VPOS="1822" WIDTH="21"/>
						<String ID="P22_ST00374" HPOS="1241" VPOS="1795" WIDTH="49" HEIGHT="19" CONTENT="con" WC="0.37" CC="458"/>
					</TextLine>
					<TextLine ID="P22_TL00036" HPOS="262" VPOS="1823" WIDTH="512" HEIGHT="30">
						<String ID="P22_ST00375" HPOS="262" VPOS="1823" WIDTH="86" HEIGHT="28" CONTENT="fuerza" WC="0.42" CC="871772"/>
						<SP ID="P22_SP00334" HPOS="348" VPOS="1851" WIDTH="15"/>
						<String ID="P22_ST00376" HPOS="363" VPOS="1823" WIDTH="76" HEIGHT="28" CONTENT="hasta" WC="0.88" CC="00500"/>
						<SP ID="P22_SP00335" HPOS="439" VPOS="1851" WIDTH="14"/>
						<String ID="P22_ST00377" HPOS="453" VPOS="1824" WIDTH="115" HEIGHT="27" CONTENT="Octubre" WC="0.40" CC="0557876"/>
						<SP ID="P22_SP00336" HPOS="568" VPOS="1851" WIDTH="12"/>
						<String ID="P22_ST00378" HPOS="580" VPOS="1826" WIDTH="15" HEIGHT="26" CONTENT="ó" WC="0.23" CC="7"/>
						<SP ID="P22_SP00337" HPOS="595" VPOS="1852" WIDTH="12"/>
						<String ID="P22_ST00379" HPOS="607" VPOS="1826" WIDTH="167" HEIGHT="27" CONTENT="Noviembre." WC="0.60" CC="9606407060"/>
					</TextLine>
				</TextBlock>
				<TextBlock ID="P22_TB00008" HPOS="258" VPOS="1868" WIDTH="1030" HEIGHT="180" STYLEREFS="TXT_1 PAR_LEFT">
					<TextLine ID="P22_TL00037" HPOS="297" VPOS="1868" WIDTH="991" HEIGHT="47">
						<String ID="P22_ST00380" HPOS="297" VPOS="1868" WIDTH="34" HEIGHT="27" CONTENT="La" WC="0.48" CC="63"/>
						<SP ID="P22_SP00338" HPOS="331" VPOS="1895" WIDTH="16"/>
						<String ID="P22_ST00381" HPOS="347" VPOS="1871" WIDTH="111" HEIGHT="25" CONTENT="monzón" WC="0.48" CC="028567"/>
						<SP ID="P22_SP00339" HPOS="458" VPOS="1896" WIDTH="15"/>
						<String ID="P22_ST00382" HPOS="473" VPOS="1870" WIDTH="40" HEIGHT="27" CONTENT="del" WC="0.47" CC="095"/>
						<SP ID="P22_SP00340" HPOS="513" VPOS="1897" WIDTH="16"/>
						<String ID="P22_ST00383" HPOS="529" VPOS="1870" WIDTH="63" HEIGHT="28" CONTENT="N.E." WC="0.62" CC="6053"/>
						<SP ID="P22_SP00341" HPOS="592" VPOS="1898" WIDTH="18"/>
						<String ID="P22_ST00384" HPOS="610" VPOS="1871" WIDTH="150" HEIGHT="28" CONTENT="determina" WC="0.58" CC="046709080"/>
						<SP ID="P22_SP00342" HPOS="760" VPOS="1899" WIDTH="16"/>
						<String ID="P22_ST00385" HPOS="776" VPOS="1882" WIDTH="50" HEIGHT="18" CONTENT="una" WC="0.32" CC="585"/>
						<SP ID="P22_SP00343" HPOS="826" VPOS="1900" WIDTH="14"/>
						<String ID="P22_ST00386" HPOS="840" VPOS="1873" WIDTH="112" HEIGHT="28" CONTENT="llamada" WC="0.77" CC="0500009"/>
						<SP ID="P22_SP00344" HPOS="952" VPOS="1901" WIDTH="15"/>
						<String ID="P22_ST00387" HPOS="967" VPOS="1874" WIDTH="110" HEIGHT="29" CONTENT="estación" WC="0.63" CC="40721058"/>
						<SP ID="P22_SP00345" HPOS="1077" VPOS="1903" WIDTH="13"/>
						<String ID="P22_ST00388" HPOS="1090" VPOS="1875" WIDTH="32" HEIGHT="28" CONTENT="de" WC="0.60" CC="43"/>
						<SP ID="P22_SP00346" HPOS="1122" VPOS="1903" WIDTH="15"/>
						<String ID="P22_ST00389" HPOS="1137" VPOS="1886" WIDTH="77" HEIGHT="23" CONTENT="secas," WC="0.46" CC="957090"/>
						<SP ID="P22_SP00347" HPOS="1214" VPOS="1909" WIDTH="22"/>
						<String ID="P22_ST00390" HPOS="1236" VPOS="1888" WIDTH="13" HEIGHT="27" CONTENT="y" WC="1.00" CC="0"/>
						<SP ID="P22_SP00348" HPOS="1249" VPOS="1915" WIDTH="16"/>
						<String ID="P22_ST00391" HPOS="1265" VPOS="1879" WIDTH="23" HEIGHT="27" CONTENT="la" WC="0.49" CC="09"/>
					</TextLine>
					<TextLine ID="P22_TL00038" HPOS="259" VPOS="1913" WIDTH="1029" HEIGHT="39">
						<String ID="P22_ST00392" HPOS="259" VPOS="1913" WIDTH="39" HEIGHT="27" CONTENT="del" WC="0.76" CC="070"/>
						<SP ID="P22_SP00349" HPOS="298" VPOS="1940" WIDTH="16"/>
						<String ID="P22_ST00393" HPOS="314" VPOS="1915" WIDTH="60" HEIGHT="26" CONTENT="S.O." WC="0.55" CC="9070"/>
						<SP ID="P22_SP00350" HPOS="374" VPOS="1941" WIDTH="20"/>
						<String ID="P22_ST00394" HPOS="394" VPOS="1918" WIDTH="58" HEIGHT="24" CONTENT="olra" WC="0.60" CC="5009"/>
						<SP ID="P22_SP00351" HPOS="452" VPOS="1942" WIDTH="15"/>
						<String ID="P22_ST00395" HPOS="467" VPOS="1914" WIDTH="31" HEIGHT="28" CONTENT="de" WC="0.78" CC="04"/>
						<SP ID="P22_SP00352" HPOS="498" VPOS="1942" WIDTH="15"/>
						<String ID="P22_ST00396" HPOS="513" VPOS="1916" WIDTH="101" HEIGHT="31" CONTENT="lluvias;" WC="0.26" CC="43965998"/>
						<SP ID="P22_SP00353" HPOS="614" VPOS="1947" WIDTH="25"/>
						<String ID="P22_ST00397" HPOS="639" VPOS="1926" WIDTH="62" HEIGHT="26" CONTENT="pero" WC="0.79" CC="0070"/>
						<SP ID="P22_SP00354" HPOS="701" VPOS="1952" WIDTH="15"/>
						<String ID="P22_ST00398" HPOS="716" VPOS="1918" WIDTH="23" HEIGHT="26" CONTENT="el" WC="0.62" CC="70"/>
						<SP ID="P22_SP00355" HPOS="739" VPOS="1952" WIDTH="13"/>
						<String ID="P22_ST00399" HPOS="752" VPOS="1922" WIDTH="136" HEIGHT="25" CONTENT="contraste" WC="0.44" CC="768606274"/>
						<SP ID="P22_SP00356" HPOS="888" VPOS="1952" WIDTH="18"/>
						<String ID="P22_ST00400" HPOS="906" VPOS="1924" WIDTH="76" HEIGHT="25" CONTENT="entre" WC="0.76" CC="06500"/>
						<SP ID="P22_SP00357" HPOS="982" VPOS="1952" WIDTH="15"/>
						<String ID="P22_ST00401" HPOS="997" VPOS="1922" WIDTH="93" HEIGHT="28" CONTENT="ambas" WC="0.54" CC="06744"/>
						<SP ID="P22_SP00358" HPOS="1090" VPOS="1952" WIDTH="19"/>
						<String ID="P22_ST00402" HPOS="1109" VPOS="1932" WIDTH="33" HEIGHT="18" CONTENT="no" WC="0.65" CC="60"/>
						<SP ID="P22_SP00359" HPOS="1142" VPOS="1952" WIDTH="22"/>
						<String ID="P22_ST00403" HPOS="1164" VPOS="1933" WIDTH="28" HEIGHT="18" CONTENT="es" WC="0.95" CC="00"/>
						<SP ID="P22_SP00360" HPOS="1192" VPOS="1952" WIDTH="20"/>
						<String ID="P22_ST00404" HPOS="1212" VPOS="1933" WIDTH="32" HEIGHT="18" CONTENT="en" WC="0.22" CC="68"/>
						<SP ID="P22_SP00361" HPOS="1244" VPOS="1952" WIDTH="21"/>
						<String ID="P22_ST00405" HPOS="1265" VPOS="1925" WIDTH="23" HEIGHT="27" CONTENT="la" WC="0.65" CC="70"/>
					</TextLine>
					<TextLine ID="P22_TL00039" HPOS="259" VPOS="1959" WIDTH="1029" HEIGHT="40">
						<String ID="P22_ST00406" HPOS="259" VPOS="1959" WIDTH="48" HEIGHT="26" CONTENT="isla" WC="0.88" CC="1030"/>
						<SP ID="P22_SP00362" HPOS="307" VPOS="1985" WIDTH="15"/>
						<String ID="P22_ST00407" HPOS="322" VPOS="1960" WIDTH="31" HEIGHT="26" CONTENT="de" WC="0.78" CC="04"/>
						<SP ID="P22_SP00363" HPOS="353" VPOS="1986" WIDTH="14"/>
						<String ID="P22_ST00408" HPOS="367" VPOS="1960" WIDTH="78" HEIGHT="33" CONTENT="Cebú," WC="0.55" CC="60670"/>
						<SP ID="P22_SP00364" HPOS="445" VPOS="1993" WIDTH="21"/>
						<String ID="P22_ST00409" HPOS="466" VPOS="1961" WIDTH="25" HEIGHT="27" CONTENT="ni" WC="0.27" CC="85"/>
						<SP ID="P22_SP00365" HPOS="491" VPOS="1993" WIDTH="16"/>
						<String ID="P22_ST00410" HPOS="507" VPOS="1971" WIDTH="49" HEIGHT="17" CONTENT="con" WC="0.17" CC="788"/>
						<SP ID="P22_SP00366" HPOS="556" VPOS="1993" WIDTH="14"/>
						<String ID="P22_ST00411" HPOS="570" VPOS="1963" WIDTH="105" HEIGHT="31" CONTENT="mucho," WC="0.48" CC="087770"/>
						<SP ID="P22_SP00367" HPOS="675" VPOS="1994" WIDTH="21"/>
						<String ID="P22_ST00412" HPOS="696" VPOS="1967" WIDTH="43" HEIGHT="23" CONTENT="tan" WC="0.28" CC="668"/>
						<SP ID="P22_SP00368" HPOS="739" VPOS="1994" WIDTH="17"/>
						<String ID="P22_ST00413" HPOS="756" VPOS="1966" WIDTH="126" HEIGHT="27" CONTENT="marcado" WC="0.57" CC="5567005"/>
						<SP ID="P22_SP00369" HPOS="882" VPOS="1994" WIDTH="13"/>
						<String ID="P22_ST00414" HPOS="895" VPOS="1975" WIDTH="76" HEIGHT="19" CONTENT="como" WC="0.55" CC="5507"/>
						<SP ID="P22_SP00370" HPOS="971" VPOS="1994" WIDTH="20"/>
						<String ID="P22_ST00415" HPOS="991" VPOS="1977" WIDTH="31" HEIGHT="17" CONTENT="en" WC="0.27" CC="68"/>
						<SP ID="P22_SP00371" HPOS="1022" VPOS="1994" WIDTH="16"/>
						<String ID="P22_ST00416" HPOS="1038" VPOS="1969" WIDTH="24" HEIGHT="26" CONTENT="la" WC="0.69" CC="06"/>
						<SP ID="P22_SP00372" HPOS="1062" VPOS="1995" WIDTH="16"/>
						<String ID="P22_ST00417" HPOS="1078" VPOS="1973" WIDTH="75" HEIGHT="24" CONTENT="costa" WC="0.38" CC="75547"/>
						<SP ID="P22_SP00373" HPOS="1153" VPOS="1997" WIDTH="14"/>
						<String ID="P22_ST00418" HPOS="1167" VPOS="1971" WIDTH="121" HEIGHT="28" CONTENT="occiden" SUBS_TYPE="HypPart1" SUBS_CONTENT="occidental" WC="0.70" CC="63000570"/>
						<HYP CONTENT="-"/>
					</TextLine>
					<TextLine ID="P22_TL00040" HPOS="260" VPOS="2003" WIDTH="1027" HEIGHT="45">
						<String ID="P22_ST00419" HPOS="260" VPOS="2004" WIDTH="35" HEIGHT="29" CONTENT="tal" SUBS_TYPE="HypPart2" SUBS_CONTENT="occidental" WC="0.45" CC="834"/>
						<SP ID="P22_SP00374" HPOS="295" VPOS="2033" WIDTH="14"/>
						<String ID="P22_ST00420" HPOS="309" VPOS="2003" WIDTH="41" HEIGHT="28" CONTENT="del" WC="0.71" CC="052"/>
						<SP ID="P22_SP00375" HPOS="350" VPOS="2033" WIDTH="13"/>
						<String ID="P22_ST00421" HPOS="363" VPOS="2008" WIDTH="75" HEIGHT="24" CONTENT="norte" WC="0.56" CC="80903"/>
						<SP ID="P22_SP00376" HPOS="438" VPOS="2033" WIDTH="17"/>
						<String ID="P22_ST00422" HPOS="455" VPOS="2015" WIDTH="14" HEIGHT="27" CONTENT="y" WC="1.00" CC="0"/>
						<SP ID="P22_SP00377" HPOS="469" VPOS="2042" WIDTH="14"/>
						<String ID="P22_ST00423" HPOS="483" VPOS="2010" WIDTH="91" HEIGHT="23" CONTENT="centro" WC="0.70" CC="130605"/>
						<SP ID="P22_SP00378" HPOS="574" VPOS="2042" WIDTH="12"/>
						<String ID="P22_ST00424" HPOS="586" VPOS="2007" WIDTH="32" HEIGHT="27" CONTENT="de" WC="0.81" CC="03"/>
						<SP ID="P22_SP00379" HPOS="618" VPOS="2042" WIDTH="14"/>
						<String ID="P22_ST00425" HPOS="632" VPOS="2007" WIDTH="97" HEIGHT="31" CONTENT="Luzón," WC="0.31" CC="687782"/>
						<SP ID="P22_SP00380" HPOS="729" VPOS="2042" WIDTH="22"/>
						<String ID="P22_ST00426" HPOS="751" VPOS="2003" WIDTH="41" HEIGHT="33" CONTENT="sin" WC="0.42" CC="168"/>
						<SP ID="P22_SP00381" HPOS="792" VPOS="2042" WIDTH="17"/>
						<String ID="P22_ST00427" HPOS="809" VPOS="2011" WIDTH="68" HEIGHT="27" CONTENT="duda" WC="0.79" CC="0800"/>
						<SP ID="P22_SP00382" HPOS="877" VPOS="2042" WIDTH="17"/>
						<String ID="P22_ST00428" HPOS="894" VPOS="2021" WIDTH="100" HEIGHT="27" CONTENT="porque" WC="0.69" CC="070064"/>
						<SP ID="P22_SP00383" HPOS="994" VPOS="2048" WIDTH="19"/>
						<String ID="P22_ST00429" HPOS="1013" VPOS="2014" WIDTH="24" HEIGHT="26" CONTENT="el" WC="1.00" CC="00"/>
						<SP ID="P22_SP00384" HPOS="1037" VPOS="2048" WIDTH="15"/>
						<String ID="P22_ST00430" HPOS="1052" VPOS="2023" WIDTH="66" HEIGHT="25" CONTENT="gran" WC="0.39" CC="9058"/>
						<SP ID="P22_SP00385" HPOS="1118" VPOS="2048" WIDTH="17"/>
						<String ID="P22_ST00431" HPOS="1135" VPOS="2014" WIDTH="152" HEIGHT="30" CONTENT="fracciona-" WC="0.64" CC="2200605790"/>
					</TextLine>
				</TextBlock>
			</PrintSpace>
		</Page>
	</Layout>
</alto>
