<?xml version="1.0" encoding="UTF-8"?>
<alto xmlns:xsi="http://www.w3.org/2001/XMLSchema-instance" xsi:noNamespaceSchemaLocation="http://www.bl.uk/schemas/alto/alto-1-4.xsd" xmlns:xlink="http://www.w3.org/1999/xlink">
	<Description>
		<MeasurementUnit>mm10</MeasurementUnit>
		<sourceImageInformation>
			<fileName>//head1/IN/2008-38/A0012069182/010199.jp2</fileName>
		</sourceImageInformation>
		<OCRProcessing ID="OCRPROCESSING_1">
			<preProcessingStep>
				<processingSoftware>
					<softwareCreator>CCS Content Conversion Specialists GmbH, Germany</softwareCreator>
					<softwareName>CCS docWORKS</softwareName>
					<softwareVersion>6.1-0.67</softwareVersion>
				</processingSoftware>
			</preProcessingStep>
			<ocrProcessingStep>
				<processingSoftware>
					<softwareCreator>ABBYY (BIT Software), Russia</softwareCreator>
					<softwareName>Finereader</softwareName>
				</processingSoftware>
			</ocrProcessingStep>
		</OCRProcessing>
	</Description>
	<Styles>
		<TextStyle ID="TXT_0" FONTSIZE="9" FONTFAMILY="Courier New"/>
		<TextStyle ID="TXT_1" FONTSIZE="11" FONTFAMILY="Courier New"/>
		<ParagraphStyle ID="PAR_LEFT" ALIGN="Left"/>
		<ParagraphStyle ID="PAR_RIGHT" ALIGN="Right"/>
		<ParagraphStyle ID="PAR_CENTER" ALIGN="Center"/>
	</Styles>
	<Layout>
		<Page ID="P109" PHYSICAL_IMG_NR="109" HEIGHT="2363" WIDTH="1475" PRINTED_IMG_NR="101" POSITION="Right" ACCURACY="64.73">
			<TopMargin ID="P109_TM00001" HPOS="0" VPOS="0" WIDTH="1474" HEIGHT="231">
				<TextBlock ID="P109_TB00001" HPOS="556" VPOS="206" WIDTH="178" HEIGHT="23" STYLEREFS="TXT_0 PAR_LEFT">
					<TextLine ID="P109_TL00001" HPOS="557" VPOS="207" WIDTH="177" HEIGHT="22">
						<String ID="P109_ST00001" HPOS="557" VPOS="213" WIDTH="51" HEIGHT="16" CONTENT="ISLA" WC="0.49" CC="4590"/>
						<SP ID="P109_SP00001" HPOS="608" VPOS="229" WIDTH="20"/>
						<String ID="P109_ST00002" HPOS="628" VPOS="213" WIDTH="28" HEIGHT="16" CONTENT="DE" WC="0.53" CC="27"/>
						<SP ID="P109_SP00002" HPOS="656" VPOS="229" WIDTH="17"/>
						<String ID="P109_ST00003" HPOS="673" VPOS="207" WIDTH="61" HEIGHT="22" CONTENT="CEBÚ" WC="0.45" CC="5446"/>
						<SP ID="P109_SP00003" HPOS="734" VPOS="229" WIDTH="0"/>
					</TextLine>
				</TextBlock>
				<TextBlock ID="P109_TB00002" HPOS="1081" VPOS="209" WIDTH="40" HEIGHT="21" STYLEREFS="TXT_1 PAR_RIGHT">
					<TextLine ID="P109_TL00002" HPOS="1081" VPOS="209" WIDTH="40" HEIGHT="21">
						<String ID="P109_ST00004" HPOS="1081" VPOS="209" WIDTH="40" HEIGHT="21" CONTENT="101" WC="1.00" CC="000"/>
					</TextLine>
				</TextBlock>
			</TopMargin>
			<LeftMargin ID="P109_LM00001" HPOS="0" VPOS="231" WIDTH="124" HEIGHT="1806"/>
			<RightMargin ID="P109_RM00001" HPOS="1158" VPOS="231" WIDTH="316" HEIGHT="1806"/>
			<BottomMargin ID="P109_BM00001" HPOS="0" VPOS="2037" WIDTH="1474" HEIGHT="326"/>
			<PrintSpace ID="P109_PS00001" HPOS="124" VPOS="231" WIDTH="1035" HEIGHT="1806">
				<TextBlock ID="P109_TB00003" HPOS="124" VPOS="249" WIDTH="1032" HEIGHT="601" STYLEREFS="TXT_0 PAR_LEFT">
					<TextLine ID="P109_TL00003" HPOS="126" VPOS="250" WIDTH="1030" HEIGHT="40">
						<String ID="P109_ST00005" HPOS="126" VPOS="259" WIDTH="50" HEIGHT="27" CONTENT="gan" WC="0.43" CC="907"/>
						<SP ID="P109_SP00004" HPOS="176" VPOS="286" WIDTH="19"/>
						<String ID="P109_ST00006" HPOS="195" VPOS="250" WIDTH="14" HEIGHT="27" CONTENT="á" WC="1.00" CC="0"/>
						<SP ID="P109_SP00005" HPOS="209" VPOS="286" WIDTH="15"/>
						<String ID="P109_ST00007" HPOS="224" VPOS="251" WIDTH="138" HEIGHT="28" CONTENT="modificar" WC="0.62" CC="920044507"/>
						<SP ID="P109_SP00006" HPOS="362" VPOS="286" WIDTH="15"/>
						<String ID="P109_ST00008" HPOS="377" VPOS="251" WIDTH="24" HEIGHT="28" CONTENT="lo" WC="0.35" CC="75"/>
						<SP ID="P109_SP00007" HPOS="401" VPOS="286" WIDTH="14"/>
						<String ID="P109_ST00009" HPOS="415" VPOS="261" WIDTH="51" HEIGHT="28" CONTENT="que" WC="0.87" CC="030"/>
						<SP ID="P109_SP00008" HPOS="466" VPOS="289" WIDTH="14"/>
						<String ID="P109_ST00010" HPOS="480" VPOS="252" WIDTH="32" HEIGHT="28" CONTENT="de" WC="0.64" CC="07"/>
						<SP ID="P109_SP00009" HPOS="512" VPOS="289" WIDTH="13"/>
						<String ID="P109_ST00011" HPOS="525" VPOS="253" WIDTH="65" HEIGHT="28" CONTENT="ellas" WC="0.53" CC="26606"/>
						<SP ID="P109_SP00010" HPOS="590" VPOS="289" WIDTH="17"/>
						<String ID="P109_ST00012" HPOS="607" VPOS="262" WIDTH="167" HEIGHT="23" CONTENT="conocemos," WC="0.60" CC="0286708401"/>
						<SP ID="P109_SP00011" HPOS="774" VPOS="289" WIDTH="22"/>
						<String ID="P109_ST00013" HPOS="796" VPOS="263" WIDTH="51" HEIGHT="27" CONTENT="que" WC="0.64" CC="055"/>
						<SP ID="P109_SP00012" HPOS="847" VPOS="290" WIDTH="19"/>
						<String ID="P109_ST00014" HPOS="866" VPOS="253" WIDTH="77" HEIGHT="28" CONTENT="sobre" WC="0.72" CC="22710"/>
						<SP ID="P109_SP00013" HPOS="943" VPOS="290" WIDTH="22"/>
						<String ID="P109_ST00015" HPOS="965" VPOS="264" WIDTH="50" HEIGHT="18" CONTENT="una" WC="0.79" CC="410"/>
						<SP ID="P109_SP00014" HPOS="1015" VPOS="290" WIDTH="14"/>
						<String ID="P109_ST00016" HPOS="1029" VPOS="255" WIDTH="72" HEIGHT="31" CONTENT="base," WC="0.74" CC="70400"/>
						<SP ID="P109_SP00015" HPOS="1101" VPOS="290" WIDTH="19"/>
						<String ID="P109_ST00017" HPOS="1120" VPOS="256" WIDTH="36" HEIGHT="27" CONTENT="tal" WC="0.60" CC="056"/>
					</TextLine>
					<TextLine ID="P109_TL00004" HPOS="126" VPOS="297" WIDTH="1029" HEIGHT="40">
						<String ID="P109_ST00018" HPOS="126" VPOS="304" WIDTH="45" HEIGHT="19" CONTENT="vez" WC="0.67" CC="036"/>
						<SP ID="P109_SP00016" HPOS="171" VPOS="323" WIDTH="18"/>
						<String ID="P109_ST00019" HPOS="189" VPOS="302" WIDTH="156" HEIGHT="31" CONTENT="compuesta" WC="0.54" CC="070087980"/>
						<SP ID="P109_SP00017" HPOS="345" VPOS="333" WIDTH="20"/>
						<String ID="P109_ST00020" HPOS="365" VPOS="297" WIDTH="31" HEIGHT="28" CONTENT="de" WC="0.81" CC="03"/>
						<SP ID="P109_SP00018" HPOS="396" VPOS="333" WIDTH="17"/>
						<String ID="P109_ST00021" HPOS="413" VPOS="297" WIDTH="118" HEIGHT="37" CONTENT="pizarras" WC="0.65" CC="03557050"/>
						<SP ID="P109_SP00019" HPOS="531" VPOS="334" WIDTH="17"/>
						<String ID="P109_ST00022" HPOS="548" VPOS="298" WIDTH="163" HEIGHT="32" CONTENT="anfibólicas," WC="0.77" CC="060070072040"/>
						<SP ID="P109_SP00020" HPOS="711" VPOS="334" WIDTH="21"/>
						<String ID="P109_ST00023" HPOS="732" VPOS="299" WIDTH="161" HEIGHT="35" CONTENT="semejantes" WC="0.62" CC="0770238701"/>
						<SP ID="P109_SP00021" HPOS="893" VPOS="334" WIDTH="18"/>
						<String ID="P109_ST00024" HPOS="911" VPOS="300" WIDTH="23" HEIGHT="26" CONTENT="al" WC="1.00" CC="00"/>
						<SP ID="P109_SP00022" HPOS="934" VPOS="334" WIDTH="24"/>
						<String ID="P109_ST00025" HPOS="958" VPOS="300" WIDTH="127" HEIGHT="36" CONTENT="ejemplar" WC="0.90" CC="01000500"/>
						<SP ID="P109_SP00023" HPOS="1085" VPOS="336" WIDTH="19"/>
						<String ID="P109_ST00026" HPOS="1104" VPOS="310" WIDTH="51" HEIGHT="27" CONTENT="que" WC="0.82" CC="040"/>
					</TextLine>
					<TextLine ID="P109_TL00005" HPOS="126" VPOS="342" WIDTH="1030" HEIGHT="41">
						<String ID="P109_ST00027" HPOS="126" VPOS="342" WIDTH="240" HEIGHT="29" CONTENT="accidentalmente" WC="0.67" CC="077000670006570"/>
						<SP ID="P109_SP00024" HPOS="366" VPOS="371" WIDTH="20"/>
						<String ID="P109_ST00028" HPOS="386" VPOS="348" WIDTH="188" HEIGHT="23" CONTENT="encontramos" WC="0.54" CC="08036840864"/>
						<SP ID="P109_SP00025" HPOS="574" VPOS="371" WIDTH="19"/>
						<String ID="P109_ST00029" HPOS="593" VPOS="353" WIDTH="31" HEIGHT="19" CONTENT="en" WC="0.57" CC="08"/>
						<SP ID="P109_SP00026" HPOS="624" VPOS="372" WIDTH="22"/>
						<String ID="P109_ST00030" HPOS="646" VPOS="345" WIDTH="115" HEIGHT="36" CONTENT="Bagbad," WC="0.56" CC="7098400"/>
						<SP ID="P109_SP00027" HPOS="761" VPOS="381" WIDTH="25"/>
						<String ID="P109_ST00031" HPOS="786" VPOS="354" WIDTH="27" HEIGHT="18" CONTENT="se" WC="1.00" CC="00"/>
						<SP ID="P109_SP00028" HPOS="813" VPOS="381" WIDTH="20"/>
						<String ID="P109_ST00032" HPOS="833" VPOS="345" WIDTH="193" HEIGHT="28" CONTENT="manifestaron" WC="0.66" CC="020406066670"/>
						<SP ID="P109_SP00029" HPOS="1026" VPOS="381" WIDTH="21"/>
						<String ID="P109_ST00033" HPOS="1047" VPOS="347" WIDTH="109" HEIGHT="36" CONTENT="algunas" WC="0.55" CC="4705831"/>
					</TextLine>
					<TextLine ID="P109_TL00006" HPOS="126" VPOS="388" WIDTH="1030" HEIGHT="37">
						<String ID="P109_ST00034" HPOS="126" VPOS="388" WIDTH="165" HEIGHT="36" CONTENT="erupciones," WC="0.84" CC="10400037000"/>
						<SP ID="P109_SP00030" HPOS="291" VPOS="424" WIDTH="18"/>
						<String ID="P109_ST00035" HPOS="309" VPOS="389" WIDTH="219" HEIGHT="36" CONTENT="probablemente" WC="0.71" CC="0047074202061"/>
						<SP ID="P109_SP00031" HPOS="528" VPOS="425" WIDTH="17"/>
						<String ID="P109_ST00036" HPOS="545" VPOS="390" WIDTH="177" HEIGHT="33" CONTENT="submarinas," WC="0.57" CC="38700747620"/>
						<SP ID="P109_SP00032" HPOS="722" VPOS="425" WIDTH="19"/>
						<String ID="P109_ST00037" HPOS="741" VPOS="390" WIDTH="32" HEIGHT="28" CONTENT="de" WC="0.77" CC="04"/>
						<SP ID="P109_SP00033" HPOS="773" VPOS="425" WIDTH="18"/>
						<String ID="P109_ST00038" HPOS="791" VPOS="391" WIDTH="119" HEIGHT="27" CONTENT="carácter" WC="0.69" CC="00007437"/>
						<SP ID="P109_SP00034" HPOS="910" VPOS="425" WIDTH="17"/>
						<String ID="P109_ST00039" HPOS="927" VPOS="390" WIDTH="132" HEIGHT="33" CONTENT="diorítico," WC="0.67" CC="0435560340"/>
						<SP ID="P109_SP00035" HPOS="1059" VPOS="425" WIDTH="21"/>
						<String ID="P109_ST00040" HPOS="1080" VPOS="392" WIDTH="76" HEIGHT="27" CONTENT="sobre" WC="0.61" CC="03717"/>
					</TextLine>
					<TextLine ID="P109_TL00007" HPOS="128" VPOS="435" WIDTH="1028" HEIGHT="39">
						<String ID="P109_ST00041" HPOS="128" VPOS="435" WIDTH="36" HEIGHT="26" CONTENT="las" WC="0.53" CC="607"/>
						<SP ID="P109_SP00036" HPOS="164" VPOS="461" WIDTH="18"/>
						<String ID="P109_ST00042" HPOS="182" VPOS="435" WIDTH="89" HEIGHT="28" CONTENT="cuales" WC="0.48" CC="754066"/>
						<SP ID="P109_SP00037" HPOS="271" VPOS="463" WIDTH="21"/>
						<String ID="P109_ST00043" HPOS="292" VPOS="445" WIDTH="16" HEIGHT="27" CONTENT="y" WC="1.00" CC="0"/>
						<SP ID="P109_SP00038" HPOS="308" VPOS="472" WIDTH="14"/>
						<String ID="P109_ST00044" HPOS="322" VPOS="445" WIDTH="49" HEIGHT="18" CONTENT="con" WC="0.54" CC="058"/>
						<SP ID="P109_SP00039" HPOS="371" VPOS="472" WIDTH="19"/>
						<String ID="P109_ST00045" HPOS="390" VPOS="445" WIDTH="45" HEIGHT="18" CONTENT="sus" WC="0.35" CC="665"/>
						<SP ID="P109_SP00040" HPOS="435" VPOS="472" WIDTH="15"/>
						<String ID="P109_ST00046" HPOS="450" VPOS="436" WIDTH="112" HEIGHT="27" CONTENT="mismos" WC="0.43" CC="009976"/>
						<SP ID="P109_SP00041" HPOS="562" VPOS="472" WIDTH="13"/>
						<String ID="P109_ST00047" HPOS="575" VPOS="436" WIDTH="163" HEIGHT="32" CONTENT="materiales," WC="0.65" CC="00607506740"/>
						<SP ID="P109_SP00042" HPOS="738" VPOS="472" WIDTH="20"/>
						<String ID="P109_ST00048" HPOS="758" VPOS="437" WIDTH="58" HEIGHT="26" CONTENT="más" WC="1.00" CC="000"/>
						<SP ID="P109_SP00043" HPOS="816" VPOS="472" WIDTH="15"/>
						<String ID="P109_ST00049" HPOS="831" VPOS="436" WIDTH="14" HEIGHT="28" CONTENT="ó" WC="0.37" CC="6"/>
						<SP ID="P109_SP00044" HPOS="845" VPOS="472" WIDTH="19"/>
						<String ID="P109_ST00050" HPOS="864" VPOS="445" WIDTH="92" HEIGHT="18" CONTENT="menos" WC="0.71" CC="60602"/>
						<SP ID="P109_SP00045" HPOS="956" VPOS="472" WIDTH="15"/>
						<String ID="P109_ST00051" HPOS="971" VPOS="437" WIDTH="185" HEIGHT="37" CONTENT="descompues" SUBS_TYPE="HypPart1" SUBS_CONTENT="descompuestos," WC="0.77" CC="00044680000"/>
						<HYP CONTENT="-"/>
					</TextLine>
					<TextLine ID="P109_TL00008" HPOS="128" VPOS="480" WIDTH="1028" HEIGHT="40">
						<String ID="P109_ST00052" HPOS="128" VPOS="485" WIDTH="49" HEIGHT="26" CONTENT="tos," SUBS_TYPE="HypPart2" SUBS_CONTENT="descompuestos," WC="0.77" CC="4004"/>
						<SP ID="P109_SP00046" HPOS="177" VPOS="511" WIDTH="24"/>
						<String ID="P109_ST00053" HPOS="201" VPOS="489" WIDTH="28" HEIGHT="18" CONTENT="se" WC="0.39" CC="65"/>
						<SP ID="P109_SP00047" HPOS="229" VPOS="511" WIDTH="15"/>
						<String ID="P109_ST00054" HPOS="244" VPOS="480" WIDTH="137" HEIGHT="28" CONTENT="formaron" WC="0.71" CC="34700411"/>
						<SP ID="P109_SP00048" HPOS="381" VPOS="511" WIDTH="17"/>
						<String ID="P109_ST00055" HPOS="398" VPOS="481" WIDTH="39" HEIGHT="27" CONTENT="las" WC="0.40" CC="097"/>
						<SP ID="P109_SP00049" HPOS="437" VPOS="511" WIDTH="18"/>
						<String ID="P109_ST00056" HPOS="455" VPOS="490" WIDTH="77" HEIGHT="19" CONTENT="rocas" WC="0.31" CC="94666"/>
						<SP ID="P109_SP00050" HPOS="532" VPOS="511" WIDTH="18"/>
						<String ID="P109_ST00057" HPOS="550" VPOS="481" WIDTH="138" HEIGHT="28" CONTENT="detríticas" WC="0.80" CC="0074000052"/>
						<SP ID="P109_SP00051" HPOS="688" VPOS="511" WIDTH="18"/>
						<String ID="P109_ST00058" HPOS="706" VPOS="483" WIDTH="16" HEIGHT="26" CONTENT="ó" WC="1.00" CC="0"/>
						<SP ID="P109_SP00052" HPOS="722" VPOS="511" WIDTH="17"/>
						<String ID="P109_ST00059" HPOS="739" VPOS="482" WIDTH="132" HEIGHT="27" CONTENT="tobáceas." WC="0.54" CC="667062560"/>
						<SP ID="P109_SP00053" HPOS="871" VPOS="511" WIDTH="17"/>
						<String ID="P109_ST00060" HPOS="888" VPOS="483" WIDTH="234" HEIGHT="32" CONTENT="Posteriormente," WC="0.76" CC="900005507000500"/>
						<SP ID="P109_SP00054" HPOS="1122" VPOS="515" WIDTH="19"/>
						<String ID="P109_ST00061" HPOS="1141" VPOS="493" WIDTH="15" HEIGHT="27" CONTENT="y" WC="1.00" CC="0"/>
					</TextLine>
					<TextLine ID="P109_TL00009" HPOS="127" VPOS="526" WIDTH="1029" HEIGHT="37">
						<String ID="P109_ST00062" HPOS="127" VPOS="526" WIDTH="104" HEIGHT="28" CONTENT="cuando" WC="0.73" CC="080700"/>
						<SP ID="P109_SP00055" HPOS="231" VPOS="554" WIDTH="14"/>
						<String ID="P109_ST00063" HPOS="245" VPOS="527" WIDTH="23" HEIGHT="26" CONTENT="el" WC="0.77" CC="04"/>
						<SP ID="P109_SP00056" HPOS="268" VPOS="554" WIDTH="15"/>
						<String ID="P109_ST00064" HPOS="283" VPOS="530" WIDTH="107" HEIGHT="24" CONTENT="terreno" WC="0.71" CC="6000183"/>
						<SP ID="P109_SP00057" HPOS="390" VPOS="554" WIDTH="11"/>
						<String ID="P109_ST00065" HPOS="401" VPOS="527" WIDTH="191" HEIGHT="27" CONTENT="sedimentario" WC="0.83" CC="000000870003"/>
						<SP ID="P109_SP00058" HPOS="592" VPOS="554" WIDTH="12"/>
						<String ID="P109_ST00066" HPOS="604" VPOS="536" WIDTH="51" HEIGHT="27" CONTENT="que" WC="0.54" CC="067"/>
						<SP ID="P109_SP00059" HPOS="655" VPOS="563" WIDTH="14"/>
						<String ID="P109_ST00067" HPOS="669" VPOS="528" WIDTH="120" HEIGHT="27" CONTENT="contiene" WC="0.45" CC="16864680"/>
						<SP ID="P109_SP00060" HPOS="789" VPOS="563" WIDTH="15"/>
						<String ID="P109_ST00068" HPOS="804" VPOS="528" WIDTH="40" HEIGHT="26" CONTENT="los" WC="0.33" CC="775"/>
						<SP ID="P109_SP00061" HPOS="844" VPOS="563" WIDTH="20"/>
						<String ID="P109_ST00069" HPOS="864" VPOS="528" WIDTH="108" HEIGHT="35" CONTENT="lignitos" WC="0.60" CC="04970630"/>
						<SP ID="P109_SP00062" HPOS="972" VPOS="563" WIDTH="14"/>
						<String ID="P109_ST00070" HPOS="986" VPOS="537" WIDTH="27" HEIGHT="18" CONTENT="se" WC="0.83" CC="30"/>
						<SP ID="P109_SP00063" HPOS="1013" VPOS="563" WIDTH="15"/>
						<String ID="P109_ST00071" HPOS="1028" VPOS="529" WIDTH="70" HEIGHT="27" CONTENT="hubo" WC="0.45" CC="7850"/>
						<SP ID="P109_SP00064" HPOS="1098" VPOS="563" WIDTH="15"/>
						<String ID="P109_ST00072" HPOS="1113" VPOS="529" WIDTH="43" HEIGHT="28" CONTENT="de" SUBS_TYPE="HypPart1" SUBS_CONTENT="depositado," WC="0.95" CC="001"/>
						<HYP CONTENT="-"/>
					</TextLine>
					<TextLine ID="P109_TL00010" HPOS="128" VPOS="573" WIDTH="1027" HEIGHT="37">
						<String ID="P109_ST00073" HPOS="128" VPOS="573" WIDTH="130" HEIGHT="36" CONTENT="positado," SUBS_TYPE="HypPart2" SUBS_CONTENT="depositado," WC="0.62" CC="009079070"/>
						<SP ID="P109_SP00065" HPOS="258" VPOS="609" WIDTH="17"/>
						<String ID="P109_ST00074" HPOS="275" VPOS="573" WIDTH="173" HEIGHT="37" CONTENT="aparecieron" WC="0.61" CC="00970330557"/>
						<SP ID="P109_SP00066" HPOS="448" VPOS="610" WIDTH="15"/>
						<String ID="P109_ST00075" HPOS="463" VPOS="573" WIDTH="39" HEIGHT="28" CONTENT="los" WC="0.66" CC="504"/>
						<SP ID="P109_SP00067" HPOS="502" VPOS="610" WIDTH="15"/>
						<String ID="P109_ST00076" HPOS="517" VPOS="573" WIDTH="154" HEIGHT="28" CONTENT="fenómenos" WC="0.51" CC="206787570"/>
						<SP ID="P109_SP00068" HPOS="671" VPOS="610" WIDTH="13"/>
						<String ID="P109_ST00077" HPOS="684" VPOS="573" WIDTH="158" HEIGHT="32" CONTENT="volcánicos," WC="0.67" CC="55600606600"/>
						<SP ID="P109_SP00069" HPOS="842" VPOS="610" WIDTH="16"/>
						<String ID="P109_ST00078" HPOS="858" VPOS="583" WIDTH="14" HEIGHT="27" CONTENT="y" WC="1.00" CC="0"/>
						<SP ID="P109_SP00070" HPOS="872" VPOS="610" WIDTH="10"/>
						<String ID="P109_ST00079" HPOS="882" VPOS="573" WIDTH="39" HEIGHT="28" CONTENT="las" WC="0.74" CC="025"/>
						<SP ID="P109_SP00071" HPOS="921" VPOS="610" WIDTH="16"/>
						<String ID="P109_ST00080" HPOS="937" VPOS="573" WIDTH="133" HEIGHT="28" CONTENT="andesitas" WC="0.63" CC="680008630"/>
						<SP ID="P109_SP00072" HPOS="1070" VPOS="610" WIDTH="11"/>
						<String ID="P109_ST00081" HPOS="1081" VPOS="579" WIDTH="74" HEIGHT="23" CONTENT="atra" SUBS_TYPE="HypPart1" SUBS_CONTENT="atravesaron" WC="0.63" CC="07703"/>
						<HYP CONTENT="-"/>
					</TextLine>
					<TextLine ID="P109_TL00011" HPOS="128" VPOS="619" WIDTH="1028" HEIGHT="38">
						<String ID="P109_ST00082" HPOS="128" VPOS="628" WIDTH="112" HEIGHT="18" CONTENT="vesaron" SUBS_TYPE="HypPart2" SUBS_CONTENT="atravesaron" WC="0.87" CC="3000032"/>
						<SP ID="P109_SP00073" HPOS="240" VPOS="646" WIDTH="14"/>
						<String ID="P109_ST00083" HPOS="254" VPOS="628" WIDTH="34" HEIGHT="18" CONTENT="no" WC="0.66" CC="51"/>
						<SP ID="P109_SP00074" HPOS="288" VPOS="646" WIDTH="12"/>
						<String ID="P109_ST00084" HPOS="300" VPOS="620" WIDTH="55" HEIGHT="26" CONTENT="solo" WC="0.50" CC="0666"/>
						<SP ID="P109_SP00075" HPOS="355" VPOS="646" WIDTH="14"/>
						<String ID="P109_ST00085" HPOS="369" VPOS="623" WIDTH="56" HEIGHT="24" CONTENT="este" WC="0.76" CC="0360"/>
						<SP ID="P109_SP00076" HPOS="425" VPOS="647" WIDTH="11"/>
						<String ID="P109_ST00086" HPOS="436" VPOS="619" WIDTH="129" HEIGHT="37" CONTENT="complejo" WC="0.77" CC="74000600"/>
						<SP ID="P109_SP00077" HPOS="565" VPOS="656" WIDTH="12"/>
						<String ID="P109_ST00087" HPOS="577" VPOS="628" WIDTH="32" HEIGHT="18" CONTENT="en" WC="0.28" CC="77"/>
						<SP ID="P109_SP00078" HPOS="609" VPOS="656" WIDTH="9"/>
						<String ID="P109_ST00088" HPOS="618" VPOS="623" WIDTH="76" HEIGHT="33" CONTENT="parle" WC="0.82" CC="00305"/>
						<SP ID="P109_SP00079" HPOS="694" VPOS="656" WIDTH="14"/>
						<String ID="P109_ST00089" HPOS="708" VPOS="619" WIDTH="146" HEIGHT="37" CONTENT="emergido," WC="0.94" CC="002000002"/>
						<SP ID="P109_SP00080" HPOS="854" VPOS="656" WIDTH="13"/>
						<String ID="P109_ST00090" HPOS="867" VPOS="620" WIDTH="58" HEIGHT="26" CONTENT="sino" WC="0.70" CC="0182"/>
						<SP ID="P109_SP00081" HPOS="925" VPOS="656" WIDTH="15"/>
						<String ID="P109_ST00091" HPOS="940" VPOS="620" WIDTH="39" HEIGHT="26" CONTENT="los" WC="0.59" CC="740"/>
						<SP ID="P109_SP00082" HPOS="979" VPOS="656" WIDTH="10"/>
						<String ID="P109_ST00092" HPOS="989" VPOS="623" WIDTH="121" HEIGHT="25" CONTENT="terrenos" WC="0.78" CC="30010750"/>
						<SP ID="P109_SP00083" HPOS="1110" VPOS="656" WIDTH="15"/>
						<String ID="P109_ST00093" HPOS="1125" VPOS="630" WIDTH="31" HEIGHT="27" CONTENT="ya" WC="1.00" CC="00"/>
					</TextLine>
					<TextLine ID="P109_TL00012" HPOS="128" VPOS="666" WIDTH="1028" HEIGHT="38">
						<String ID="P109_ST00094" HPOS="128" VPOS="666" WIDTH="208" HEIGHT="32" CONTENT="sedimentados," WC="0.71" CC="5604008500070"/>
						<SP ID="P109_SP00084" HPOS="336" VPOS="698" WIDTH="19"/>
						<String ID="P109_ST00095" HPOS="355" VPOS="667" WIDTH="227" HEIGHT="27" CONTENT="trastornándolos" WC="0.60" CC="801146040807572"/>
						<SP ID="P109_SP00085" HPOS="582" VPOS="698" WIDTH="12"/>
						<String ID="P109_ST00096" HPOS="594" VPOS="677" WIDTH="15" HEIGHT="27" CONTENT="y" WC="1.00" CC="0"/>
						<SP ID="P109_SP00086" HPOS="609" VPOS="704" WIDTH="13"/>
						<String ID="P109_ST00097" HPOS="622" VPOS="666" WIDTH="180" HEIGHT="28" CONTENT="continuando" WC="0.59" CC="04350776602"/>
						<SP ID="P109_SP00087" HPOS="802" VPOS="704" WIDTH="14"/>
						<String ID="P109_ST00098" HPOS="816" VPOS="667" WIDTH="112" HEIGHT="35" CONTENT="después" WC="0.65" CC="0530870"/>
						<SP ID="P109_SP00088" HPOS="928" VPOS="704" WIDTH="15"/>
						<String ID="P109_ST00099" HPOS="943" VPOS="675" WIDTH="30" HEIGHT="18" CONTENT="su" WC="0.37" CC="66"/>
						<SP ID="P109_SP00089" HPOS="973" VPOS="704" WIDTH="14"/>
						<String ID="P109_ST00100" HPOS="987" VPOS="667" WIDTH="92" HEIGHT="27" CONTENT="acción" WC="0.72" CC="000376"/>
						<SP ID="P109_SP00090" HPOS="1079" VPOS="704" WIDTH="13"/>
						<String ID="P109_ST00101" HPOS="1092" VPOS="676" WIDTH="64" HEIGHT="27" CONTENT="para" WC="0.70" CC="0470"/>
					</TextLine>
					<TextLine ID="P109_TL00013" HPOS="127" VPOS="712" WIDTH="1029" HEIGHT="38">
						<String ID="P109_ST00102" HPOS="127" VPOS="712" WIDTH="89" HEIGHT="28" CONTENT="elevar" WC="0.74" CC="700025"/>
						<SP ID="P109_SP00091" HPOS="216" VPOS="740" WIDTH="15"/>
						<String ID="P109_ST00103" HPOS="231" VPOS="712" WIDTH="38" HEIGHT="27" CONTENT="las" WC="0.69" CC="350"/>
						<SP ID="P109_SP00092" HPOS="269" VPOS="740" WIDTH="15"/>
						<String ID="P109_ST00104" HPOS="284" VPOS="713" WIDTH="96" HEIGHT="27" CONTENT="calizas" WC="0.88" CC="0201300"/>
						<SP ID="P109_SP00093" HPOS="380" VPOS="740" WIDTH="13"/>
						<String ID="P109_ST00105" HPOS="393" VPOS="714" WIDTH="58" HEIGHT="26" CONTENT="más" WC="0.32" CC="954"/>
						<SP ID="P109_SP00094" HPOS="451" VPOS="740" WIDTH="14"/>
						<String ID="P109_ST00106" HPOS="465" VPOS="714" WIDTH="131" HEIGHT="26" CONTENT="recientes" WC="0.68" CC="420406704"/>
						<SP ID="P109_SP00095" HPOS="596" VPOS="740" WIDTH="15"/>
						<String ID="P109_ST00107" HPOS="611" VPOS="714" WIDTH="12" HEIGHT="25" CONTENT="é" WC="0.23" CC="7"/>
						<SP ID="P109_SP00096" HPOS="623" VPOS="740" WIDTH="16"/>
						<String ID="P109_ST00108" HPOS="639" VPOS="713" WIDTH="135" HEIGHT="37" CONTENT="imprimir" WC="0.71" CC="10042950"/>
						<SP ID="P109_SP00097" HPOS="774" VPOS="750" WIDTH="14"/>
						<String ID="P109_ST00109" HPOS="788" VPOS="713" WIDTH="15" HEIGHT="27" CONTENT="á" WC="1.00" CC="0"/>
						<SP ID="P109_SP00098" HPOS="803" VPOS="750" WIDTH="15"/>
						<String ID="P109_ST00110" HPOS="818" VPOS="713" WIDTH="24" HEIGHT="26" CONTENT="la" WC="0.71" CC="50"/>
						<SP ID="P109_SP00099" HPOS="842" VPOS="750" WIDTH="15"/>
						<String ID="P109_ST00111" HPOS="857" VPOS="713" WIDTH="48" HEIGHT="27" CONTENT="isla" WC="0.70" CC="0560"/>
						<SP ID="P109_SP00100" HPOS="905" VPOS="750" WIDTH="14"/>
						<String ID="P109_ST00112" HPOS="919" VPOS="722" WIDTH="31" HEIGHT="17" CONTENT="su" WC="0.64" CC="07"/>
						<SP ID="P109_SP00101" HPOS="950" VPOS="750" WIDTH="15"/>
						<String ID="P109_ST00113" HPOS="965" VPOS="713" WIDTH="88" HEIGHT="27" CONTENT="actual" WC="0.82" CC="300024"/>
						<SP ID="P109_SP00102" HPOS="1053" VPOS="750" WIDTH="13"/>
						<String ID="P109_ST00114" HPOS="1066" VPOS="717" WIDTH="90" HEIGHT="24" CONTENT="exten" SUBS_TYPE="HypPart1" SUBS_CONTENT="extensión" WC="0.77" CC="500080"/>
						<HYP CONTENT="-"/>
					</TextLine>
					<TextLine ID="P109_TL00014" HPOS="127" VPOS="758" WIDTH="1029" HEIGHT="38">
						<String ID="P109_ST00115" HPOS="127" VPOS="760" WIDTH="59" HEIGHT="25" CONTENT="sión" SUBS_TYPE="HypPart2" SUBS_CONTENT="extensión" WC="0.19" CC="9678"/>
						<SP ID="P109_SP00103" HPOS="186" VPOS="785" WIDTH="17"/>
						<String ID="P109_ST00116" HPOS="203" VPOS="768" WIDTH="14" HEIGHT="27" CONTENT="y" WC="1.00" CC="0"/>
						<SP ID="P109_SP00104" HPOS="217" VPOS="795" WIDTH="14"/>
						<String ID="P109_ST00117" HPOS="231" VPOS="759" WIDTH="209" HEIGHT="35" CONTENT="configuración," WC="0.61" CC="05822065305770"/>
						<SP ID="P109_SP00105" HPOS="440" VPOS="795" WIDTH="17"/>
						<String ID="P109_ST00118" HPOS="457" VPOS="759" WIDTH="136" HEIGHT="37" CONTENT="ayudadas" WC="0.73" CC="80700060"/>
						<SP ID="P109_SP00106" HPOS="593" VPOS="796" WIDTH="13"/>
						<String ID="P109_ST00119" HPOS="606" VPOS="759" WIDTH="32" HEIGHT="27" CONTENT="de" WC="0.80" CC="03"/>
						<SP ID="P109_SP00107" HPOS="638" VPOS="796" WIDTH="14"/>
						<String ID="P109_ST00120" HPOS="652" VPOS="759" WIDTH="38" HEIGHT="27" CONTENT="las" WC="0.59" CC="605"/>
						<SP ID="P109_SP00108" HPOS="690" VPOS="796" WIDTH="16"/>
						<String ID="P109_ST00121" HPOS="706" VPOS="759" WIDTH="121" HEIGHT="27" CONTENT="acciones" WC="0.63" CC="90054702"/>
						<SP ID="P109_SP00109" HPOS="827" VPOS="796" WIDTH="18"/>
						<String ID="P109_ST00122" HPOS="845" VPOS="758" WIDTH="165" HEIGHT="28" CONTENT="derrubíales" WC="0.49" CC="04696769400"/>
						<SP ID="P109_SP00110" HPOS="1010" VPOS="796" WIDTH="16"/>
						<String ID="P109_ST00123" HPOS="1026" VPOS="768" WIDTH="15" HEIGHT="27" CONTENT="y" WC="1.00" CC="0"/>
						<SP ID="P109_SP00111" HPOS="1041" VPOS="796" WIDTH="12"/>
						<String ID="P109_ST00124" HPOS="1053" VPOS="761" WIDTH="103" HEIGHT="34" CONTENT="orgáni" SUBS_TYPE="HypPart1" SUBS_CONTENT="orgánicas" WC="0.64" CC="6200564"/>
						<HYP CONTENT="-"/>
					</TextLine>
					<TextLine ID="P109_TL00015" HPOS="128" VPOS="805" WIDTH="660" HEIGHT="36">
						<String ID="P109_ST00125" HPOS="128" VPOS="813" WIDTH="46" HEIGHT="19" CONTENT="cas" SUBS_TYPE="HypPart2" SUBS_CONTENT="orgánicas" WC="0.47" CC="762"/>
						<SP ID="P109_SP00112" HPOS="174" VPOS="832" WIDTH="14"/>
						<String ID="P109_ST00126" HPOS="188" VPOS="813" WIDTH="52" HEIGHT="28" CONTENT="que" WC="0.76" CC="070"/>
						<SP ID="P109_SP00113" HPOS="240" VPOS="841" WIDTH="13"/>
						<String ID="P109_ST00127" HPOS="253" VPOS="805" WIDTH="78" HEIGHT="36" CONTENT="luego" WC="0.79" CC="07003"/>
						<SP ID="P109_SP00114" HPOS="331" VPOS="841" WIDTH="15"/>
						<String ID="P109_ST00128" HPOS="346" VPOS="805" WIDTH="154" HEIGHT="28" CONTENT="tendremos" WC="0.70" CC="408071040"/>
						<SP ID="P109_SP00115" HPOS="500" VPOS="841" WIDTH="13"/>
						<String ID="P109_ST00129" HPOS="513" VPOS="805" WIDTH="107" HEIGHT="28" CONTENT="ocasión" WC="0.74" CC="5000470"/>
						<SP ID="P109_SP00116" HPOS="620" VPOS="841" WIDTH="12"/>
						<String ID="P109_ST00130" HPOS="632" VPOS="805" WIDTH="31" HEIGHT="27" CONTENT="de" WC="1.00" CC="00"/>
						<SP ID="P109_SP00117" HPOS="663" VPOS="841" WIDTH="11"/>
						<String ID="P109_ST00131" HPOS="674" VPOS="805" WIDTH="114" HEIGHT="27" CONTENT="indicar." WC="0.66" CC="56013640"/>
					</TextLine>
				</TextBlock>
				<TextBlock ID="P109_TB00004" HPOS="128" VPOS="896" WIDTH="1029" HEIGHT="220" STYLEREFS="TXT_0 PAR_LEFT">
					<TextLine ID="P109_TL00016" HPOS="167" VPOS="897" WIDTH="990" HEIGHT="28">
						<String ID="P109_ST00132" HPOS="167" VPOS="902" WIDTH="126" HEIGHT="23" CONTENT="Acciones" WC="0.53" CC="46300777"/>
						<SP ID="P109_SP00118" HPOS="293" VPOS="925" WIDTH="26"/>
						<String ID="P109_ST00133" HPOS="319" VPOS="897" WIDTH="154" HEIGHT="28" CONTENT="volcánicas" WC="0.58" CC="9126880004"/>
						<SP ID="P109_SP00119" HPOS="473" VPOS="925" WIDTH="27"/>
						<String ID="P109_ST00134" HPOS="500" VPOS="906" WIDTH="135" HEIGHT="18" CONTENT="actuales." WC="0.55" CC="926607060"/>
						<String ID="P109_ST00135" HPOS="644" VPOS="913" WIDTH="36" HEIGHT="4" CONTENT="—" WC="0.20" CC="8"/>
						<String ID="P109_ST00136" HPOS="686" VPOS="897" WIDTH="185" HEIGHT="28" CONTENT="Manantiales" WC="0.66" CC="09009150630"/>
						<SP ID="P109_SP00120" HPOS="871" VPOS="925" WIDTH="22"/>
						<String ID="P109_ST00137" HPOS="893" VPOS="906" WIDTH="179" HEIGHT="19" CONTENT="termales.—" WC="0.42" CC="2879974008"/>
						<String ID="P109_ST00138" HPOS="1078" VPOS="898" WIDTH="79" HEIGHT="27" CONTENT="Como" WC="0.32" CC="0699"/>
					</TextLine>
					<TextLine ID="P109_TL00017" HPOS="131" VPOS="943" WIDTH="1026" HEIGHT="37">
						<String ID="P109_ST00139" HPOS="131" VPOS="944" WIDTH="94" HEIGHT="27" CONTENT="última" WC="0.44" CC="756390"/>
						<SP ID="P109_SP00121" HPOS="225" VPOS="971" WIDTH="15"/>
						<String ID="P109_ST00140" HPOS="240" VPOS="943" WIDTH="216" HEIGHT="37" CONTENT="representación" WC="0.70" CC="30020600057373"/>
						<SP ID="P109_SP00122" HPOS="456" VPOS="980" WIDTH="18"/>
						<String ID="P109_ST00141" HPOS="474" VPOS="943" WIDTH="32" HEIGHT="28" CONTENT="de" WC="0.67" CC="06"/>
						<SP ID="P109_SP00123" HPOS="506" VPOS="980" WIDTH="14"/>
						<String ID="P109_ST00142" HPOS="520" VPOS="952" WIDTH="59" HEIGHT="19" CONTENT="esos" WC="0.83" CC="0510"/>
						<SP ID="P109_SP00124" HPOS="579" VPOS="980" WIDTH="19"/>
						<String ID="P109_ST00143" HPOS="598" VPOS="943" WIDTH="155" HEIGHT="28" CONTENT="fenómenos" WC="0.58" CC="007604673"/>
						<SP ID="P109_SP00125" HPOS="753" VPOS="980" WIDTH="13"/>
						<String ID="P109_ST00144" HPOS="766" VPOS="943" WIDTH="159" HEIGHT="33" CONTENT="volcánicos," WC="0.63" CC="06409720350"/>
						<SP ID="P109_SP00126" HPOS="925" VPOS="980" WIDTH="16"/>
						<String ID="P109_ST00145" HPOS="941" VPOS="943" WIDTH="124" HEIGHT="28" CONTENT="debemos" WC="0.57" CC="0070956"/>
						<SP ID="P109_SP00127" HPOS="1065" VPOS="980" WIDTH="18"/>
						<String ID="P109_ST00146" HPOS="1083" VPOS="949" WIDTH="74" HEIGHT="22" CONTENT="seña" SUBS_TYPE="HypPart1" SUBS_CONTENT="señalar" WC="0.83" CC="00700"/>
						<HYP CONTENT="-"/>
					</TextLine>
					<TextLine ID="P109_TL00018" HPOS="130" VPOS="988" WIDTH="1027" HEIGHT="38">
						<String ID="P109_ST00147" HPOS="130" VPOS="990" WIDTH="40" HEIGHT="27" CONTENT="lar" SUBS_TYPE="HypPart2" SUBS_CONTENT="señalar" WC="0.66" CC="306"/>
						<SP ID="P109_SP00128" HPOS="170" VPOS="1017" WIDTH="14"/>
						<String ID="P109_ST00148" HPOS="184" VPOS="990" WIDTH="25" HEIGHT="27" CONTENT="la" WC="0.98" CC="00"/>
						<SP ID="P109_SP00129" HPOS="209" VPOS="1017" WIDTH="17"/>
						<String ID="P109_ST00149" HPOS="226" VPOS="990" WIDTH="147" HEIGHT="27" CONTENT="existencia" WC="0.48" CC="2046768870"/>
						<SP ID="P109_SP00130" HPOS="373" VPOS="1017" WIDTH="14"/>
						<String ID="P109_ST00150" HPOS="387" VPOS="998" WIDTH="31" HEIGHT="18" CONTENT="en" WC="0.63" CC="07"/>
						<SP ID="P109_SP00131" HPOS="418" VPOS="1017" WIDTH="22"/>
						<String ID="P109_ST00151" HPOS="440" VPOS="990" WIDTH="24" HEIGHT="26" CONTENT="la" WC="0.35" CC="66"/>
						<SP ID="P109_SP00132" HPOS="464" VPOS="1017" WIDTH="16"/>
						<String ID="P109_ST00152" HPOS="480" VPOS="990" WIDTH="49" HEIGHT="26" CONTENT="isla" WC="0.46" CC="1676"/>
						<SP ID="P109_SP00133" HPOS="529" VPOS="1017" WIDTH="19"/>
						<String ID="P109_ST00153" HPOS="548" VPOS="988" WIDTH="31" HEIGHT="28" CONTENT="de" WC="0.77" CC="04"/>
						<SP ID="P109_SP00134" HPOS="579" VPOS="1017" WIDTH="14"/>
						<String ID="P109_ST00154" HPOS="593" VPOS="989" WIDTH="111" HEIGHT="37" CONTENT="algunos" WC="0.48" CC="0590856"/>
						<SP ID="P109_SP00135" HPOS="704" VPOS="1026" WIDTH="18"/>
						<String ID="P109_ST00155" HPOS="722" VPOS="989" WIDTH="177" HEIGHT="27" CONTENT="manantiales" WC="0.50" CC="04768365614"/>
						<SP ID="P109_SP00136" HPOS="899" VPOS="1026" WIDTH="16"/>
						<String ID="P109_ST00156" HPOS="915" VPOS="990" WIDTH="242" HEIGHT="27" CONTENT="lermo-minerales" WC="0.67" CC="067060060230671"/>
					</TextLine>
					<TextLine ID="P109_TL00019" HPOS="130" VPOS="1035" WIDTH="1027" HEIGHT="37">
						<String ID="P109_ST00157" HPOS="130" VPOS="1044" WIDTH="51" HEIGHT="28" CONTENT="que" WC="0.72" CC="080"/>
						<SP ID="P109_SP00137" HPOS="181" VPOS="1072" WIDTH="20"/>
						<String ID="P109_ST00158" HPOS="201" VPOS="1037" WIDTH="14" HEIGHT="26" CONTENT="á" WC="0.01" CC="9"/>
						<SP ID="P109_SP00138" HPOS="215" VPOS="1072" WIDTH="16"/>
						<String ID="P109_ST00159" HPOS="231" VPOS="1036" WIDTH="64" HEIGHT="27" CONTENT="ellos" WC="0.49" CC="05269"/>
						<SP ID="P109_SP00139" HPOS="295" VPOS="1072" WIDTH="14"/>
						<String ID="P109_ST00160" HPOS="309" VPOS="1035" WIDTH="83" HEIGHT="28" CONTENT="deben" WC="0.64" CC="00728"/>
						<SP ID="P109_SP00140" HPOS="392" VPOS="1072" WIDTH="23"/>
						<String ID="P109_ST00161" HPOS="415" VPOS="1036" WIDTH="134" HEIGHT="31" CONTENT="referirse," WC="0.68" CC="5081610044"/>
						<SP ID="P109_SP00141" HPOS="549" VPOS="1072" WIDTH="22"/>
						<String ID="P109_ST00162" HPOS="571" VPOS="1036" WIDTH="57" HEIGHT="26" CONTENT="más" WC="0.87" CC="003"/>
						<SP ID="P109_SP00142" HPOS="628" VPOS="1072" WIDTH="23"/>
						<String ID="P109_ST00163" HPOS="651" VPOS="1035" WIDTH="60" HEIGHT="27" CONTENT="bien" WC="0.57" CC="7036"/>
						<SP ID="P109_SP00143" HPOS="711" VPOS="1072" WIDTH="24"/>
						<String ID="P109_ST00164" HPOS="735" VPOS="1043" WIDTH="52" HEIGHT="28" CONTENT="que" WC="0.66" CC="063"/>
						<SP ID="P109_SP00144" HPOS="787" VPOS="1072" WIDTH="14"/>
						<String ID="P109_ST00165" HPOS="801" VPOS="1036" WIDTH="12" HEIGHT="26" CONTENT="á" WC="0.01" CC="9"/>
						<SP ID="P109_SP00145" HPOS="813" VPOS="1072" WIDTH="20"/>
						<String ID="P109_ST00166" HPOS="833" VPOS="1039" WIDTH="72" HEIGHT="23" CONTENT="otros" WC="0.68" CC="40074"/>
						<SP ID="P109_SP00146" HPOS="905" VPOS="1072" WIDTH="20"/>
						<String ID="P109_ST00167" HPOS="925" VPOS="1035" WIDTH="72" HEIGHT="27" CONTENT="focos" WC="0.98" CC="01000"/>
						<SP ID="P109_SP00147" HPOS="997" VPOS="1072" WIDTH="15"/>
						<String ID="P109_ST00168" HPOS="1012" VPOS="1036" WIDTH="145" HEIGHT="28" CONTENT="volcánicos" WC="0.51" CC="0777944070"/>
					</TextLine>
					<TextLine ID="P109_TL00020" HPOS="130" VPOS="1081" WIDTH="835" HEIGHT="35">
						<String ID="P109_ST00169" HPOS="130" VPOS="1091" WIDTH="61" HEIGHT="25" CONTENT="que," WC="0.53" CC="0873"/>
						<SP ID="P109_SP00148" HPOS="191" VPOS="1116" WIDTH="18"/>
						<String ID="P109_ST00170" HPOS="209" VPOS="1090" WIDTH="106" HEIGHT="26" CONTENT="aunque" WC="0.39" CC="987083"/>
						<SP ID="P109_SP00149" HPOS="315" VPOS="1116" WIDTH="15"/>
						<String ID="P109_ST00171" HPOS="330" VPOS="1081" WIDTH="104" HEIGHT="28" CONTENT="todavía" WC="0.85" CC="5000040"/>
						<SP ID="P109_SP00150" HPOS="434" VPOS="1116" WIDTH="12"/>
						<String ID="P109_ST00172" HPOS="446" VPOS="1081" WIDTH="108" HEIGHT="32" CONTENT="activos," WC="0.50" CC="27840564"/>
						<SP ID="P109_SP00151" HPOS="554" VPOS="1116" WIDTH="22"/>
						<String ID="P109_ST00173" HPOS="576" VPOS="1089" WIDTH="27" HEIGHT="19" CONTENT="se" WC="0.72" CC="50"/>
						<SP ID="P109_SP00152" HPOS="603" VPOS="1116" WIDTH="14"/>
						<String ID="P109_ST00174" HPOS="617" VPOS="1081" WIDTH="89" HEIGHT="27" CONTENT="hallan" WC="0.49" CC="661627"/>
						<SP ID="P109_SP00153" HPOS="706" VPOS="1116" WIDTH="16"/>
						<String ID="P109_ST00175" HPOS="722" VPOS="1081" WIDTH="121" HEIGHT="27" CONTENT="bastante" WC="0.57" CC="70083680"/>
						<SP ID="P109_SP00154" HPOS="843" VPOS="1116" WIDTH="13"/>
						<String ID="P109_ST00176" HPOS="856" VPOS="1081" WIDTH="109" HEIGHT="35" CONTENT="lejanos." WC="0.77" CC="52060300"/>
					</TextLine>
				</TextBlock>
				<TextBlock ID="P109_TB00005" HPOS="130" VPOS="1125" WIDTH="1029" HEIGHT="351" STYLEREFS="TXT_0 PAR_LEFT">
					<TextLine ID="P109_TL00021" HPOS="168" VPOS="1125" WIDTH="991" HEIGHT="37">
						<String ID="P109_ST00177" HPOS="168" VPOS="1127" WIDTH="72" HEIGHT="27" CONTENT="Siete" WC="0.52" CC="05466"/>
						<SP ID="P109_SP00155" HPOS="240" VPOS="1154" WIDTH="14"/>
						<String ID="P109_ST00178" HPOS="254" VPOS="1136" WIDTH="49" HEIGHT="18" CONTENT="son" WC="0.56" CC="255"/>
						<SP ID="P109_SP00156" HPOS="303" VPOS="1154" WIDTH="12"/>
						<String ID="P109_ST00179" HPOS="315" VPOS="1126" WIDTH="40" HEIGHT="27" CONTENT="los" WC="0.74" CC="330"/>
						<SP ID="P109_SP00157" HPOS="355" VPOS="1154" WIDTH="15"/>
						<String ID="P109_ST00180" HPOS="370" VPOS="1127" WIDTH="176" HEIGHT="27" CONTENT="manantiales" WC="0.45" CC="40898872531"/>
						<SP ID="P109_SP00158" HPOS="546" VPOS="1154" WIDTH="15"/>
						<String ID="P109_ST00181" HPOS="561" VPOS="1126" WIDTH="32" HEIGHT="27" CONTENT="de" WC="1.00" CC="00"/>
						<SP ID="P109_SP00159" HPOS="593" VPOS="1154" WIDTH="13"/>
						<String ID="P109_ST00182" HPOS="606" VPOS="1130" WIDTH="57" HEIGHT="23" CONTENT="esta" WC="0.83" CC="0240"/>
						<SP ID="P109_SP00160" HPOS="663" VPOS="1154" WIDTH="15"/>
						<String ID="P109_ST00183" HPOS="678" VPOS="1127" WIDTH="69" HEIGHT="26" CONTENT="clase" WC="0.64" CC="75050"/>
						<SP ID="P109_SP00161" HPOS="747" VPOS="1154" WIDTH="16"/>
						<String ID="P109_ST00184" HPOS="763" VPOS="1135" WIDTH="51" HEIGHT="27" CONTENT="que" WC="0.51" CC="077"/>
						<SP ID="P109_SP00162" HPOS="814" VPOS="1162" WIDTH="13"/>
						<String ID="P109_ST00185" HPOS="827" VPOS="1125" WIDTH="93" HEIGHT="28" CONTENT="hemos" WC="0.37" CC="76970"/>
						<SP ID="P109_SP00163" HPOS="920" VPOS="1162" WIDTH="11"/>
						<String ID="P109_ST00186" HPOS="931" VPOS="1125" WIDTH="176" HEIGHT="34" CONTENT="descubierto," WC="0.78" CC="000087003700"/>
						<SP ID="P109_SP00164" HPOS="1107" VPOS="1162" WIDTH="17"/>
						<String ID="P109_ST00187" HPOS="1124" VPOS="1127" WIDTH="35" HEIGHT="27" CONTENT="si" SUBS_TYPE="HypPart1" SUBS_CONTENT="situados" WC="0.76" CC="070"/>
						<HYP CONTENT="-"/>
					</TextLine>
					<TextLine ID="P109_TL00022" HPOS="131" VPOS="1171" WIDTH="1028" HEIGHT="38">
						<String ID="P109_ST00188" HPOS="131" VPOS="1173" WIDTH="95" HEIGHT="27" CONTENT="tuados" SUBS_TYPE="HypPart2" SUBS_CONTENT="situados" WC="0.61" CC="489000"/>
						<SP ID="P109_SP00165" HPOS="226" VPOS="1200" WIDTH="15"/>
						<String ID="P109_ST00189" HPOS="241" VPOS="1173" WIDTH="240" HEIGHT="36" CONTENT="respectivamente" WC="0.67" CC="702066040057611"/>
						<SP ID="P109_SP00166" HPOS="481" VPOS="1209" WIDTH="17"/>
						<String ID="P109_ST00190" HPOS="498" VPOS="1181" WIDTH="32" HEIGHT="19" CONTENT="en" WC="0.25" CC="68"/>
						<SP ID="P109_SP00167" HPOS="530" VPOS="1209" WIDTH="15"/>
						<String ID="P109_ST00191" HPOS="545" VPOS="1173" WIDTH="39" HEIGHT="26" CONTENT="los" WC="0.94" CC="100"/>
						<SP ID="P109_SP00168" HPOS="584" VPOS="1209" WIDTH="14"/>
						<String ID="P109_ST00192" HPOS="598" VPOS="1172" WIDTH="104" HEIGHT="36" CONTENT="parajes" WC="0.74" CC="0171070"/>
						<SP ID="P109_SP00169" HPOS="702" VPOS="1209" WIDTH="15"/>
						<String ID="P109_ST00193" HPOS="717" VPOS="1171" WIDTH="128" HEIGHT="28" CONTENT="llamados" WC="0.73" CC="25600070"/>
						<SP ID="P109_SP00170" HPOS="845" VPOS="1209" WIDTH="14"/>
						<String ID="P109_ST00194" HPOS="859" VPOS="1172" WIDTH="107" HEIGHT="32" CONTENT="Mabuli," WC="0.64" CC="0078630"/>
						<SP ID="P109_SP00171" HPOS="966" VPOS="1209" WIDTH="17"/>
						<String ID="P109_ST00195" HPOS="983" VPOS="1181" WIDTH="32" HEIGHT="19" CONTENT="en" WC="0.40" CC="38"/>
						<SP ID="P109_SP00172" HPOS="1015" VPOS="1209" WIDTH="15"/>
						<String ID="P109_ST00196" HPOS="1030" VPOS="1173" WIDTH="23" HEIGHT="27" CONTENT="el" WC="0.79" CC="04"/>
						<SP ID="P109_SP00173" HPOS="1053" VPOS="1209" WIDTH="14"/>
						<String ID="P109_ST00197" HPOS="1067" VPOS="1172" WIDTH="38" HEIGHT="28" CONTENT="rio" WC="0.69" CC="080"/>
						<SP ID="P109_SP00174" HPOS="1105" VPOS="1209" WIDTH="15"/>
						<String ID="P109_ST00198" HPOS="1120" VPOS="1173" WIDTH="39" HEIGHT="27" CONTENT="del" WC="0.82" CC="005"/>
					</TextLine>
					<TextLine ID="P109_TL00023" HPOS="131" VPOS="1218" WIDTH="1027" HEIGHT="37">
						<String ID="P109_ST00199" HPOS="131" VPOS="1220" WIDTH="99" HEIGHT="27" CONTENT="mismo" WC="0.40" CC="63586"/>
						<SP ID="P109_SP00175" HPOS="230" VPOS="1247" WIDTH="15"/>
						<String ID="P109_ST00200" HPOS="245" VPOS="1219" WIDTH="112" HEIGHT="28" CONTENT="nombre" WC="0.66" CC="640702"/>
						<SP ID="P109_SP00176" HPOS="357" VPOS="1247" WIDTH="20"/>
						<String ID="P109_ST00201" HPOS="377" VPOS="1219" WIDTH="41" HEIGHT="27" CONTENT="del" WC="0.91" CC="002"/>
						<SP ID="P109_SP00177" HPOS="418" VPOS="1247" WIDTH="20"/>
						<String ID="P109_ST00202" HPOS="438" VPOS="1219" WIDTH="115" HEIGHT="27" CONTENT="término" WC="0.58" CC="0665081"/>
						<SP ID="P109_SP00178" HPOS="553" VPOS="1247" WIDTH="20"/>
						<String ID="P109_ST00203" HPOS="573" VPOS="1219" WIDTH="33" HEIGHT="27" CONTENT="de" WC="1.00" CC="00"/>
						<SP ID="P109_SP00179" HPOS="606" VPOS="1247" WIDTH="17"/>
						<String ID="P109_ST00204" HPOS="623" VPOS="1219" WIDTH="134" HEIGHT="35" CONTENT="Tabogon," WC="0.66" CC="04730660"/>
						<SP ID="P109_SP00180" HPOS="757" VPOS="1254" WIDTH="23"/>
						<String ID="P109_ST00205" HPOS="780" VPOS="1227" WIDTH="16" HEIGHT="27" CONTENT="y" WC="1.00" CC="0"/>
						<SP ID="P109_SP00181" HPOS="796" VPOS="1254" WIDTH="20"/>
						<String ID="P109_ST00206" HPOS="816" VPOS="1218" WIDTH="140" HEIGHT="27" CONTENT="bautizado" WC="0.53" CC="706018907"/>
						<SP ID="P109_SP00182" HPOS="956" VPOS="1254" WIDTH="16"/>
						<String ID="P109_ST00207" HPOS="972" VPOS="1219" WIDTH="76" HEIGHT="36" CONTENT="luego" WC="0.63" CC="52702"/>
						<SP ID="P109_SP00183" HPOS="1048" VPOS="1255" WIDTH="20"/>
						<String ID="P109_ST00208" HPOS="1068" VPOS="1227" WIDTH="48" HEIGHT="19" CONTENT="con" WC="0.61" CC="047"/>
						<SP ID="P109_SP00184" HPOS="1116" VPOS="1255" WIDTH="20"/>
						<String ID="P109_ST00209" HPOS="1136" VPOS="1219" WIDTH="22" HEIGHT="27" CONTENT="el" WC="0.82" CC="03"/>
					</TextLine>
					<TextLine ID="P109_TL00024" HPOS="131" VPOS="1263" WIDTH="1028" HEIGHT="37">
						<String ID="P109_ST00210" HPOS="131" VPOS="1266" WIDTH="111" HEIGHT="26" CONTENT="nombre" WC="0.47" CC="860726"/>
						<SP ID="P109_SP00185" HPOS="242" VPOS="1292" WIDTH="16"/>
						<String ID="P109_ST00211" HPOS="258" VPOS="1265" WIDTH="31" HEIGHT="27" CONTENT="de" WC="0.68" CC="06"/>
						<SP ID="P109_SP00186" HPOS="289" VPOS="1292" WIDTH="13"/>
						<String ID="P109_ST00212" HPOS="302" VPOS="1265" WIDTH="145" HEIGHT="27" CONTENT="manantial" WC="0.77" CC="007037020"/>
						<SP ID="P109_SP00187" HPOS="447" VPOS="1292" WIDTH="16"/>
						<String ID="P109_ST00213" HPOS="463" VPOS="1265" WIDTH="114" HEIGHT="26" CONTENT="Romero" WC="0.72" CC="630050"/>
						<SP ID="P109_SP00188" HPOS="577" VPOS="1292" WIDTH="13"/>
						<String ID="P109_ST00214" HPOS="590" VPOS="1264" WIDTH="23" HEIGHT="20" CONTENT="(1)" WC="0.45" CC="735"/>
						<String ID="P109_ST00215" HPOS="625" VPOS="1275" WIDTH="5" HEIGHT="21" CONTENT=";" WC="1.00" CC="0"/>
						<SP ID="P109_SP00189" HPOS="630" VPOS="1296" WIDTH="15"/>
						<String ID="P109_ST00216" HPOS="645" VPOS="1265" WIDTH="88" HEIGHT="35" CONTENT="Aguas" WC="0.72" CC="00805"/>
						<SP ID="P109_SP00190" HPOS="733" VPOS="1300" WIDTH="12"/>
						<String ID="P109_ST00217" HPOS="745" VPOS="1264" WIDTH="140" HEIGHT="30" CONTENT="Calientes," WC="0.67" CC="0353568000"/>
						<SP ID="P109_SP00191" HPOS="885" VPOS="1300" WIDTH="17"/>
						<String ID="P109_ST00218" HPOS="902" VPOS="1263" WIDTH="90" HEIGHT="28" CONTENT="barrio" WC="0.58" CC="750074"/>
						<SP ID="P109_SP00192" HPOS="992" VPOS="1300" WIDTH="15"/>
						<String ID="P109_ST00219" HPOS="1007" VPOS="1264" WIDTH="41" HEIGHT="27" CONTENT="del" WC="0.63" CC="055"/>
						<SP ID="P109_SP00193" HPOS="1048" VPOS="1300" WIDTH="14"/>
						<String ID="P109_ST00220" HPOS="1062" VPOS="1264" WIDTH="97" HEIGHT="27" CONTENT="mismo" WC="0.62" CC="83007"/>
					</TextLine>
					<TextLine ID="P109_TL00025" HPOS="131" VPOS="1309" WIDTH="1028" HEIGHT="38">
						<String ID="P109_ST00221" HPOS="131" VPOS="1312" WIDTH="111" HEIGHT="27" CONTENT="nombre" WC="0.58" CC="800807"/>
						<SP ID="P109_SP00194" HPOS="242" VPOS="1339" WIDTH="20"/>
						<String ID="P109_ST00222" HPOS="262" VPOS="1311" WIDTH="41" HEIGHT="28" CONTENT="del" WC="0.69" CC="053"/>
						<SP ID="P109_SP00195" HPOS="303" VPOS="1339" WIDTH="15"/>
						<String ID="P109_ST00223" HPOS="318" VPOS="1311" WIDTH="94" HEIGHT="36" CONTENT="pueblo" WC="0.58" CC="074750"/>
						<SP ID="P109_SP00196" HPOS="412" VPOS="1347" WIDTH="15"/>
						<String ID="P109_ST00224" HPOS="427" VPOS="1311" WIDTH="31" HEIGHT="27" CONTENT="de" WC="0.75" CC="04"/>
						<SP ID="P109_SP00197" HPOS="458" VPOS="1347" WIDTH="18"/>
						<String ID="P109_ST00225" HPOS="476" VPOS="1311" WIDTH="134" HEIGHT="32" CONTENT="Asturias;" WC="0.72" CC="008206070"/>
						<SP ID="P109_SP00198" HPOS="610" VPOS="1347" WIDTH="16"/>
						<String ID="P109_ST00226" HPOS="626" VPOS="1311" WIDTH="135" HEIGHT="31" CONTENT="Tanáuan," WC="0.62" CC="00805564"/>
						<SP ID="P109_SP00199" HPOS="761" VPOS="1347" WIDTH="19"/>
						<String ID="P109_ST00227" HPOS="780" VPOS="1319" WIDTH="32" HEIGHT="17" CONTENT="en" WC="0.36" CC="48"/>
						<SP ID="P109_SP00200" HPOS="812" VPOS="1347" WIDTH="15"/>
						<String ID="P109_ST00228" HPOS="827" VPOS="1310" WIDTH="23" HEIGHT="27" CONTENT="el" WC="0.67" CC="06"/>
						<SP ID="P109_SP00201" HPOS="850" VPOS="1347" WIDTH="16"/>
						<String ID="P109_ST00229" HPOS="866" VPOS="1309" WIDTH="38" HEIGHT="27" CONTENT="río" WC="0.37" CC="773"/>
						<SP ID="P109_SP00202" HPOS="904" VPOS="1347" WIDTH="19"/>
						<String ID="P109_ST00230" HPOS="923" VPOS="1309" WIDTH="31" HEIGHT="28" CONTENT="de" WC="0.72" CC="05"/>
						<SP ID="P109_SP00203" HPOS="954" VPOS="1347" WIDTH="17"/>
						<String ID="P109_ST00231" HPOS="971" VPOS="1310" WIDTH="105" HEIGHT="32" CONTENT="Carear;" WC="0.69" CC="0725050"/>
						<SP ID="P109_SP00204" HPOS="1076" VPOS="1347" WIDTH="17"/>
						<String ID="P109_ST00232" HPOS="1093" VPOS="1310" WIDTH="66" HEIGHT="36" CONTENT="Tag" SUBS_TYPE="HypPart1" SUBS_CONTENT="Tagbac," WC="0.68" CC="0290"/>
						<HYP CONTENT="-"/>
					</TextLine>
					<TextLine ID="P109_TL00026" HPOS="131" VPOS="1355" WIDTH="1028" HEIGHT="38">
						<String ID="P109_ST00233" HPOS="131" VPOS="1357" WIDTH="58" HEIGHT="33" CONTENT="bac," SUBS_TYPE="HypPart2" SUBS_CONTENT="Tagbac," WC="0.77" CC="8000"/>
						<SP ID="P109_SP00205" HPOS="189" VPOS="1390" WIDTH="24"/>
						<String ID="P109_ST00234" HPOS="213" VPOS="1366" WIDTH="32" HEIGHT="19" CONTENT="en" WC="0.63" CC="07"/>
						<SP ID="P109_SP00206" HPOS="245" VPOS="1390" WIDTH="14"/>
						<String ID="P109_ST00235" HPOS="259" VPOS="1357" WIDTH="24" HEIGHT="28" CONTENT="el" WC="0.77" CC="04"/>
						<SP ID="P109_SP00207" HPOS="283" VPOS="1390" WIDTH="15"/>
						<String ID="P109_ST00236" HPOS="298" VPOS="1357" WIDTH="32" HEIGHT="28" CONTENT="de" WC="1.00" CC="00"/>
						<SP ID="P109_SP00208" HPOS="330" VPOS="1390" WIDTH="14"/>
						<String ID="P109_ST00237" HPOS="344" VPOS="1357" WIDTH="91" HEIGHT="32" CONTENT="Barili;" WC="0.58" CC="7571430"/>
						<SP ID="P109_SP00209" HPOS="435" VPOS="1390" WIDTH="17"/>
						<String ID="P109_ST00238" HPOS="452" VPOS="1357" WIDTH="127" HEIGHT="36" CONTENT="Nagbatá," WC="0.57" CC="05980604"/>
						<SP ID="P109_SP00210" HPOS="579" VPOS="1393" WIDTH="20"/>
						<String ID="P109_ST00239" HPOS="599" VPOS="1365" WIDTH="31" HEIGHT="19" CONTENT="en" WC="0.98" CC="00"/>
						<SP ID="P109_SP00211" HPOS="630" VPOS="1393" WIDTH="15"/>
						<String ID="P109_ST00240" HPOS="645" VPOS="1356" WIDTH="24" HEIGHT="28" CONTENT="el" WC="0.65" CC="15"/>
						<SP ID="P109_SP00212" HPOS="669" VPOS="1393" WIDTH="23"/>
						<String ID="P109_ST00241" HPOS="692" VPOS="1356" WIDTH="31" HEIGHT="27" CONTENT="de" WC="1.00" CC="00"/>
						<SP ID="P109_SP00213" HPOS="723" VPOS="1393" WIDTH="16"/>
						<String ID="P109_ST00242" HPOS="739" VPOS="1355" WIDTH="158" HEIGHT="36" CONTENT="Dumánjuc;" WC="0.65" CC="264040452"/>
						<SP ID="P109_SP00214" HPOS="897" VPOS="1393" WIDTH="24"/>
						<String ID="P109_ST00243" HPOS="921" VPOS="1356" WIDTH="147" HEIGHT="31" CONTENT="Inainblan," WC="0.76" CC="0002884000"/>
						<SP ID="P109_SP00215" HPOS="1068" VPOS="1393" WIDTH="22"/>
						<String ID="P109_ST00244" HPOS="1090" VPOS="1364" WIDTH="31" HEIGHT="19" CONTENT="en" WC="0.68" CC="06"/>
						<SP ID="P109_SP00216" HPOS="1121" VPOS="1393" WIDTH="15"/>
						<String ID="P109_ST00245" HPOS="1136" VPOS="1357" WIDTH="23" HEIGHT="27" CONTENT="el" WC="0.69" CC="06"/>
					</TextLine>
					<TextLine ID="P109_TL00027" HPOS="133" VPOS="1401" WIDTH="1026" HEIGHT="38">
						<String ID="P109_ST00246" HPOS="133" VPOS="1404" WIDTH="88" HEIGHT="27" CONTENT="barrio" WC="0.43" CC="797035"/>
						<SP ID="P109_SP00217" HPOS="221" VPOS="1431" WIDTH="16"/>
						<String ID="P109_ST00247" HPOS="237" VPOS="1403" WIDTH="42" HEIGHT="27" CONTENT="del" WC="0.82" CC="050"/>
						<SP ID="P109_SP00218" HPOS="279" VPOS="1431" WIDTH="14"/>
						<String ID="P109_ST00248" HPOS="293" VPOS="1404" WIDTH="98" HEIGHT="27" CONTENT="mismo" WC="0.46" CC="85506"/>
						<SP ID="P109_SP00219" HPOS="391" VPOS="1431" WIDTH="22"/>
						<String ID="P109_ST00249" HPOS="413" VPOS="1402" WIDTH="113" HEIGHT="27" CONTENT="nombre" WC="0.61" CC="830730"/>
						<SP ID="P109_SP00220" HPOS="526" VPOS="1431" WIDTH="19"/>
						<String ID="P109_ST00250" HPOS="545" VPOS="1402" WIDTH="31" HEIGHT="27" CONTENT="de" WC="1.00" CC="00"/>
						<SP ID="P109_SP00221" HPOS="576" VPOS="1431" WIDTH="15"/>
						<String ID="P109_ST00251" HPOS="591" VPOS="1401" WIDTH="114" HEIGHT="38" CONTENT="Alegría," WC="0.70" CC="04096011"/>
						<SP ID="P109_SP00222" HPOS="705" VPOS="1439" WIDTH="18"/>
						<String ID="P109_ST00252" HPOS="723" VPOS="1411" WIDTH="14" HEIGHT="27" CONTENT="y" WC="1.00" CC="0"/>
						<SP ID="P109_SP00223" HPOS="737" VPOS="1439" WIDTH="21"/>
						<String ID="P109_ST00253" HPOS="758" VPOS="1402" WIDTH="102" HEIGHT="32" CONTENT="Mainit," WC="0.71" CC="0507403"/>
						<SP ID="P109_SP00224" HPOS="860" VPOS="1439" WIDTH="17"/>
						<String ID="P109_ST00254" HPOS="877" VPOS="1405" WIDTH="76" HEIGHT="24" CONTENT="entre" WC="0.50" CC="08753"/>
						<SP ID="P109_SP00225" HPOS="953" VPOS="1439" WIDTH="18"/>
						<String ID="P109_ST00255" HPOS="971" VPOS="1401" WIDTH="78" HEIGHT="28" CONTENT="Oslob" WC="0.48" CC="55067"/>
						<SP ID="P109_SP00226" HPOS="1049" VPOS="1439" WIDTH="17"/>
						<String ID="P109_ST00256" HPOS="1066" VPOS="1411" WIDTH="14" HEIGHT="28" CONTENT="y" WC="0.16" CC="8"/>
						<SP ID="P109_SP00227" HPOS="1080" VPOS="1439" WIDTH="14"/>
						<String ID="P109_ST00257" HPOS="1094" VPOS="1402" WIDTH="65" HEIGHT="27" CONTENT="San" SUBS_TYPE="HypPart1" SUBS_CONTENT="Santander." WC="0.49" CC="4581"/>
						<HYP CONTENT="-"/>
					</TextLine>
					<TextLine ID="P109_TL00028" HPOS="133" VPOS="1450" WIDTH="102" HEIGHT="26">
						<String ID="P109_ST00258" HPOS="133" VPOS="1450" WIDTH="102" HEIGHT="26" CONTENT="tander." SUBS_TYPE="HypPart2" SUBS_CONTENT="Santander." WC="0.62" CC="7280700"/>
					</TextLine>
				</TextBlock>
				<TextBlock ID="P109_TB00006" HPOS="125" VPOS="1492" WIDTH="1033" HEIGHT="363" STYLEREFS="TXT_0 PAR_LEFT">
					<TextLine ID="P109_TL00029" HPOS="169" VPOS="1493" WIDTH="989" HEIGHT="38">
						<String ID="P109_ST00259" HPOS="169" VPOS="1496" WIDTH="117" HEIGHT="27" CONTENT="Romero." WC="0.77" CC="0060090"/>
						<String ID="P109_ST00260" HPOS="291" VPOS="1512" WIDTH="38" HEIGHT="4" CONTENT="—" WC="0.20" CC="8"/>
						<String ID="P109_ST00261" HPOS="330" VPOS="1495" WIDTH="83" HEIGHT="28" CONTENT="Antes" WC="0.76" CC="06050"/>
						<SP ID="P109_SP00228" HPOS="413" VPOS="1523" WIDTH="14"/>
						<String ID="P109_ST00262" HPOS="427" VPOS="1495" WIDTH="31" HEIGHT="28" CONTENT="de" WC="1.00" CC="00"/>
						<SP ID="P109_SP00229" HPOS="458" VPOS="1523" WIDTH="15"/>
						<String ID="P109_ST00263" HPOS="473" VPOS="1503" WIDTH="51" HEIGHT="28" CONTENT="que" WC="0.49" CC="940"/>
						<SP ID="P109_SP00230" HPOS="524" VPOS="1531" WIDTH="16"/>
						<String ID="P109_ST00264" HPOS="540" VPOS="1494" WIDTH="24" HEIGHT="27" CONTENT="el" WC="0.74" CC="13"/>
						<SP ID="P109_SP00231" HPOS="564" VPOS="1531" WIDTH="15"/>
						<String ID="P109_ST00265" HPOS="579" VPOS="1493" WIDTH="39" HEIGHT="28" CONTENT="rio" WC="0.58" CC="470"/>
						<SP ID="P109_SP00232" HPOS="618" VPOS="1531" WIDTH="16"/>
						<String ID="P109_ST00266" HPOS="634" VPOS="1494" WIDTH="98" HEIGHT="27" CONTENT="Mabuli" WC="0.42" CC="757750"/>
						<SP ID="P109_SP00233" HPOS="732" VPOS="1531" WIDTH="14"/>
						<String ID="P109_ST00267" HPOS="746" VPOS="1494" WIDTH="138" HEIGHT="32" CONTENT="atraviese," WC="0.66" CC="0850024524"/>
						<SP ID="P109_SP00234" HPOS="884" VPOS="1531" WIDTH="19"/>
						<String ID="P109_ST00268" HPOS="903" VPOS="1502" WIDTH="47" HEIGHT="27" CONTENT="por" WC="0.75" CC="070"/>
						<SP ID="P109_SP00235" HPOS="950" VPOS="1531" WIDTH="11"/>
						<String ID="P109_ST00269" HPOS="961" VPOS="1493" WIDTH="98" HEIGHT="28" CONTENT="decirlo" WC="0.76" CC="0254004"/>
						<SP ID="P109_SP00236" HPOS="1059" VPOS="1531" WIDTH="16"/>
						<String ID="P109_ST00270" HPOS="1075" VPOS="1493" WIDTH="45" HEIGHT="34" CONTENT="así," WC="0.70" CC="0074"/>
						<SP ID="P109_SP00237" HPOS="1120" VPOS="1531" WIDTH="16"/>
						<String ID="P109_ST00271" HPOS="1136" VPOS="1495" WIDTH="22" HEIGHT="26" CONTENT="la" WC="0.97" CC="00"/>
					</TextLine>
					<TextLine ID="P109_TL00030" HPOS="129" VPOS="1540" WIDTH="1029" HEIGHT="37">
						<String ID="P109_ST00272" HPOS="129" VPOS="1542" WIDTH="141" HEIGHT="28" CONTENT="cordillera" WC="0.46" CC="5770136759"/>
						<SP ID="P109_SP00238" HPOS="270" VPOS="1570" WIDTH="16"/>
						<String ID="P109_ST00273" HPOS="286" VPOS="1541" WIDTH="147" HEIGHT="28" CONTENT="occidental" WC="0.52" CC="6760007864"/>
						<SP ID="P109_SP00239" HPOS="433" VPOS="1570" WIDTH="15"/>
						<String ID="P109_ST00274" HPOS="448" VPOS="1540" WIDTH="31" HEIGHT="27" CONTENT="de" WC="0.94" CC="01"/>
						<SP ID="P109_SP00240" HPOS="479" VPOS="1570" WIDTH="15"/>
						<String ID="P109_ST00275" HPOS="494" VPOS="1540" WIDTH="105" HEIGHT="37" CONTENT="aquella" WC="0.75" CC="3081300"/>
						<SP ID="P109_SP00241" HPOS="599" VPOS="1577" WIDTH="14"/>
						<String ID="P109_ST00276" HPOS="613" VPOS="1544" WIDTH="84" HEIGHT="32" CONTENT="parte," WC="0.59" CC="007662"/>
						<SP ID="P109_SP00242" HPOS="697" VPOS="1577" WIDTH="20"/>
						<String ID="P109_ST00277" HPOS="717" VPOS="1549" WIDTH="27" HEIGHT="18" CONTENT="se" WC="1.00" CC="00"/>
						<SP ID="P109_SP00243" HPOS="744" VPOS="1577" WIDTH="15"/>
						<String ID="P109_ST00278" HPOS="759" VPOS="1544" WIDTH="72" HEIGHT="28" CONTENT="nota," WC="0.66" CC="55060"/>
						<SP ID="P109_SP00244" HPOS="831" VPOS="1577" WIDTH="18"/>
						<String ID="P109_ST00279" HPOS="849" VPOS="1549" WIDTH="32" HEIGHT="27" CONTENT="ya" WC="0.72" CC="05"/>
						<SP ID="P109_SP00245" HPOS="881" VPOS="1577" WIDTH="14"/>
						<String ID="P109_ST00280" HPOS="895" VPOS="1540" WIDTH="15" HEIGHT="27" CONTENT="á" WC="1.00" CC="0"/>
						<SP ID="P109_SP00246" HPOS="910" VPOS="1577" WIDTH="14"/>
						<String ID="P109_ST00281" HPOS="924" VPOS="1540" WIDTH="84" HEIGHT="27" CONTENT="cierta" WC="0.58" CC="043466"/>
						<SP ID="P109_SP00247" HPOS="1008" VPOS="1577" WIDTH="20"/>
						<String ID="P109_ST00282" HPOS="1028" VPOS="1540" WIDTH="130" HEIGHT="27" CONTENT="distancia" WC="0.69" CC="035736000"/>
					</TextLine>
					<TextLine ID="P109_TL00031" HPOS="128" VPOS="1585" WIDTH="1030" HEIGHT="40">
						<String ID="P109_ST00283" HPOS="128" VPOS="1589" WIDTH="31" HEIGHT="27" CONTENT="de" WC="0.62" CC="07"/>
						<SP ID="P109_SP00248" HPOS="159" VPOS="1616" WIDTH="16"/>
						<String ID="P109_ST00284" HPOS="175" VPOS="1589" WIDTH="38" HEIGHT="27" CONTENT="las" WC="0.72" CC="106"/>
						<SP ID="P109_SP00249" HPOS="213" VPOS="1616" WIDTH="11"/>
						<String ID="P109_ST00285" HPOS="224" VPOS="1589" WIDTH="140" HEIGHT="36" CONTENT="márgenes" WC="0.46" CC="09790742"/>
						<SP ID="P109_SP00250" HPOS="364" VPOS="1625" WIDTH="15"/>
						<String ID="P109_ST00286" HPOS="379" VPOS="1588" WIDTH="41" HEIGHT="27" CONTENT="del" WC="0.89" CC="003"/>
						<SP ID="P109_SP00251" HPOS="420" VPOS="1625" WIDTH="15"/>
						<String ID="P109_ST00287" HPOS="435" VPOS="1586" WIDTH="48" HEIGHT="33" CONTENT="río," WC="0.58" CC="4650"/>
						<SP ID="P109_SP00252" HPOS="483" VPOS="1625" WIDTH="16"/>
						<String ID="P109_ST00288" HPOS="499" VPOS="1587" WIDTH="24" HEIGHT="27" CONTENT="el" WC="0.90" CC="01"/>
						<SP ID="P109_SP00253" HPOS="523" VPOS="1625" WIDTH="11"/>
						<String ID="P109_ST00289" HPOS="534" VPOS="1586" WIDTH="57" HEIGHT="27" CONTENT="olor" WC="0.66" CC="0436"/>
						<SP ID="P109_SP00254" HPOS="591" VPOS="1625" WIDTH="10"/>
						<String ID="P109_ST00290" HPOS="601" VPOS="1585" WIDTH="155" HEIGHT="28" CONTENT="sulfhídrico" WC="0.64" CC="67607700300"/>
						<SP ID="P109_SP00255" HPOS="756" VPOS="1625" WIDTH="15"/>
						<String ID="P109_ST00291" HPOS="771" VPOS="1595" WIDTH="50" HEIGHT="27" CONTENT="que" WC="0.72" CC="052"/>
						<SP ID="P109_SP00256" HPOS="821" VPOS="1625" WIDTH="15"/>
						<String ID="P109_ST00292" HPOS="836" VPOS="1585" WIDTH="123" HEIGHT="37" CONTENT="despiden" WC="0.90" CC="00000007"/>
						<SP ID="P109_SP00257" HPOS="959" VPOS="1625" WIDTH="13"/>
						<String ID="P109_ST00293" HPOS="972" VPOS="1586" WIDTH="38" HEIGHT="27" CONTENT="las" WC="0.56" CC="660"/>
						<SP ID="P109_SP00258" HPOS="1010" VPOS="1625" WIDTH="14"/>
						<String ID="P109_ST00294" HPOS="1024" VPOS="1595" WIDTH="82" HEIGHT="27" CONTENT="aguas" WC="0.50" CC="39074"/>
						<SP ID="P109_SP00259" HPOS="1106" VPOS="1625" WIDTH="11"/>
						<String ID="P109_ST00295" HPOS="1117" VPOS="1585" WIDTH="41" HEIGHT="27" CONTENT="del" WC="0.61" CC="064"/>
					</TextLine>
					<TextLine ID="P109_TL00032" HPOS="127" VPOS="1632" WIDTH="1031" HEIGHT="36">
						<String ID="P109_ST00296" HPOS="127" VPOS="1635" WIDTH="148" HEIGHT="28" CONTENT="manantial" WC="0.70" CC="007087002"/>
						<SP ID="P109_SP00260" HPOS="275" VPOS="1663" WIDTH="16"/>
						<String ID="P109_ST00297" HPOS="291" VPOS="1635" WIDTH="123" HEIGHT="26" CONTENT="Romero." WC="0.55" CC="7600771"/>
						<SP ID="P109_SP00261" HPOS="414" VPOS="1663" WIDTH="17"/>
						<String ID="P109_ST00298" HPOS="431" VPOS="1633" WIDTH="77" HEIGHT="28" CONTENT="Salen" WC="0.70" CC="06043"/>
						<SP ID="P109_SP00262" HPOS="508" VPOS="1663" WIDTH="15"/>
						<String ID="P109_ST00299" HPOS="523" VPOS="1637" WIDTH="113" HEIGHT="23" CONTENT="estasen" WC="0.46" CC="7064657"/>
						<SP ID="P109_SP00263" HPOS="636" VPOS="1663" WIDTH="14"/>
						<String ID="P109_ST00300" HPOS="650" VPOS="1633" WIDTH="25" HEIGHT="27" CONTENT="la" WC="0.63" CC="70"/>
						<SP ID="P109_SP00264" HPOS="675" VPOS="1663" WIDTH="14"/>
						<String ID="P109_ST00301" HPOS="689" VPOS="1633" WIDTH="90" HEIGHT="28" CONTENT="ribera" WC="0.67" CC="137034"/>
						<SP ID="P109_SP00265" HPOS="779" VPOS="1663" WIDTH="12"/>
						<String ID="P109_ST00302" HPOS="791" VPOS="1632" WIDTH="145" HEIGHT="36" CONTENT="izquierda," WC="0.66" CC="5107367001"/>
						<SP ID="P109_SP00266" HPOS="936" VPOS="1668" WIDTH="18"/>
						<String ID="P109_ST00303" HPOS="954" VPOS="1636" WIDTH="74" HEIGHT="23" CONTENT="entre" WC="0.63" CC="58040"/>
						<SP ID="P109_SP00267" HPOS="1028" VPOS="1668" WIDTH="12"/>
						<String ID="P109_ST00304" HPOS="1040" VPOS="1632" WIDTH="39" HEIGHT="27" CONTENT="las" WC="0.64" CC="009"/>
						<SP ID="P109_SP00268" HPOS="1079" VPOS="1668" WIDTH="15"/>
						<String ID="P109_ST00305" HPOS="1094" VPOS="1632" WIDTH="64" HEIGHT="27" CONTENT="cali" SUBS_TYPE="HypPart1" SUBS_CONTENT="calizas" WC="0.71" CC="60141"/>
						<HYP CONTENT="-"/>
					</TextLine>
					<TextLine ID="P109_TL00033" HPOS="127" VPOS="1678" WIDTH="1031" HEIGHT="40">
						<String ID="P109_ST00306" HPOS="127" VPOS="1691" WIDTH="43" HEIGHT="17" CONTENT="zas" SUBS_TYPE="HypPart2" SUBS_CONTENT="calizas" WC="0.35" CC="908"/>
						<SP ID="P109_SP00269" HPOS="170" VPOS="1708" WIDTH="16"/>
						<String ID="P109_ST00307" HPOS="186" VPOS="1689" WIDTH="122" HEIGHT="29" CONTENT="groseras" WC="0.53" CC="97005490"/>
						<SP ID="P109_SP00270" HPOS="308" VPOS="1718" WIDTH="17"/>
						<String ID="P109_ST00308" HPOS="325" VPOS="1689" WIDTH="13" HEIGHT="28" CONTENT="y" WC="1.00" CC="0"/>
						<SP ID="P109_SP00271" HPOS="338" VPOS="1718" WIDTH="23"/>
						<String ID="P109_ST00309" HPOS="361" VPOS="1688" WIDTH="138" HEIGHT="28" CONTENT="margosas" WC="0.86" CC="20005200"/>
						<SP ID="P109_SP00272" HPOS="499" VPOS="1718" WIDTH="14"/>
						<String ID="P109_ST00310" HPOS="513" VPOS="1687" WIDTH="51" HEIGHT="28" CONTENT="que" WC="0.47" CC="870"/>
						<SP ID="P109_SP00273" HPOS="564" VPOS="1718" WIDTH="20"/>
						<String ID="P109_ST00311" HPOS="584" VPOS="1678" WIDTH="105" HEIGHT="27" CONTENT="forman" WC="0.82" CC="004006"/>
						<SP ID="P109_SP00274" HPOS="689" VPOS="1718" WIDTH="17"/>
						<String ID="P109_ST00312" HPOS="706" VPOS="1678" WIDTH="76" HEIGHT="36" CONTENT="aquel" WC="0.77" CC="00550"/>
						<SP ID="P109_SP00275" HPOS="782" VPOS="1718" WIDTH="17"/>
						<String ID="P109_ST00313" HPOS="799" VPOS="1680" WIDTH="114" HEIGHT="30" CONTENT="terreno," WC="0.51" CC="56590740"/>
						<SP ID="P109_SP00276" HPOS="913" VPOS="1718" WIDTH="17"/>
						<String ID="P109_ST00314" HPOS="930" VPOS="1678" WIDTH="15" HEIGHT="27" CONTENT="á" WC="1.00" CC="0"/>
						<SP ID="P109_SP00277" HPOS="945" VPOS="1718" WIDTH="15"/>
						<String ID="P109_ST00315" HPOS="960" VPOS="1686" WIDTH="51" HEIGHT="19" CONTENT="una" WC="0.38" CC="584"/>
						<SP ID="P109_SP00278" HPOS="1011" VPOS="1718" WIDTH="16"/>
						<String ID="P109_ST00316" HPOS="1027" VPOS="1682" WIDTH="131" HEIGHT="32" CONTENT="tempera" SUBS_TYPE="HypPart1" SUBS_CONTENT="temperatura" WC="0.83" CC="80000400"/>
						<HYP CONTENT="-"/>
					</TextLine>
					<TextLine ID="P109_TL00034" HPOS="129" VPOS="1723" WIDTH="1029" HEIGHT="40">
						<String ID="P109_ST00317" HPOS="129" VPOS="1732" WIDTH="60" HEIGHT="23" CONTENT="tura" SUBS_TYPE="HypPart2" SUBS_CONTENT="temperatura" WC="0.37" CC="6890"/>
						<SP ID="P109_SP00279" HPOS="189" VPOS="1755" WIDTH="15"/>
						<String ID="P109_ST00318" HPOS="204" VPOS="1727" WIDTH="31" HEIGHT="28" CONTENT="de" WC="1.00" CC="00"/>
						<SP ID="P109_SP00280" HPOS="235" VPOS="1755" WIDTH="13"/>
						<String ID="P109_ST00319" HPOS="248" VPOS="1727" WIDTH="56" HEIGHT="31" CONTENT="50°," WC="0.68" CC="4700"/>
						<String ID="P109_ST00320" HPOS="311" VPOS="1727" WIDTH="14" HEIGHT="27" CONTENT="5" WC="0.96" CC="0"/>
						<SP ID="P109_SP00281" HPOS="325" VPOS="1758" WIDTH="16"/>
						<String ID="P109_ST00321" HPOS="341" VPOS="1725" WIDTH="177" HEIGHT="38" CONTENT="centígrados;" WC="0.54" CC="676479600060"/>
						<SP ID="P109_SP00282" HPOS="518" VPOS="1763" WIDTH="16"/>
						<String ID="P109_ST00322" HPOS="534" VPOS="1723" WIDTH="226" HEIGHT="38" CONTENT="comprobándose" WC="0.79" CC="2300227070010"/>
						<SP ID="P109_SP00283" HPOS="760" VPOS="1763" WIDTH="14"/>
						<String ID="P109_ST00323" HPOS="774" VPOS="1724" WIDTH="24" HEIGHT="27" CONTENT="la" WC="0.79" CC="40"/>
						<SP ID="P109_SP00284" HPOS="798" VPOS="1763" WIDTH="13"/>
						<String ID="P109_ST00324" HPOS="811" VPOS="1723" WIDTH="165" HEIGHT="28" CONTENT="abundancia" WC="0.47" CC="2878008836"/>
						<SP ID="P109_SP00285" HPOS="976" VPOS="1763" WIDTH="16"/>
						<String ID="P109_ST00325" HPOS="992" VPOS="1724" WIDTH="39" HEIGHT="26" CONTENT="del" WC="0.93" CC="001"/>
						<SP ID="P109_SP00286" HPOS="1031" VPOS="1763" WIDTH="12"/>
						<String ID="P109_ST00326" HPOS="1043" VPOS="1724" WIDTH="115" HEIGHT="27" CONTENT="elemen" SUBS_TYPE="HypPart1" SUBS_CONTENT="elementó" WC="0.44" CC="2069784"/>
						<HYP CONTENT="-"/>
					</TextLine>
					<TextLine ID="P109_TL00035" HPOS="129" VPOS="1769" WIDTH="1029" HEIGHT="41">
						<String ID="P109_ST00327" HPOS="129" VPOS="1774" WIDTH="24" HEIGHT="28" CONTENT="tó" SUBS_TYPE="HypPart2" SUBS_CONTENT="elementó" WC="0.13" CC="79"/>
						<SP ID="P109_SP00287" HPOS="153" VPOS="1802" WIDTH="16"/>
						<String ID="P109_ST00328" HPOS="169" VPOS="1773" WIDTH="135" HEIGHT="29" CONTENT="sulfuroso" WC="0.54" CC="074087065"/>
						<SP ID="P109_SP00288" HPOS="304" VPOS="1802" WIDTH="15"/>
						<String ID="P109_ST00329" HPOS="319" VPOS="1782" WIDTH="49" HEIGHT="28" CONTENT="por" WC="0.77" CC="060"/>
						<SP ID="P109_SP00289" HPOS="368" VPOS="1810" WIDTH="9"/>
						<String ID="P109_ST00330" HPOS="377" VPOS="1773" WIDTH="25" HEIGHT="27" CONTENT="la" WC="0.67" CC="60"/>
						<SP ID="P109_SP00290" HPOS="402" VPOS="1810" WIDTH="15"/>
						<String ID="P109_ST00331" HPOS="417" VPOS="1771" WIDTH="107" HEIGHT="38" CONTENT="rapidez" WC="0.70" CC="9401005"/>
						<SP ID="P109_SP00291" HPOS="524" VPOS="1810" WIDTH="15"/>
						<String ID="P109_ST00332" HPOS="539" VPOS="1780" WIDTH="48" HEIGHT="19" CONTENT="con" WC="0.28" CC="668"/>
						<SP ID="P109_SP00292" HPOS="587" VPOS="1810" WIDTH="21"/>
						<String ID="P109_ST00333" HPOS="608" VPOS="1779" WIDTH="51" HEIGHT="28" CONTENT="que" WC="0.71" CC="080"/>
						<SP ID="P109_SP00293" HPOS="659" VPOS="1810" WIDTH="14"/>
						<String ID="P109_ST00334" HPOS="673" VPOS="1779" WIDTH="27" HEIGHT="19" CONTENT="se" WC="0.71" CC="50"/>
						<SP ID="P109_SP00294" HPOS="700" VPOS="1810" WIDTH="17"/>
						<String ID="P109_ST00335" HPOS="717" VPOS="1771" WIDTH="53" HEIGHT="27" CONTENT="tifie" WC="0.55" CC="72560"/>
						<SP ID="P109_SP00295" HPOS="770" VPOS="1810" WIDTH="18"/>
						<String ID="P109_ST00336" HPOS="788" VPOS="1778" WIDTH="51" HEIGHT="19" CONTENT="una" WC="0.47" CC="780"/>
						<SP ID="P109_SP00296" HPOS="839" VPOS="1810" WIDTH="10"/>
						<String ID="P109_ST00337" HPOS="849" VPOS="1769" WIDTH="113" HEIGHT="28" CONTENT="moneda" WC="0.48" CC="977600"/>
						<SP ID="P109_SP00297" HPOS="962" VPOS="1810" WIDTH="11"/>
						<String ID="P109_ST00338" HPOS="973" VPOS="1769" WIDTH="31" HEIGHT="27" CONTENT="de" WC="0.69" CC="06"/>
						<SP ID="P109_SP00298" HPOS="1004" VPOS="1810" WIDTH="16"/>
						<String ID="P109_ST00339" HPOS="1020" VPOS="1770" WIDTH="72" HEIGHT="35" CONTENT="plata" WC="0.37" CC="91667"/>
						<SP ID="P109_SP00299" HPOS="1092" VPOS="1810" WIDTH="15"/>
						<String ID="P109_ST00340" HPOS="1107" VPOS="1778" WIDTH="51" HEIGHT="28" CONTENT="que" WC="0.78" CC="060"/>
					</TextLine>
					<TextLine ID="P109_TL00036" HPOS="126" VPOS="1818" WIDTH="407" HEIGHT="37">
						<String ID="P109_ST00341" HPOS="126" VPOS="1829" WIDTH="30" HEIGHT="18" CONTENT="en" WC="0.19" CC="78"/>
						<SP ID="P109_SP00300" HPOS="156" VPOS="1847" WIDTH="17"/>
						<String ID="P109_ST00342" HPOS="173" VPOS="1829" WIDTH="47" HEIGHT="18" CONTENT="sus" WC="0.15" CC="986"/>
						<SP ID="P109_SP00301" HPOS="220" VPOS="1847" WIDTH="11"/>
						<String ID="P109_ST00343" HPOS="231" VPOS="1828" WIDTH="82" HEIGHT="27" CONTENT="aguas" WC="0.76" CC="00650"/>
						<SP ID="P109_SP00302" HPOS="313" VPOS="1855" WIDTH="12"/>
						<String ID="P109_ST00344" HPOS="325" VPOS="1828" WIDTH="27" HEIGHT="18" CONTENT="se" WC="0.35" CC="66"/>
						<SP ID="P109_SP00303" HPOS="352" VPOS="1855" WIDTH="16"/>
						<String ID="P109_ST00345" HPOS="368" VPOS="1818" WIDTH="165" HEIGHT="28" CONTENT="introduzca." WC="0.68" CC="08751060040"/>
					</TextLine>
				</TextBlock>
				<TextBlock ID="P109_TB00007" HPOS="163" VPOS="1862" WIDTH="990" HEIGHT="39" STYLEREFS="TXT_0 PAR_CENTER">
					<TextLine ID="P109_TL00037" HPOS="164" VPOS="1863" WIDTH="989" HEIGHT="38">
						<String ID="P109_ST00346" HPOS="164" VPOS="1866" WIDTH="89" HEIGHT="35" CONTENT="Aguas" WC="0.54" CC="00929"/>
						<SP ID="P109_SP00304" HPOS="253" VPOS="1901" WIDTH="15"/>
						<String ID="P109_ST00347" HPOS="268" VPOS="1865" WIDTH="140" HEIGHT="28" CONTENT="Calientes." WC="0.79" CC="0000075600"/>
						<String ID="P109_ST00348" HPOS="413" VPOS="1882" WIDTH="37" HEIGHT="4" CONTENT="—" WC="0.20" CC="8"/>
						<String ID="P109_ST00349" HPOS="453" VPOS="1865" WIDTH="37" HEIGHT="27" CONTENT="En" WC="0.69" CC="06"/>
						<SP ID="P109_SP00305" HPOS="490" VPOS="1901" WIDTH="14"/>
						<String ID="P109_ST00350" HPOS="504" VPOS="1865" WIDTH="88" HEIGHT="36" CONTENT="Aguas" WC="0.80" CC="00801"/>
						<SP ID="P109_SP00306" HPOS="592" VPOS="1901" WIDTH="12"/>
						<String ID="P109_ST00351" HPOS="604" VPOS="1864" WIDTH="131" HEIGHT="27" CONTENT="Calientes" WC="0.60" CC="610008467"/>
						<SP ID="P109_SP00307" HPOS="735" VPOS="1901" WIDTH="20"/>
						<String ID="P109_ST00352" HPOS="755" VPOS="1872" WIDTH="47" HEIGHT="19" CONTENT="son" WC="0.46" CC="087"/>
						<SP ID="P109_SP00308" HPOS="802" VPOS="1901" WIDTH="16"/>
						<String ID="P109_ST00353" HPOS="818" VPOS="1864" WIDTH="87" HEIGHT="27" CONTENT="varias" WC="0.74" CC="007501"/>
						<SP ID="P109_SP00309" HPOS="905" VPOS="1901" WIDTH="11"/>
						<String ID="P109_ST00354" HPOS="916" VPOS="1863" WIDTH="40" HEIGHT="28" CONTENT="las" WC="0.88" CC="003"/>
						<SP ID="P109_SP00310" HPOS="956" VPOS="1901" WIDTH="21"/>
						<String ID="P109_ST00355" HPOS="977" VPOS="1863" WIDTH="104" HEIGHT="27" CONTENT="fuentes" WC="0.23" CC="6777869"/>
						<SP ID="P109_SP00311" HPOS="1081" VPOS="1901" WIDTH="20"/>
						<String ID="P109_ST00356" HPOS="1101" VPOS="1865" WIDTH="52" HEIGHT="25" CONTENT="ter-" WC="0.59" CC="6063"/>
					</TextLine>
				</TextBlock>
				<TextBlock ID="P109_TB00008" HPOS="127" VPOS="1969" WIDTH="1029" HEIGHT="68" STYLEREFS="TXT_0 PAR_LEFT">
					<TextLine ID="P109_TL00038" HPOS="158" VPOS="1969" WIDTH="998" HEIGHT="33">
						<String ID="P109_ST00357" HPOS="158" VPOS="1976" WIDTH="25" HEIGHT="21" CONTENT="(U" WC="0.19" CC="78"/>
						<SP ID="P109_SP00312" HPOS="183" VPOS="1997" WIDTH="33"/>
						<String ID="P109_ST00358" HPOS="216" VPOS="1976" WIDTH="45" HEIGHT="23" CONTENT="Por" WC="0.73" CC="141"/>
						<SP ID="P109_SP00313" HPOS="261" VPOS="1999" WIDTH="14"/>
						<String ID="P109_ST00359" HPOS="275" VPOS="1975" WIDTH="76" HEIGHT="23" CONTENT="haber" WC="0.54" CC="39702"/>
						<SP ID="P109_SP00314" HPOS="351" VPOS="1999" WIDTH="19"/>
						<String ID="P109_ST00360" HPOS="370" VPOS="1974" WIDTH="54" HEIGHT="24" CONTENT="sido" WC="0.58" CC="5703"/>
						<SP ID="P109_SP00315" HPOS="424" VPOS="1999" WIDTH="10"/>
						<String ID="P109_ST00361" HPOS="434" VPOS="1972" WIDTH="121" HEIGHT="25" CONTENT="dedicado" WC="0.83" CC="01060400"/>
						<SP ID="P109_SP00316" HPOS="555" VPOS="1999" WIDTH="11"/>
						<String ID="P109_ST00362" HPOS="566" VPOS="1972" WIDTH="22" HEIGHT="23" CONTENT="al" WC="0.96" CC="00"/>
						<SP ID="P109_SP00317" HPOS="588" VPOS="1999" WIDTH="15"/>
						<String ID="P109_ST00363" HPOS="603" VPOS="1971" WIDTH="147" HEIGHT="24" CONTENT="ilustrísimo" WC="0.55" CC="80300576692"/>
						<SP ID="P109_SP00318" HPOS="750" VPOS="1999" WIDTH="13"/>
						<String ID="P109_ST00364" HPOS="763" VPOS="1979" WIDTH="13" HEIGHT="23" CONTENT="y" WC="0.05" CC="9"/>
						<SP ID="P109_SP00319" HPOS="776" VPOS="2002" WIDTH="20"/>
						<String ID="P109_ST00365" HPOS="796" VPOS="1979" WIDTH="58" HEIGHT="23" CONTENT="muy" WC="0.43" CC="088"/>
						<SP ID="P109_SP00320" HPOS="854" VPOS="2002" WIDTH="12"/>
						<String ID="P109_ST00366" HPOS="866" VPOS="1971" WIDTH="141" HEIGHT="24" CONTENT="Reverendo" WC="0.54" CC="706307095"/>
						<SP ID="P109_SP00321" HPOS="1007" VPOS="2002" WIDTH="19"/>
						<String ID="P109_ST00367" HPOS="1026" VPOS="1969" WIDTH="90" HEIGHT="33" CONTENT="Obispo" WC="0.47" CC="463583"/>
						<SP ID="P109_SP00322" HPOS="1116" VPOS="2002" WIDTH="11"/>
						<String ID="P109_ST00368" HPOS="1127" VPOS="1970" WIDTH="29" HEIGHT="24" CONTENT="de" WC="0.22" CC="95"/>
					</TextLine>
					<TextLine ID="P109_TL00039" HPOS="128" VPOS="2014" WIDTH="151" HEIGHT="23">
						<String ID="P109_ST00369" HPOS="128" VPOS="2016" WIDTH="22" HEIGHT="21" CONTENT="la" WC="0.58" CC="08"/>
						<SP ID="P109_SP00323" HPOS="150" VPOS="2037" WIDTH="13"/>
						<String ID="P109_ST00370" HPOS="163" VPOS="2014" WIDTH="116" HEIGHT="23" CONTENT="Diócesis." WC="0.74" CC="266000060"/>
					</TextLine>
				</TextBlock>
			</PrintSpace>
		</Page>
	</Layout>
</alto>
