<?xml version="1.0" encoding="UTF-8"?>
<alto xmlns:xsi="http://www.w3.org/2001/XMLSchema-instance" xsi:noNamespaceSchemaLocation="http://www.bl.uk/schemas/alto/alto-1-4.xsd" xmlns:xlink="http://www.w3.org/1999/xlink">
	<Description>
		<MeasurementUnit>mm10</MeasurementUnit>
		<sourceImageInformation>
			<fileName>//head1/IN/2008-38/A0012069182/010129.jp2</fileName>
		</sourceImageInformation>
		<OCRProcessing ID="OCRPROCESSING_1">
			<preProcessingStep>
				<processingSoftware>
					<softwareCreator>CCS Content Conversion Specialists GmbH, Germany</softwareCreator>
					<softwareName>CCS docWORKS</softwareName>
					<softwareVersion>6.1-0.67</softwareVersion>
				</processingSoftware>
			</preProcessingStep>
			<ocrProcessingStep>
				<processingSoftware>
					<softwareCreator>ABBYY (BIT Software), Russia</softwareCreator>
					<softwareName>Finereader</softwareName>
				</processingSoftware>
			</ocrProcessingStep>
		</OCRProcessing>
	</Description>
	<Styles>
		<TextStyle ID="TXT_0" FONTSIZE="9" FONTFAMILY="Courier New"/>
		<TextStyle ID="TXT_1" FONTSIZE="11" FONTFAMILY="Courier New"/>
		<ParagraphStyle ID="PAR_LEFT" ALIGN="Left"/>
		<ParagraphStyle ID="PAR_RIGHT" ALIGN="Right"/>
		<ParagraphStyle ID="PAR_CENTER" ALIGN="Center"/>
	</Styles>
	<Layout>
		<Page ID="P39" PHYSICAL_IMG_NR="39" HEIGHT="2363" WIDTH="1475" PRINTED_IMG_NR="31" POSITION="Right" ACCURACY="65.29">
			<TopMargin ID="P39_TM00001" HPOS="0" VPOS="0" WIDTH="1474" HEIGHT="224">
				<TextBlock ID="P39_TB00001" HPOS="569" VPOS="202" WIDTH="176" HEIGHT="16" STYLEREFS="TXT_0 PAR_LEFT">
					<TextLine ID="P39_TL00001" HPOS="571" VPOS="202" WIDTH="174" HEIGHT="16">
						<String ID="P39_ST00001" HPOS="571" VPOS="203" WIDTH="52" HEIGHT="15" CONTENT="ISLA" WC="0.24" CC="6779"/>
						<SP ID="P39_SP00001" HPOS="623" VPOS="218" WIDTH="15"/>
						<String ID="P39_ST00002" HPOS="638" VPOS="203" WIDTH="30" HEIGHT="15" CONTENT="DE" WC="0.38" CC="75"/>
						<SP ID="P39_SP00002" HPOS="668" VPOS="218" WIDTH="18"/>
						<String ID="P39_ST00003" HPOS="686" VPOS="202" WIDTH="59" HEIGHT="16" CONTENT="CEBÚ" WC="0.56" CC="4327"/>
					</TextLine>
				</TextBlock>
				<TextBlock ID="P39_TB00002" HPOS="1113" VPOS="201" WIDTH="24" HEIGHT="21" STYLEREFS="TXT_1 PAR_RIGHT">
					<TextLine ID="P39_TL00002" HPOS="1113" VPOS="201" WIDTH="24" HEIGHT="21">
						<String ID="P39_ST00004" HPOS="1113" VPOS="201" WIDTH="24" HEIGHT="21" CONTENT="31" WC="1.00" CC="00"/>
					</TextLine>
				</TextBlock>
			</TopMargin>
			<LeftMargin ID="P39_LM00001" HPOS="0" VPOS="224" WIDTH="133" HEIGHT="1813"/>
			<RightMargin ID="P39_RM00001" HPOS="1171" VPOS="224" WIDTH="303" HEIGHT="1813"/>
			<BottomMargin ID="P39_BM00001" HPOS="0" VPOS="2037" WIDTH="1474" HEIGHT="326"/>
			<PrintSpace ID="P39_PS00001" HPOS="133" VPOS="224" WIDTH="1039" HEIGHT="1813">
				<TextBlock ID="P39_TB00003" HPOS="410" VPOS="300" WIDTH="495" HEIGHT="28" STYLEREFS="TXT_0 PAR_CENTER">
					<TextLine ID="P39_TL00003" HPOS="411" VPOS="301" WIDTH="494" HEIGHT="27">
						<String ID="P39_ST00005" HPOS="411" VPOS="301" WIDTH="105" HEIGHT="27" CONTENT="REGIÓN" WC="0.70" CC="002139"/>
						<SP ID="P39_SP00003" HPOS="516" VPOS="328" WIDTH="19"/>
						<String ID="P39_ST00006" HPOS="535" VPOS="302" WIDTH="180" HEIGHT="26" CONTENT="OROGRÁFICA" WC="0.48" CC="8016991309"/>
						<SP ID="P39_SP00004" HPOS="715" VPOS="328" WIDTH="19"/>
						<String ID="P39_ST00007" HPOS="734" VPOS="307" WIDTH="53" HEIGHT="21" CONTENT="DEL" WC="0.64" CC="307"/>
						<SP ID="P39_SP00005" HPOS="787" VPOS="328" WIDTH="16"/>
						<String ID="P39_ST00008" HPOS="803" VPOS="307" WIDTH="102" HEIGHT="21" CONTENT="NORTE." WC="0.59" CC="907052"/>
					</TextLine>
				</TextBlock>
				<TextBlock ID="P39_TB00004" HPOS="139" VPOS="389" WIDTH="1032" HEIGHT="222" STYLEREFS="TXT_0 PAR_LEFT">
					<TextLine ID="P39_TL00004" HPOS="179" VPOS="390" WIDTH="990" HEIGHT="38">
						<String ID="P39_ST00009" HPOS="179" VPOS="390" WIDTH="182" HEIGHT="28" CONTENT="Bifurcación." WC="0.67" CC="085760051400"/>
						<String ID="P39_ST00010" HPOS="365" VPOS="407" WIDTH="37" HEIGHT="3" CONTENT="—" WC="0.20" CC="8"/>
						<String ID="P39_ST00011" HPOS="405" VPOS="390" WIDTH="112" HEIGHT="36" CONTENT="Dijimos" WC="0.73" CC="7400150"/>
						<SP ID="P39_SP00006" HPOS="517" VPOS="426" WIDTH="15"/>
						<String ID="P39_ST00012" HPOS="532" VPOS="395" WIDTH="75" HEIGHT="23" CONTENT="antes" WC="0.69" CC="05504"/>
						<SP ID="P39_SP00007" HPOS="607" VPOS="426" WIDTH="14"/>
						<String ID="P39_ST00013" HPOS="621" VPOS="400" WIDTH="51" HEIGHT="28" CONTENT="que" WC="0.76" CC="051"/>
						<SP ID="P39_SP00008" HPOS="672" VPOS="428" WIDTH="15"/>
						<String ID="P39_ST00014" HPOS="687" VPOS="400" WIDTH="32" HEIGHT="19" CONTENT="en" WC="0.56" CC="16"/>
						<SP ID="P39_SP00009" HPOS="719" VPOS="428" WIDTH="15"/>
						<String ID="P39_ST00015" HPOS="734" VPOS="392" WIDTH="111" HEIGHT="27" CONTENT="Catmon" WC="0.64" CC="002828"/>
						<SP ID="P39_SP00010" HPOS="845" VPOS="428" WIDTH="15"/>
						<String ID="P39_ST00016" HPOS="860" VPOS="401" WIDTH="27" HEIGHT="18" CONTENT="se" WC="0.66" CC="06"/>
						<SP ID="P39_SP00011" HPOS="887" VPOS="428" WIDTH="15"/>
						<String ID="P39_ST00017" HPOS="902" VPOS="392" WIDTH="122" HEIGHT="29" CONTENT="extendía" WC="0.78" CC="00501073"/>
						<SP ID="P39_SP00012" HPOS="1024" VPOS="428" WIDTH="17"/>
						<String ID="P39_ST00018" HPOS="1041" VPOS="394" WIDTH="25" HEIGHT="27" CONTENT="la" WC="0.63" CC="70"/>
						<SP ID="P39_SP00013" HPOS="1066" VPOS="428" WIDTH="13"/>
						<String ID="P39_ST00019" HPOS="1079" VPOS="394" WIDTH="90" HEIGHT="28" CONTENT="cordi" SUBS_TYPE="HypPart1" SUBS_CONTENT="cordillera" WC="0.59" CC="555024"/>
						<HYP CONTENT="-"/>
					</TextLine>
					<TextLine ID="P39_TL00005" HPOS="141" VPOS="436" WIDTH="1030" HEIGHT="41">
						<String ID="P39_ST00020" HPOS="141" VPOS="437" WIDTH="65" HEIGHT="27" CONTENT="llera" SUBS_TYPE="HypPart2" SUBS_CONTENT="cordillera" WC="0.50" CC="55543"/>
						<SP ID="P39_SP00014" HPOS="206" VPOS="464" WIDTH="14"/>
						<String ID="P39_ST00021" HPOS="220" VPOS="436" WIDTH="103" HEIGHT="27" CONTENT="central" WC="0.50" CC="0678650"/>
						<SP ID="P39_SP00015" HPOS="323" VPOS="464" WIDTH="13"/>
						<String ID="P39_ST00022" HPOS="336" VPOS="436" WIDTH="15" HEIGHT="27" CONTENT="á" WC="1.00" CC="0"/>
						<SP ID="P39_SP00016" HPOS="351" VPOS="464" WIDTH="14"/>
						<String ID="P39_ST00023" HPOS="365" VPOS="445" WIDTH="110" HEIGHT="19" CONTENT="manera" WC="0.47" CC="096157"/>
						<SP ID="P39_SP00017" HPOS="475" VPOS="464" WIDTH="14"/>
						<String ID="P39_ST00024" HPOS="489" VPOS="436" WIDTH="32" HEIGHT="28" CONTENT="de" WC="1.00" CC="00"/>
						<SP ID="P39_SP00018" HPOS="521" VPOS="464" WIDTH="15"/>
						<String ID="P39_ST00025" HPOS="536" VPOS="437" WIDTH="110" HEIGHT="28" CONTENT="barrera" WC="0.66" CC="7500055"/>
						<SP ID="P39_SP00019" HPOS="646" VPOS="465" WIDTH="11"/>
						<String ID="P39_ST00026" HPOS="657" VPOS="439" WIDTH="172" HEIGHT="31" CONTENT="transversal," WC="0.71" CC="456800040050"/>
						<SP ID="P39_SP00020" HPOS="829" VPOS="470" WIDTH="14"/>
						<String ID="P39_ST00027" HPOS="843" VPOS="439" WIDTH="115" HEIGHT="28" CONTENT="llamada" WC="0.83" CC="3170000"/>
						<SP ID="P39_SP00021" HPOS="958" VPOS="470" WIDTH="11"/>
						<String ID="P39_ST00028" HPOS="969" VPOS="440" WIDTH="149" HEIGHT="37" CONTENT="Nagtagug," WC="0.69" CC="029700800"/>
						<SP ID="P39_SP00022" HPOS="1118" VPOS="477" WIDTH="13"/>
						<String ID="P39_ST00029" HPOS="1131" VPOS="449" WIDTH="40" HEIGHT="19" CONTENT="se" SUBS_TYPE="HypPart1" SUBS_CONTENT="semejante" WC="0.86" CC="013"/>
						<HYP CONTENT="-"/>
					</TextLine>
					<TextLine ID="P39_TL00006" HPOS="140" VPOS="483" WIDTH="1031" HEIGHT="40">
						<String ID="P39_ST00030" HPOS="140" VPOS="483" WIDTH="116" HEIGHT="36" CONTENT="mejante" SUBS_TYPE="HypPart2" SUBS_CONTENT="semejante" WC="0.63" CC="0500576"/>
						<SP ID="P39_SP00023" HPOS="256" VPOS="519" WIDTH="18"/>
						<String ID="P39_ST00031" HPOS="274" VPOS="483" WIDTH="15" HEIGHT="26" CONTENT="á" WC="1.00" CC="0"/>
						<SP ID="P39_SP00024" HPOS="289" VPOS="519" WIDTH="20"/>
						<String ID="P39_ST00032" HPOS="309" VPOS="483" WIDTH="25" HEIGHT="27" CONTENT="la" WC="0.73" CC="50"/>
						<SP ID="P39_SP00025" HPOS="334" VPOS="519" WIDTH="17"/>
						<String ID="P39_ST00033" HPOS="351" VPOS="492" WIDTH="51" HEIGHT="27" CONTENT="que" WC="0.64" CC="073"/>
						<SP ID="P39_SP00026" HPOS="402" VPOS="519" WIDTH="14"/>
						<String ID="P39_ST00034" HPOS="416" VPOS="492" WIDTH="29" HEIGHT="19" CONTENT="se" WC="1.00" CC="00"/>
						<SP ID="P39_SP00027" HPOS="445" VPOS="519" WIDTH="18"/>
						<String ID="P39_ST00035" HPOS="463" VPOS="483" WIDTH="77" HEIGHT="28" CONTENT="había" WC="0.36" CC="60779"/>
						<SP ID="P39_SP00028" HPOS="540" VPOS="519" WIDTH="23"/>
						<String ID="P39_ST00036" HPOS="563" VPOS="484" WIDTH="124" HEIGHT="28" CONTENT="señalado" WC="0.64" CC="50851007"/>
						<SP ID="P39_SP00029" HPOS="687" VPOS="519" WIDTH="20"/>
						<String ID="P39_ST00037" HPOS="707" VPOS="490" WIDTH="75" HEIGHT="22" CONTENT="entre" WC="0.55" CC="56630"/>
						<SP ID="P39_SP00030" HPOS="782" VPOS="519" WIDTH="19"/>
						<String ID="P39_ST00038" HPOS="801" VPOS="485" WIDTH="98" HEIGHT="27" CONTENT="Carear" WC="0.84" CC="600003"/>
						<SP ID="P39_SP00031" HPOS="899" VPOS="519" WIDTH="17"/>
						<String ID="P39_ST00039" HPOS="916" VPOS="495" WIDTH="17" HEIGHT="28" CONTENT="y" WC="1.00" CC="0"/>
						<SP ID="P39_SP00032" HPOS="933" VPOS="523" WIDTH="18"/>
						<String ID="P39_ST00040" HPOS="951" VPOS="486" WIDTH="91" HEIGHT="32" CONTENT="Barili," WC="0.51" CC="7870640"/>
						<SP ID="P39_SP00033" HPOS="1042" VPOS="523" WIDTH="19"/>
						<String ID="P39_ST00041" HPOS="1061" VPOS="488" WIDTH="14" HEIGHT="25" CONTENT="ó" WC="0.26" CC="7"/>
						<SP ID="P39_SP00034" HPOS="1075" VPOS="523" WIDTH="21"/>
						<String ID="P39_ST00042" HPOS="1096" VPOS="490" WIDTH="75" HEIGHT="24" CONTENT="entre" WC="0.71" CC="35500"/>
					</TextLine>
					<TextLine ID="P39_TL00007" HPOS="140" VPOS="529" WIDTH="1031" HEIGHT="38">
						<String ID="P39_ST00043" HPOS="140" VPOS="529" WIDTH="176" HEIGHT="28" CONTENT="Samboláoan" WC="0.64" CC="8027040067"/>
						<SP ID="P39_SP00035" HPOS="316" VPOS="557" WIDTH="14"/>
						<String ID="P39_ST00044" HPOS="330" VPOS="538" WIDTH="16" HEIGHT="29" CONTENT="y" WC="1.00" CC="0"/>
						<SP ID="P39_SP00036" HPOS="346" VPOS="567" WIDTH="14"/>
						<String ID="P39_ST00045" HPOS="360" VPOS="529" WIDTH="106" HEIGHT="37" CONTENT="Alpacó," WC="0.70" CC="0290072"/>
						<SP ID="P39_SP00037" HPOS="466" VPOS="567" WIDTH="21"/>
						<String ID="P39_ST00046" HPOS="487" VPOS="540" WIDTH="16" HEIGHT="27" CONTENT="y" WC="1.00" CC="0"/>
						<SP ID="P39_SP00038" HPOS="503" VPOS="567" WIDTH="13"/>
						<String ID="P39_ST00047" HPOS="516" VPOS="539" WIDTH="50" HEIGHT="28" CONTENT="que" WC="0.63" CC="073"/>
						<SP ID="P39_SP00039" HPOS="566" VPOS="567" WIDTH="17"/>
						<String ID="P39_ST00048" HPOS="583" VPOS="540" WIDTH="27" HEIGHT="18" CONTENT="se" WC="0.74" CC="50"/>
						<SP ID="P39_SP00040" HPOS="610" VPOS="567" WIDTH="16"/>
						<String ID="P39_ST00049" HPOS="626" VPOS="529" WIDTH="149" HEIGHT="30" CONTENT="subdividía" WC="0.76" CC="0540101063"/>
						<SP ID="P39_SP00041" HPOS="775" VPOS="567" WIDTH="18"/>
						<String ID="P39_ST00050" HPOS="793" VPOS="531" WIDTH="80" HEIGHT="28" CONTENT="desde" WC="0.82" CC="00503"/>
						<SP ID="P39_SP00042" HPOS="873" VPOS="567" WIDTH="15"/>
						<String ID="P39_ST00051" HPOS="888" VPOS="531" WIDTH="43" HEIGHT="28" CONTENT="allí" WC="0.55" CC="0646"/>
						<SP ID="P39_SP00043" HPOS="931" VPOS="567" WIDTH="15"/>
						<String ID="P39_ST00052" HPOS="946" VPOS="541" WIDTH="30" HEIGHT="18" CONTENT="en" WC="0.56" CC="26"/>
						<SP ID="P39_SP00044" HPOS="976" VPOS="567" WIDTH="20"/>
						<String ID="P39_ST00053" HPOS="996" VPOS="532" WIDTH="47" HEIGHT="28" CONTENT="dos" WC="0.79" CC="060"/>
						<SP ID="P39_SP00045" HPOS="1043" VPOS="567" WIDTH="14"/>
						<String ID="P39_ST00054" HPOS="1057" VPOS="534" WIDTH="114" HEIGHT="27" CONTENT="ramales" WC="0.73" CC="4200046"/>
					</TextLine>
					<TextLine ID="P39_TL00008" HPOS="140" VPOS="575" WIDTH="458" HEIGHT="36">
						<String ID="P39_ST00055" HPOS="140" VPOS="584" WIDTH="51" HEIGHT="27" CONTENT="que" WC="0.71" CC="071"/>
						<SP ID="P39_SP00046" HPOS="191" VPOS="611" WIDTH="12"/>
						<String ID="P39_ST00056" HPOS="203" VPOS="584" WIDTH="28" HEIGHT="18" CONTENT="se" WC="0.73" CC="31"/>
						<SP ID="P39_SP00047" HPOS="231" VPOS="611" WIDTH="14"/>
						<String ID="P39_ST00057" HPOS="245" VPOS="575" WIDTH="182" HEIGHT="36" CONTENT="prolongaban" WC="0.54" CC="04064705768"/>
						<SP ID="P39_SP00048" HPOS="427" VPOS="611" WIDTH="13"/>
						<String ID="P39_ST00058" HPOS="440" VPOS="576" WIDTH="78" HEIGHT="28" CONTENT="hacia" WC="0.59" CC="76060"/>
						<SP ID="P39_SP00049" HPOS="518" VPOS="611" WIDTH="11"/>
						<String ID="P39_ST00059" HPOS="529" VPOS="577" WIDTH="23" HEIGHT="27" CONTENT="el" WC="0.67" CC="06"/>
						<SP ID="P39_SP00050" HPOS="552" VPOS="611" WIDTH="14"/>
						<String ID="P39_ST00060" HPOS="566" VPOS="577" WIDTH="32" HEIGHT="32" CONTENT="N," WC="0.94" CC="01"/>
					</TextLine>
				</TextBlock>
				<TextBlock ID="P39_TB00005" HPOS="140" VPOS="620" WIDTH="1032" HEIGHT="269" STYLEREFS="TXT_0 PAR_LEFT">
					<TextLine ID="P39_TL00009" HPOS="179" VPOS="622" WIDTH="993" HEIGHT="39">
						<String ID="P39_ST00061" HPOS="179" VPOS="622" WIDTH="122" HEIGHT="26" CONTENT="Primera" WC="0.44" CC="5660766"/>
						<SP ID="P39_SP00051" HPOS="301" VPOS="648" WIDTH="14"/>
						<String ID="P39_ST00062" HPOS="315" VPOS="626" WIDTH="106" HEIGHT="23" CONTENT="meseta." WC="0.62" CC="7370700"/>
						<String ID="P39_ST00063" HPOS="426" VPOS="639" WIDTH="35" HEIGHT="3" CONTENT="—" WC="0.20" CC="8"/>
						<String ID="P39_ST00064" HPOS="465" VPOS="623" WIDTH="98" HEIGHT="27" CONTENT="Corren" WC="0.73" CC="045006"/>
						<SP ID="P39_SP00052" HPOS="563" VPOS="650" WIDTH="15"/>
						<String ID="P39_ST00065" HPOS="578" VPOS="627" WIDTH="79" HEIGHT="29" CONTENT="estos," WC="0.70" CC="067120"/>
						<SP ID="P39_SP00053" HPOS="657" VPOS="656" WIDTH="19"/>
						<String ID="P39_ST00066" HPOS="676" VPOS="622" WIDTH="214" HEIGHT="34" CONTENT="efectivamente," WC="0.67" CC="11046583006800"/>
						<SP ID="P39_SP00054" HPOS="890" VPOS="656" WIDTH="13"/>
						<String ID="P39_ST00067" HPOS="903" VPOS="633" WIDTH="32" HEIGHT="18" CONTENT="en" WC="0.76" CC="04"/>
						<SP ID="P39_SP00055" HPOS="935" VPOS="656" WIDTH="12"/>
						<String ID="P39_ST00068" HPOS="947" VPOS="623" WIDTH="133" HEIGHT="29" CONTENT="dirección" WC="0.67" CC="902430170"/>
						<SP ID="P39_SP00056" HPOS="1080" VPOS="656" WIDTH="16"/>
						<String ID="P39_ST00069" HPOS="1096" VPOS="634" WIDTH="76" HEIGHT="27" CONTENT="apro" SUBS_TYPE="HypPart1" SUBS_CONTENT="aproximada" WC="0.45" CC="09970"/>
						<HYP CONTENT="-"/>
					</TextLine>
					<TextLine ID="P39_TL00010" HPOS="141" VPOS="667" WIDTH="1031" HEIGHT="39">
						<String ID="P39_ST00070" HPOS="141" VPOS="667" WIDTH="107" HEIGHT="28" CONTENT="ximada" SUBS_TYPE="HypPart2" SUBS_CONTENT="aproximada" WC="0.64" CC="600509"/>
						<SP ID="P39_SP00057" HPOS="248" VPOS="695" WIDTH="15"/>
						<String ID="P39_ST00071" HPOS="263" VPOS="667" WIDTH="43" HEIGHT="28" CONTENT="del" WC="0.84" CC="004"/>
						<SP ID="P39_SP00058" HPOS="306" VPOS="695" WIDTH="16"/>
						<String ID="P39_ST00072" HPOS="322" VPOS="667" WIDTH="112" HEIGHT="34" CONTENT="N.N.E.," WC="0.93" CC="0000004"/>
						<SP ID="P39_SP00059" HPOS="434" VPOS="701" WIDTH="21"/>
						<String ID="P39_ST00073" HPOS="455" VPOS="677" WIDTH="14" HEIGHT="29" CONTENT="y" WC="1.00" CC="0"/>
						<SP ID="P39_SP00060" HPOS="469" VPOS="706" WIDTH="15"/>
						<String ID="P39_ST00074" HPOS="484" VPOS="668" WIDTH="178" HEIGHT="37" CONTENT="comprenden" WC="0.57" CC="7100378068"/>
						<SP ID="P39_SP00061" HPOS="662" VPOS="706" WIDTH="13"/>
						<String ID="P39_ST00075" HPOS="675" VPOS="673" WIDTH="58" HEIGHT="23" CONTENT="otra" WC="0.65" CC="3064"/>
						<SP ID="P39_SP00062" HPOS="733" VPOS="706" WIDTH="15"/>
						<String ID="P39_ST00076" HPOS="748" VPOS="674" WIDTH="102" HEIGHT="23" CONTENT="meseta" WC="0.78" CC="014070"/>
						<SP ID="P39_SP00063" HPOS="850" VPOS="706" WIDTH="9"/>
						<String ID="P39_ST00077" HPOS="859" VPOS="670" WIDTH="146" HEIGHT="35" CONTENT="semejante" WC="0.70" CC="000002887"/>
						<SP ID="P39_SP00064" HPOS="1005" VPOS="706" WIDTH="12"/>
						<String ID="P39_ST00078" HPOS="1017" VPOS="671" WIDTH="13" HEIGHT="26" CONTENT="á" WC="0.11" CC="8"/>
						<SP ID="P39_SP00065" HPOS="1030" VPOS="706" WIDTH="16"/>
						<String ID="P39_ST00079" HPOS="1046" VPOS="671" WIDTH="24" HEIGHT="27" CONTENT="la" WC="1.00" CC="00"/>
						<SP ID="P39_SP00066" HPOS="1070" VPOS="706" WIDTH="15"/>
						<String ID="P39_ST00080" HPOS="1085" VPOS="670" WIDTH="87" HEIGHT="28" CONTENT="deSa" SUBS_TYPE="HypPart1" SUBS_CONTENT="deSapangdacó," WC="0.59" CC="72603"/>
						<HYP CONTENT="-"/>
					</TextLine>
					<TextLine ID="P39_TL00011" HPOS="141" VPOS="713" WIDTH="1029" HEIGHT="36">
						<String ID="P39_ST00081" HPOS="141" VPOS="713" WIDTH="145" HEIGHT="36" CONTENT="pangdacó," SUBS_TYPE="HypPart2" SUBS_CONTENT="deSapangdacó," WC="0.77" CC="051900040"/>
						<SP ID="P39_SP00067" HPOS="286" VPOS="749" WIDTH="17"/>
						<String ID="P39_ST00082" HPOS="303" VPOS="713" WIDTH="32" HEIGHT="27" CONTENT="de" WC="0.67" CC="06"/>
						<SP ID="P39_SP00068" HPOS="335" VPOS="749" WIDTH="25"/>
						<String ID="P39_ST00083" HPOS="360" VPOS="715" WIDTH="51" HEIGHT="26" CONTENT="110" WC="0.56" CC="660"/>
						<SP ID="P39_SP00069" HPOS="411" VPOS="749" WIDTH="18"/>
						<String ID="P39_ST00084" HPOS="429" VPOS="717" WIDTH="103" HEIGHT="25" CONTENT="metros" WC="1.00" CC="000000"/>
						<SP ID="P39_SP00070" HPOS="532" VPOS="749" WIDTH="15"/>
						<String ID="P39_ST00085" HPOS="547" VPOS="714" WIDTH="31" HEIGHT="28" CONTENT="de" WC="0.88" CC="02"/>
						<SP ID="P39_SP00071" HPOS="578" VPOS="749" WIDTH="15"/>
						<String ID="P39_ST00086" HPOS="593" VPOS="715" WIDTH="97" HEIGHT="27" CONTENT="altitud" WC="0.63" CC="3574050"/>
						<SP ID="P39_SP00072" HPOS="690" VPOS="749" WIDTH="19"/>
						<String ID="P39_ST00087" HPOS="709" VPOS="715" WIDTH="88" HEIGHT="28" CONTENT="media" WC="0.87" CC="00006"/>
						<SP ID="P39_SP00073" HPOS="797" VPOS="749" WIDTH="18"/>
						<String ID="P39_ST00088" HPOS="815" VPOS="716" WIDTH="78" HEIGHT="27" CONTENT="sobre" WC="0.64" CC="30751"/>
						<SP ID="P39_SP00074" HPOS="893" VPOS="749" WIDTH="18"/>
						<String ID="P39_ST00089" HPOS="911" VPOS="716" WIDTH="24" HEIGHT="27" CONTENT="el" WC="0.51" CC="45"/>
						<SP ID="P39_SP00075" HPOS="935" VPOS="749" WIDTH="19"/>
						<String ID="P39_ST00090" HPOS="954" VPOS="716" WIDTH="69" HEIGHT="27" CONTENT="nivel" WC="0.72" CC="80005"/>
						<SP ID="P39_SP00076" HPOS="1023" VPOS="749" WIDTH="17"/>
						<String ID="P39_ST00091" HPOS="1040" VPOS="716" WIDTH="42" HEIGHT="27" CONTENT="del" WC="0.87" CC="021"/>
						<SP ID="P39_SP00077" HPOS="1082" VPOS="749" WIDTH="19"/>
						<String ID="P39_ST00092" HPOS="1101" VPOS="725" WIDTH="69" HEIGHT="23" CONTENT="mar," WC="0.95" CC="0010"/>
					</TextLine>
					<TextLine ID="P39_TL00012" HPOS="141" VPOS="759" WIDTH="1031" HEIGHT="39">
						<String ID="P39_ST00093" HPOS="141" VPOS="759" WIDTH="133" HEIGHT="29" CONTENT="inclinada" WC="0.67" CC="587010004"/>
						<SP ID="P39_SP00078" HPOS="274" VPOS="788" WIDTH="15"/>
						<String ID="P39_ST00094" HPOS="289" VPOS="760" WIDTH="77" HEIGHT="28" CONTENT="hacia" WC="0.48" CC="70746"/>
						<SP ID="P39_SP00079" HPOS="366" VPOS="788" WIDTH="14"/>
						<String ID="P39_ST00095" HPOS="380" VPOS="760" WIDTH="137" HEIGHT="28" CONTENT="occidente" WC="0.76" CC="200206422"/>
						<SP ID="P39_SP00080" HPOS="517" VPOS="788" WIDTH="15"/>
						<String ID="P39_ST00096" HPOS="532" VPOS="771" WIDTH="17" HEIGHT="27" CONTENT="y" WC="1.00" CC="0"/>
						<SP ID="P39_SP00081" HPOS="549" VPOS="798" WIDTH="14"/>
						<String ID="P39_ST00097" HPOS="563" VPOS="761" WIDTH="121" HEIGHT="27" CONTENT="limitada" WC="0.70" CC="01957000"/>
						<SP ID="P39_SP00082" HPOS="684" VPOS="798" WIDTH="14"/>
						<String ID="P39_ST00098" HPOS="698" VPOS="761" WIDTH="25" HEIGHT="27" CONTENT="al" WC="0.83" CC="03"/>
						<SP ID="P39_SP00083" HPOS="723" VPOS="798" WIDTH="14"/>
						<String ID="P39_ST00099" HPOS="737" VPOS="761" WIDTH="32" HEIGHT="27" CONTENT="N." WC="1.00" CC="00"/>
						<SP ID="P39_SP00084" HPOS="769" VPOS="798" WIDTH="16"/>
						<String ID="P39_ST00100" HPOS="785" VPOS="771" WIDTH="48" HEIGHT="27" CONTENT="por" WC="0.88" CC="003"/>
						<SP ID="P39_SP00085" HPOS="833" VPOS="798" WIDTH="20"/>
						<String ID="P39_ST00101" HPOS="853" VPOS="771" WIDTH="52" HEIGHT="18" CONTENT="una" WC="0.52" CC="724"/>
						<SP ID="P39_SP00086" HPOS="905" VPOS="798" WIDTH="18"/>
						<String ID="P39_ST00102" HPOS="923" VPOS="762" WIDTH="70" HEIGHT="27" CONTENT="loma" WC="0.74" CC="5004"/>
						<SP ID="P39_SP00087" HPOS="993" VPOS="798" WIDTH="19"/>
						<String ID="P39_ST00103" HPOS="1012" VPOS="763" WIDTH="160" HEIGHT="27" CONTENT="transversal" WC="0.62" CC="09084004435"/>
					</TextLine>
					<TextLine ID="P39_TL00013" HPOS="141" VPOS="807" WIDTH="1031" HEIGHT="36">
						<String ID="P39_ST00104" HPOS="141" VPOS="807" WIDTH="170" HEIGHT="27" CONTENT="discontinua" WC="0.58" CC="94004805740"/>
						<SP ID="P39_SP00088" HPOS="311" VPOS="834" WIDTH="20"/>
						<String ID="P39_ST00105" HPOS="331" VPOS="816" WIDTH="15" HEIGHT="27" CONTENT="y" WC="1.00" CC="0"/>
						<SP ID="P39_SP00089" HPOS="346" VPOS="843" WIDTH="18"/>
						<String ID="P39_ST00106" HPOS="364" VPOS="816" WIDTH="66" HEIGHT="27" CONTENT="poco" WC="0.80" CC="0043"/>
						<SP ID="P39_SP00090" HPOS="430" VPOS="843" WIDTH="20"/>
						<String ID="P39_ST00107" HPOS="450" VPOS="807" WIDTH="192" HEIGHT="36" CONTENT="pronunciada," WC="0.72" CC="003776003030"/>
						<SP ID="P39_SP00091" HPOS="642" VPOS="843" WIDTH="17"/>
						<String ID="P39_ST00108" HPOS="659" VPOS="816" WIDTH="52" HEIGHT="27" CONTENT="que" WC="0.71" CC="080"/>
						<SP ID="P39_SP00092" HPOS="711" VPOS="843" WIDTH="20"/>
						<String ID="P39_ST00109" HPOS="731" VPOS="816" WIDTH="76" HEIGHT="19" CONTENT="corre" WC="0.63" CC="65050"/>
						<SP ID="P39_SP00093" HPOS="807" VPOS="843" WIDTH="21"/>
						<String ID="P39_ST00110" HPOS="828" VPOS="809" WIDTH="251" HEIGHT="27" CONTENT="transversalmenle" WC="0.73" CC="0008290520002307"/>
						<SP ID="P39_SP00094" HPOS="1079" VPOS="843" WIDTH="19"/>
						<String ID="P39_ST00111" HPOS="1098" VPOS="813" WIDTH="74" HEIGHT="23" CONTENT="entre" WC="0.53" CC="78007"/>
					</TextLine>
					<TextLine ID="P39_TL00014" HPOS="140" VPOS="854" WIDTH="483" HEIGHT="35">
						<String ID="P39_ST00112" HPOS="140" VPOS="857" WIDTH="96" HEIGHT="32" CONTENT="puerto" WC="0.45" CC="985304"/>
						<SP ID="P39_SP00095" HPOS="236" VPOS="889" WIDTH="15"/>
						<String ID="P39_ST00113" HPOS="251" VPOS="854" WIDTH="120" HEIGHT="26" CONTENT="Baláuan" WC="0.80" CC="0000607"/>
						<SP ID="P39_SP00096" HPOS="371" VPOS="889" WIDTH="17"/>
						<String ID="P39_ST00114" HPOS="388" VPOS="863" WIDTH="14" HEIGHT="26" CONTENT="y" WC="1.00" CC="0"/>
						<SP ID="P39_SP00097" HPOS="402" VPOS="889" WIDTH="14"/>
						<String ID="P39_ST00115" HPOS="416" VPOS="858" WIDTH="84" HEIGHT="31" CONTENT="punta" WC="0.72" CC="08500"/>
						<SP ID="P39_SP00098" HPOS="500" VPOS="889" WIDTH="12"/>
						<String ID="P39_ST00116" HPOS="512" VPOS="854" WIDTH="111" HEIGHT="28" CONTENT="Sacaau." WC="0.74" CC="0000980"/>
					</TextLine>
				</TextBlock>
				<TextBlock ID="P39_TB00006" HPOS="138" VPOS="899" WIDTH="1033" HEIGHT="498" STYLEREFS="TXT_0 PAR_LEFT">
					<TextLine ID="P39_TL00015" HPOS="178" VPOS="899" WIDTH="993" HEIGHT="38">
						<String ID="P39_ST00117" HPOS="178" VPOS="899" WIDTH="38" HEIGHT="27" CONTENT="No" WC="1.00" CC="00"/>
						<SP ID="P39_SP00099" HPOS="216" VPOS="926" WIDTH="18"/>
						<String ID="P39_ST00118" HPOS="234" VPOS="903" WIDTH="125" HEIGHT="33" CONTENT="presenta" WC="0.75" CC="00021825"/>
						<SP ID="P39_SP00100" HPOS="359" VPOS="936" WIDTH="19"/>
						<String ID="P39_ST00119" HPOS="378" VPOS="903" WIDTH="56" HEIGHT="24" CONTENT="este" WC="0.65" CC="5080"/>
						<SP ID="P39_SP00101" HPOS="434" VPOS="936" WIDTH="20"/>
						<String ID="P39_ST00120" HPOS="454" VPOS="900" WIDTH="109" HEIGHT="37" CONTENT="páramo" WC="0.55" CC="902707"/>
						<SP ID="P39_SP00102" HPOS="563" VPOS="937" WIDTH="15"/>
						<String ID="P39_ST00121" HPOS="578" VPOS="901" WIDTH="15" HEIGHT="26" CONTENT="ó" WC="0.27" CC="7"/>
						<SP ID="P39_SP00103" HPOS="593" VPOS="937" WIDTH="17"/>
						<String ID="P39_ST00122" HPOS="610" VPOS="904" WIDTH="103" HEIGHT="23" CONTENT="meseta" WC="0.67" CC="026055"/>
						<SP ID="P39_SP00104" HPOS="713" VPOS="937" WIDTH="18"/>
						<String ID="P39_ST00123" HPOS="731" VPOS="900" WIDTH="28" HEIGHT="27" CONTENT="ni" WC="0.47" CC="55"/>
						<SP ID="P39_SP00105" HPOS="759" VPOS="937" WIDTH="18"/>
						<String ID="P39_ST00124" HPOS="777" VPOS="900" WIDTH="24" HEIGHT="27" CONTENT="el" WC="1.00" CC="00"/>
						<SP ID="P39_SP00106" HPOS="801" VPOS="937" WIDTH="19"/>
						<String ID="P39_ST00125" HPOS="820" VPOS="899" WIDTH="143" HEIGHT="38" CONTENT="agradable" WC="0.77" CC="005000707"/>
						<SP ID="P39_SP00107" HPOS="963" VPOS="937" WIDTH="18"/>
						<String ID="P39_ST00126" HPOS="981" VPOS="904" WIDTH="105" HEIGHT="32" CONTENT="aspecto" WC="0.54" CC="1590175"/>
						<SP ID="P39_SP00108" HPOS="1086" VPOS="937" WIDTH="16"/>
						<String ID="P39_ST00127" HPOS="1102" VPOS="900" WIDTH="27" HEIGHT="26" CONTENT="ni" WC="0.43" CC="55"/>
						<SP ID="P39_SP00109" HPOS="1129" VPOS="937" WIDTH="19"/>
						<String ID="P39_ST00128" HPOS="1148" VPOS="900" WIDTH="23" HEIGHT="27" CONTENT="la" WC="0.92" CC="10"/>
					</TextLine>
					<TextLine ID="P39_TL00016" HPOS="140" VPOS="945" WIDTH="1031" HEIGHT="38">
						<String ID="P39_ST00129" HPOS="140" VPOS="945" WIDTH="137" HEIGHT="28" CONTENT="fertilidad" WC="0.66" CC="5606405040"/>
						<SP ID="P39_SP00110" HPOS="277" VPOS="973" WIDTH="14"/>
						<String ID="P39_ST00130" HPOS="291" VPOS="945" WIDTH="32" HEIGHT="28" CONTENT="de" WC="1.00" CC="00"/>
						<SP ID="P39_SP00111" HPOS="323" VPOS="973" WIDTH="14"/>
						<String ID="P39_ST00131" HPOS="337" VPOS="946" WIDTH="24" HEIGHT="27" CONTENT="la" WC="0.70" CC="50"/>
						<SP ID="P39_SP00112" HPOS="361" VPOS="973" WIDTH="17"/>
						<String ID="P39_ST00132" HPOS="378" VPOS="955" WIDTH="51" HEIGHT="27" CONTENT="que" WC="0.52" CC="085"/>
						<SP ID="P39_SP00113" HPOS="429" VPOS="982" WIDTH="15"/>
						<String ID="P39_ST00133" HPOS="444" VPOS="955" WIDTH="28" HEIGHT="18" CONTENT="se" WC="0.83" CC="30"/>
						<SP ID="P39_SP00114" HPOS="472" VPOS="982" WIDTH="14"/>
						<String ID="P39_ST00134" HPOS="486" VPOS="950" WIDTH="147" HEIGHT="24" CONTENT="encuentra" WC="0.47" CC="532828808"/>
						<SP ID="P39_SP00115" HPOS="633" VPOS="982" WIDTH="15"/>
						<String ID="P39_ST00135" HPOS="648" VPOS="951" WIDTH="75" HEIGHT="23" CONTENT="entre" WC="0.32" CC="74767"/>
						<SP ID="P39_SP00116" HPOS="723" VPOS="982" WIDTH="14"/>
						<String ID="P39_ST00136" HPOS="737" VPOS="947" WIDTH="98" HEIGHT="35" CONTENT="Alpacó" WC="0.89" CC="001400"/>
						<SP ID="P39_SP00117" HPOS="835" VPOS="982" WIDTH="18"/>
						<String ID="P39_ST00137" HPOS="853" VPOS="956" WIDTH="13" HEIGHT="26" CONTENT="y" WC="0.03" CC="9"/>
						<SP ID="P39_SP00118" HPOS="866" VPOS="982" WIDTH="15"/>
						<String ID="P39_ST00138" HPOS="881" VPOS="945" WIDTH="196" HEIGHT="38" CONTENT="Mantalongon." WC="0.70" CC="000002589070"/>
						<SP ID="P39_SP00119" HPOS="1077" VPOS="983" WIDTH="15"/>
						<String ID="P39_ST00139" HPOS="1092" VPOS="948" WIDTH="79" HEIGHT="25" CONTENT="Cons" SUBS_TYPE="HypPart1" SUBS_CONTENT="Constituida," WC="0.49" CC="93722"/>
						<HYP CONTENT="-"/>
					</TextLine>
					<TextLine ID="P39_TL00017" HPOS="141" VPOS="992" WIDTH="1029" HEIGHT="37">
						<String ID="P39_ST00140" HPOS="141" VPOS="992" WIDTH="105" HEIGHT="34" CONTENT="tituida," SUBS_TYPE="HypPart2" SUBS_CONTENT="Constituida," WC="0.63" CC="70466012"/>
						<SP ID="P39_SP00120" HPOS="246" VPOS="1026" WIDTH="16"/>
						<String ID="P39_ST00141" HPOS="262" VPOS="1001" WIDTH="77" HEIGHT="19" CONTENT="como" WC="0.68" CC="0605"/>
						<SP ID="P39_SP00121" HPOS="339" VPOS="1026" WIDTH="20"/>
						<String ID="P39_ST00142" HPOS="359" VPOS="992" WIDTH="113" HEIGHT="37" CONTENT="después" WC="0.69" CC="0000875"/>
						<SP ID="P39_SP00122" HPOS="472" VPOS="1029" WIDTH="16"/>
						<String ID="P39_ST00143" HPOS="488" VPOS="1002" WIDTH="130" HEIGHT="23" CONTENT="veremos," WC="0.73" CC="06450201"/>
						<SP ID="P39_SP00123" HPOS="618" VPOS="1029" WIDTH="18"/>
						<String ID="P39_ST00144" HPOS="636" VPOS="1002" WIDTH="48" HEIGHT="27" CONTENT="por" WC="0.47" CC="950"/>
						<SP ID="P39_SP00124" HPOS="684" VPOS="1029" WIDTH="15"/>
						<String ID="P39_ST00145" HPOS="699" VPOS="993" WIDTH="96" HEIGHT="27" CONTENT="calizas" WC="0.67" CC="0556400"/>
						<SP ID="P39_SP00125" HPOS="795" VPOS="1029" WIDTH="14"/>
						<String ID="P39_ST00146" HPOS="809" VPOS="1001" WIDTH="165" HEIGHT="23" CONTENT="cavernosas," WC="0.76" CC="00007863000"/>
						<SP ID="P39_SP00126" HPOS="974" VPOS="1029" WIDTH="22"/>
						<String ID="P39_ST00147" HPOS="996" VPOS="1001" WIDTH="95" HEIGHT="28" CONTENT="apenas" WC="0.68" CC="500750"/>
						<SP ID="P39_SP00127" HPOS="1091" VPOS="1029" WIDTH="15"/>
						<String ID="P39_ST00148" HPOS="1106" VPOS="1001" WIDTH="64" HEIGHT="19" CONTENT="con" SUBS_TYPE="HypPart1" SUBS_CONTENT="contiene" WC="0.53" CC="1583"/>
						<HYP CONTENT="-"/>
					</TextLine>
					<TextLine ID="P39_TL00018" HPOS="140" VPOS="1038" WIDTH="1031" HEIGHT="37">
						<String ID="P39_ST00149" HPOS="140" VPOS="1039" WIDTH="71" HEIGHT="27" CONTENT="tiene" SUBS_TYPE="HypPart2" SUBS_CONTENT="contiene" WC="0.70" CC="82030"/>
						<SP ID="P39_SP00128" HPOS="211" VPOS="1066" WIDTH="14"/>
						<String ID="P39_ST00150" HPOS="225" VPOS="1039" WIDTH="86" HEIGHT="27" CONTENT="tierra" WC="0.61" CC="043148"/>
						<SP ID="P39_SP00129" HPOS="311" VPOS="1066" WIDTH="13"/>
						<String ID="P39_ST00151" HPOS="324" VPOS="1039" WIDTH="103" HEIGHT="36" CONTENT="vegetal" WC="0.75" CC="3000146"/>
						<SP ID="P39_SP00130" HPOS="427" VPOS="1075" WIDTH="15"/>
						<String ID="P39_ST00152" HPOS="442" VPOS="1039" WIDTH="152" HEIGHT="33" CONTENT="cultivable," WC="0.59" CC="04576008740"/>
						<SP ID="P39_SP00131" HPOS="594" VPOS="1075" WIDTH="16"/>
						<String ID="P39_ST00153" HPOS="610" VPOS="1039" WIDTH="27" HEIGHT="27" CONTENT="ni" WC="0.22" CC="87"/>
						<SP ID="P39_SP00132" HPOS="637" VPOS="1075" WIDTH="19"/>
						<String ID="P39_ST00154" HPOS="656" VPOS="1048" WIDTH="28" HEIGHT="18" CONTENT="se" WC="0.76" CC="40"/>
						<SP ID="P39_SP00133" HPOS="684" VPOS="1075" WIDTH="14"/>
						<String ID="P39_ST00155" HPOS="698" VPOS="1042" WIDTH="147" HEIGHT="25" CONTENT="encuentra" WC="0.59" CC="461270643"/>
						<SP ID="P39_SP00134" HPOS="845" VPOS="1075" WIDTH="18"/>
						<String ID="P39_ST00156" HPOS="863" VPOS="1048" WIDTH="32" HEIGHT="18" CONTENT="en" WC="0.69" CC="05"/>
						<SP ID="P39_SP00135" HPOS="895" VPOS="1075" WIDTH="18"/>
						<String ID="P39_ST00157" HPOS="913" VPOS="1038" WIDTH="62" HEIGHT="28" CONTENT="toda" WC="0.82" CC="0700"/>
						<SP ID="P39_SP00136" HPOS="975" VPOS="1075" WIDTH="14"/>
						<String ID="P39_ST00158" HPOS="989" VPOS="1048" WIDTH="30" HEIGHT="18" CONTENT="su" WC="0.35" CC="48"/>
						<SP ID="P39_SP00137" HPOS="1019" VPOS="1075" WIDTH="16"/>
						<String ID="P39_ST00159" HPOS="1035" VPOS="1039" WIDTH="136" HEIGHT="27" CONTENT="extensión" WC="0.69" CC="057080006"/>
					</TextLine>
					<TextLine ID="P39_TL00019" HPOS="139" VPOS="1085" WIDTH="1031" HEIGHT="36">
						<String ID="P39_ST00160" HPOS="139" VPOS="1085" WIDTH="134" HEIGHT="27" CONTENT="corriente" WC="0.42" CC="765655570"/>
						<SP ID="P39_SP00138" HPOS="273" VPOS="1112" WIDTH="14"/>
						<String ID="P39_ST00161" HPOS="287" VPOS="1085" WIDTH="98" HEIGHT="36" CONTENT="alguna" WC="0.36" CC="569780"/>
						<SP ID="P39_SP00139" HPOS="385" VPOS="1121" WIDTH="15"/>
						<String ID="P39_ST00162" HPOS="400" VPOS="1085" WIDTH="32" HEIGHT="27" CONTENT="de" WC="0.96" CC="00"/>
						<SP ID="P39_SP00140" HPOS="432" VPOS="1121" WIDTH="18"/>
						<String ID="P39_ST00163" HPOS="450" VPOS="1093" WIDTH="83" HEIGHT="28" CONTENT="aguas" WC="0.69" CC="20452"/>
						<SP ID="P39_SP00141" HPOS="533" VPOS="1121" WIDTH="14"/>
						<String ID="P39_ST00164" HPOS="547" VPOS="1089" WIDTH="197" HEIGHT="32" CONTENT="permanentes." WC="0.68" CC="029046017060"/>
						<SP ID="P39_SP00142" HPOS="744" VPOS="1121" WIDTH="16"/>
						<String ID="P39_ST00165" HPOS="760" VPOS="1085" WIDTH="77" HEIGHT="27" CONTENT="Estas" WC="0.89" CC="01400"/>
						<SP ID="P39_SP00143" HPOS="837" VPOS="1121" WIDTH="18"/>
						<String ID="P39_ST00166" HPOS="855" VPOS="1085" WIDTH="212" HEIGHT="27" CONTENT="circunstancias" WC="0.59" CC="75377008251050"/>
						<SP ID="P39_SP00144" HPOS="1067" VPOS="1121" WIDTH="14"/>
						<String ID="P39_ST00167" HPOS="1081" VPOS="1085" WIDTH="23" HEIGHT="27" CONTENT="la" WC="0.70" CC="50"/>
						<SP ID="P39_SP00145" HPOS="1104" VPOS="1121" WIDTH="17"/>
						<String ID="P39_ST00168" HPOS="1121" VPOS="1085" WIDTH="49" HEIGHT="27" CONTENT="ha" SUBS_TYPE="HypPart1" SUBS_CONTENT="hacen" WC="0.33" CC="792"/>
						<HYP CONTENT="-"/>
					</TextLine>
					<TextLine ID="P39_TL00020" HPOS="139" VPOS="1130" WIDTH="1032" HEIGHT="37">
						<String ID="P39_ST00169" HPOS="139" VPOS="1139" WIDTH="47" HEIGHT="19" CONTENT="cen" SUBS_TYPE="HypPart2" SUBS_CONTENT="hacen" WC="0.35" CC="576"/>
						<SP ID="P39_SP00146" HPOS="186" VPOS="1158" WIDTH="15"/>
						<String ID="P39_ST00170" HPOS="201" VPOS="1130" WIDTH="175" HEIGHT="33" CONTENT="inhabitable," WC="0.48" CC="087375097650"/>
						<SP ID="P39_SP00147" HPOS="376" VPOS="1163" WIDTH="18"/>
						<String ID="P39_ST00171" HPOS="394" VPOS="1130" WIDTH="212" HEIGHT="28" CONTENT="excesivamente" WC="0.58" CC="7900400506784"/>
						<SP ID="P39_SP00148" HPOS="606" VPOS="1163" WIDTH="12"/>
						<String ID="P39_ST00172" HPOS="618" VPOS="1130" WIDTH="75" HEIGHT="28" CONTENT="árida" WC="0.57" CC="07490"/>
						<SP ID="P39_SP00149" HPOS="693" VPOS="1163" WIDTH="12"/>
						<String ID="P39_ST00173" HPOS="705" VPOS="1140" WIDTH="14" HEIGHT="27" CONTENT="y" WC="1.00" CC="0"/>
						<SP ID="P39_SP00150" HPOS="719" VPOS="1167" WIDTH="12"/>
						<String ID="P39_ST00174" HPOS="731" VPOS="1133" WIDTH="167" HEIGHT="25" CONTENT="sumamente" WC="0.68" CC="126000647"/>
						<SP ID="P39_SP00151" HPOS="898" VPOS="1167" WIDTH="12"/>
						<String ID="P39_ST00175" HPOS="910" VPOS="1130" WIDTH="188" HEIGHT="36" CONTENT="desagradable" WC="0.69" CC="900209000707"/>
						<SP ID="P39_SP00152" HPOS="1098" VPOS="1167" WIDTH="9"/>
						<String ID="P39_ST00176" HPOS="1107" VPOS="1138" WIDTH="64" HEIGHT="28" CONTENT="para" WC="0.69" CC="0407"/>
					</TextLine>
					<TextLine ID="P39_TL00021" HPOS="141" VPOS="1175" WIDTH="1030" HEIGHT="38">
						<String ID="P39_ST00177" HPOS="141" VPOS="1177" WIDTH="25" HEIGHT="27" CONTENT="el" WC="0.64" CC="52"/>
						<SP ID="P39_SP00153" HPOS="166" VPOS="1204" WIDTH="13"/>
						<String ID="P39_ST00178" HPOS="179" VPOS="1176" WIDTH="101" HEIGHT="37" CONTENT="viajero" WC="0.80" CC="0560200"/>
						<SP ID="P39_SP00154" HPOS="280" VPOS="1213" WIDTH="15"/>
						<String ID="P39_ST00179" HPOS="295" VPOS="1186" WIDTH="52" HEIGHT="27" CONTENT="que" WC="0.78" CC="060"/>
						<SP ID="P39_SP00155" HPOS="347" VPOS="1213" WIDTH="15"/>
						<String ID="P39_ST00180" HPOS="362" VPOS="1186" WIDTH="28" HEIGHT="18" CONTENT="se" WC="0.51" CC="09"/>
						<SP ID="P39_SP00156" HPOS="390" VPOS="1213" WIDTH="13"/>
						<String ID="P39_ST00181" HPOS="403" VPOS="1186" WIDTH="47" HEIGHT="18" CONTENT="vea" WC="0.58" CC="631"/>
						<SP ID="P39_SP00157" HPOS="450" VPOS="1213" WIDTH="16"/>
						<String ID="P39_ST00182" HPOS="466" VPOS="1176" WIDTH="138" HEIGHT="37" CONTENT="precisado" WC="0.75" CC="041053501"/>
						<SP ID="P39_SP00158" HPOS="604" VPOS="1213" WIDTH="16"/>
						<String ID="P39_ST00183" HPOS="620" VPOS="1178" WIDTH="13" HEIGHT="25" CONTENT="á" WC="1.00" CC="0"/>
						<SP ID="P39_SP00159" HPOS="633" VPOS="1213" WIDTH="19"/>
						<String ID="P39_ST00184" HPOS="652" VPOS="1181" WIDTH="137" HEIGHT="23" CONTENT="atravesar" WC="0.74" CC="500600703"/>
						<SP ID="P39_SP00160" HPOS="789" VPOS="1213" WIDTH="16"/>
						<String ID="P39_ST00185" HPOS="805" VPOS="1177" WIDTH="25" HEIGHT="26" CONTENT="la" WC="0.26" CC="49"/>
						<SP ID="P39_SP00161" HPOS="830" VPOS="1213" WIDTH="19"/>
						<String ID="P39_ST00186" HPOS="849" VPOS="1177" WIDTH="48" HEIGHT="26" CONTENT="isla" WC="0.60" CC="3019"/>
						<SP ID="P39_SP00162" HPOS="897" VPOS="1213" WIDTH="18"/>
						<String ID="P39_ST00187" HPOS="915" VPOS="1185" WIDTH="48" HEIGHT="28" CONTENT="por" WC="0.88" CC="030"/>
						<SP ID="P39_SP00163" HPOS="963" VPOS="1213" WIDTH="21"/>
						<String ID="P39_ST00188" HPOS="984" VPOS="1177" WIDTH="23" HEIGHT="26" CONTENT="la" WC="0.72" CC="05"/>
						<SP ID="P39_SP00164" HPOS="1007" VPOS="1213" WIDTH="18"/>
						<String ID="P39_ST00189" HPOS="1025" VPOS="1175" WIDTH="81" HEIGHT="28" CONTENT="senda" WC="0.80" CC="90000"/>
						<SP ID="P39_SP00165" HPOS="1106" VPOS="1213" WIDTH="14"/>
						<String ID="P39_ST00190" HPOS="1120" VPOS="1185" WIDTH="51" HEIGHT="27" CONTENT="que" WC="0.74" CC="060"/>
					</TextLine>
					<TextLine ID="P39_TL00022" HPOS="139" VPOS="1221" WIDTH="1032" HEIGHT="38">
						<String ID="P39_ST00191" HPOS="139" VPOS="1231" WIDTH="30" HEIGHT="20" CONTENT="va" WC="1.00" CC="00"/>
						<SP ID="P39_SP00166" HPOS="169" VPOS="1251" WIDTH="15"/>
						<String ID="P39_ST00192" HPOS="184" VPOS="1222" WIDTH="32" HEIGHT="28" CONTENT="de" WC="1.00" CC="00"/>
						<SP ID="P39_SP00167" HPOS="216" VPOS="1251" WIDTH="15"/>
						<String ID="P39_ST00193" HPOS="231" VPOS="1222" WIDTH="88" HEIGHT="37" CONTENT="Sógod" WC="0.56" CC="59070"/>
						<SP ID="P39_SP00168" HPOS="319" VPOS="1259" WIDTH="14"/>
						<String ID="P39_ST00194" HPOS="333" VPOS="1224" WIDTH="15" HEIGHT="26" CONTENT="á" WC="1.00" CC="0"/>
						<SP ID="P39_SP00169" HPOS="348" VPOS="1259" WIDTH="14"/>
						<String ID="P39_ST00195" HPOS="362" VPOS="1223" WIDTH="138" HEIGHT="33" CONTENT="Taboilan," WC="0.69" CC="047600080"/>
						<SP ID="P39_SP00170" HPOS="500" VPOS="1259" WIDTH="18"/>
						<String ID="P39_ST00196" HPOS="518" VPOS="1226" WIDTH="93" HEIGHT="33" CONTENT="puesto" WC="0.58" CC="065444"/>
						<SP ID="P39_SP00171" HPOS="611" VPOS="1259" WIDTH="15"/>
						<String ID="P39_ST00197" HPOS="626" VPOS="1231" WIDTH="52" HEIGHT="28" CONTENT="que" WC="0.74" CC="051"/>
						<SP ID="P39_SP00172" HPOS="678" VPOS="1259" WIDTH="21"/>
						<String ID="P39_ST00198" HPOS="699" VPOS="1231" WIDTH="32" HEIGHT="19" CONTENT="en" WC="0.22" CC="78"/>
						<SP ID="P39_SP00173" HPOS="731" VPOS="1259" WIDTH="22"/>
						<String ID="P39_ST00199" HPOS="753" VPOS="1231" WIDTH="83" HEIGHT="19" CONTENT="nueve" WC="0.70" CC="77000"/>
						<SP ID="P39_SP00174" HPOS="836" VPOS="1259" WIDTH="22"/>
						<String ID="P39_ST00200" HPOS="858" VPOS="1223" WIDTH="15" HEIGHT="26" CONTENT="ó" WC="0.25" CC="7"/>
						<SP ID="P39_SP00175" HPOS="873" VPOS="1259" WIDTH="14"/>
						<String ID="P39_ST00201" HPOS="887" VPOS="1222" WIDTH="57" HEIGHT="27" CONTENT="diez" WC="0.63" CC="0077"/>
						<SP ID="P39_SP00176" HPOS="944" VPOS="1259" WIDTH="17"/>
						<String ID="P39_ST00202" HPOS="961" VPOS="1222" WIDTH="79" HEIGHT="27" CONTENT="horas" WC="0.61" CC="76050"/>
						<SP ID="P39_SP00177" HPOS="1040" VPOS="1259" WIDTH="15"/>
						<String ID="P39_ST00203" HPOS="1055" VPOS="1221" WIDTH="32" HEIGHT="28" CONTENT="de" WC="0.69" CC="06"/>
						<SP ID="P39_SP00178" HPOS="1087" VPOS="1259" WIDTH="14"/>
						<String ID="P39_ST00204" HPOS="1101" VPOS="1230" WIDTH="70" HEIGHT="19" CONTENT="mar" SUBS_TYPE="HypPart1" SUBS_CONTENT="marcha" WC="0.79" CC="0070"/>
						<HYP CONTENT="-"/>
					</TextLine>
					<TextLine ID="P39_TL00023" HPOS="139" VPOS="1267" WIDTH="1032" HEIGHT="39">
						<String ID="P39_ST00205" HPOS="139" VPOS="1269" WIDTH="49" HEIGHT="27" CONTENT="cha" SUBS_TYPE="HypPart2" SUBS_CONTENT="marcha" WC="0.74" CC="070"/>
						<SP ID="P39_SP00179" HPOS="188" VPOS="1296" WIDTH="14"/>
						<String ID="P39_ST00206" HPOS="202" VPOS="1269" WIDTH="165" HEIGHT="27" CONTENT="continuada" WC="0.50" CC="4536568009"/>
						<SP ID="P39_SP00180" HPOS="367" VPOS="1296" WIDTH="14"/>
						<String ID="P39_ST00207" HPOS="381" VPOS="1278" WIDTH="17" HEIGHT="28" CONTENT="y" WC="1.00" CC="0"/>
						<SP ID="P39_SP00181" HPOS="398" VPOS="1306" WIDTH="15"/>
						<String ID="P39_ST00208" HPOS="413" VPOS="1269" WIDTH="125" HEIGHT="36" CONTENT="fatigosa," WC="0.75" CC="064504100"/>
						<SP ID="P39_SP00182" HPOS="538" VPOS="1306" WIDTH="17"/>
						<String ID="P39_ST00209" HPOS="555" VPOS="1268" WIDTH="79" HEIGHT="28" CONTENT="desde" WC="0.61" CC="07506"/>
						<SP ID="P39_SP00183" HPOS="634" VPOS="1306" WIDTH="14"/>
						<String ID="P39_ST00210" HPOS="648" VPOS="1269" WIDTH="24" HEIGHT="27" CONTENT="el" WC="1.00" CC="00"/>
						<SP ID="P39_SP00184" HPOS="672" VPOS="1306" WIDTH="15"/>
						<String ID="P39_ST00211" HPOS="687" VPOS="1268" WIDTH="39" HEIGHT="28" CONTENT="río" WC="0.56" CC="075"/>
						<SP ID="P39_SP00185" HPOS="726" VPOS="1306" WIDTH="15"/>
						<String ID="P39_ST00212" HPOS="741" VPOS="1269" WIDTH="150" HEIGHT="36" CONTENT="Bagalayan" WC="0.76" CC="700000067"/>
						<SP ID="P39_SP00186" HPOS="891" VPOS="1306" WIDTH="17"/>
						<String ID="P39_ST00213" HPOS="908" VPOS="1269" WIDTH="15" HEIGHT="26" CONTENT="á" WC="1.00" CC="0"/>
						<SP ID="P39_SP00187" HPOS="923" VPOS="1306" WIDTH="18"/>
						<String ID="P39_ST00214" HPOS="941" VPOS="1268" WIDTH="25" HEIGHT="27" CONTENT="la" WC="0.48" CC="63"/>
						<SP ID="P39_SP00188" HPOS="966" VPOS="1306" WIDTH="16"/>
						<String ID="P39_ST00215" HPOS="982" VPOS="1268" WIDTH="83" HEIGHT="27" CONTENT="salida" WC="0.63" CC="600590"/>
						<SP ID="P39_SP00189" HPOS="1065" VPOS="1306" WIDTH="14"/>
						<String ID="P39_ST00216" HPOS="1079" VPOS="1267" WIDTH="31" HEIGHT="28" CONTENT="de" WC="0.66" CC="06"/>
						<SP ID="P39_SP00190" HPOS="1110" VPOS="1306" WIDTH="15"/>
						<String ID="P39_ST00217" HPOS="1125" VPOS="1267" WIDTH="46" HEIGHT="28" CONTENT="Só" SUBS_TYPE="HypPart1" SUBS_CONTENT="Sógod," WC="0.46" CC="474"/>
						<HYP CONTENT="-"/>
					</TextLine>
					<TextLine ID="P39_TL00024" HPOS="139" VPOS="1313" WIDTH="1031" HEIGHT="38">
						<String ID="P39_ST00218" HPOS="139" VPOS="1316" WIDTH="57" HEIGHT="35" CONTENT="god," SUBS_TYPE="HypPart2" SUBS_CONTENT="Sógod," WC="0.66" CC="0903"/>
						<SP ID="P39_SP00191" HPOS="196" VPOS="1351" WIDTH="19"/>
						<String ID="P39_ST00219" HPOS="215" VPOS="1325" WIDTH="34" HEIGHT="17" CONTENT="no" WC="0.06" CC="89"/>
						<SP ID="P39_SP00192" HPOS="249" VPOS="1351" WIDTH="16"/>
						<String ID="P39_ST00220" HPOS="265" VPOS="1316" WIDTH="159" HEIGHT="27" CONTENT="encontrará" WC="0.54" CC="7870840540"/>
						<SP ID="P39_SP00193" HPOS="424" VPOS="1351" WIDTH="15"/>
						<String ID="P39_ST00221" HPOS="439" VPOS="1324" WIDTH="52" HEIGHT="18" CONTENT="una" WC="0.26" CC="668"/>
						<SP ID="P39_SP00194" HPOS="491" VPOS="1351" WIDTH="14"/>
						<String ID="P39_ST00222" HPOS="505" VPOS="1318" WIDTH="62" HEIGHT="33" CONTENT="gota" WC="0.28" CC="9368"/>
						<SP ID="P39_SP00195" HPOS="567" VPOS="1351" WIDTH="18"/>
						<String ID="P39_ST00223" HPOS="585" VPOS="1315" WIDTH="32" HEIGHT="27" CONTENT="de" WC="1.00" CC="00"/>
						<SP ID="P39_SP00196" HPOS="617" VPOS="1351" WIDTH="19"/>
						<String ID="P39_ST00224" HPOS="636" VPOS="1324" WIDTH="68" HEIGHT="27" CONTENT="agua" WC="0.83" CC="0060"/>
						<SP ID="P39_SP00197" HPOS="704" VPOS="1351" WIDTH="20"/>
						<String ID="P39_ST00225" HPOS="724" VPOS="1324" WIDTH="49" HEIGHT="18" CONTENT="con" WC="0.41" CC="538"/>
						<SP ID="P39_SP00198" HPOS="773" VPOS="1351" WIDTH="19"/>
						<String ID="P39_ST00226" HPOS="792" VPOS="1324" WIDTH="52" HEIGHT="27" CONTENT="que" WC="0.71" CC="080"/>
						<SP ID="P39_SP00199" HPOS="844" VPOS="1351" WIDTH="19"/>
						<String ID="P39_ST00227" HPOS="863" VPOS="1324" WIDTH="98" HEIGHT="27" CONTENT="apagar" WC="0.55" CC="085930"/>
						<SP ID="P39_SP00200" HPOS="961" VPOS="1351" WIDTH="19"/>
						<String ID="P39_ST00228" HPOS="980" VPOS="1324" WIDTH="31" HEIGHT="17" CONTENT="su" WC="0.47" CC="54"/>
						<SP ID="P39_SP00201" HPOS="1011" VPOS="1351" WIDTH="18"/>
						<String ID="P39_ST00229" HPOS="1029" VPOS="1313" WIDTH="45" HEIGHT="28" CONTENT="sed" WC="0.55" CC="930"/>
						<SP ID="P39_SP00202" HPOS="1074" VPOS="1351" WIDTH="22"/>
						<String ID="P39_ST00230" HPOS="1096" VPOS="1313" WIDTH="74" HEIGHT="29" CONTENT="hasta" WC="0.67" CC="40560"/>
					</TextLine>
					<TextLine ID="P39_TL00025" HPOS="138" VPOS="1359" WIDTH="891" HEIGHT="38">
						<String ID="P39_ST00231" HPOS="138" VPOS="1362" WIDTH="83" HEIGHT="35" CONTENT="llegar" WC="0.52" CC="066905"/>
						<SP ID="P39_SP00203" HPOS="221" VPOS="1397" WIDTH="14"/>
						<String ID="P39_ST00232" HPOS="235" VPOS="1362" WIDTH="25" HEIGHT="27" CONTENT="al" WC="0.41" CC="65"/>
						<SP ID="P39_SP00204" HPOS="260" VPOS="1397" WIDTH="14"/>
						<String ID="P39_ST00233" HPOS="274" VPOS="1361" WIDTH="43" HEIGHT="28" CONTENT="del" WC="0.74" CC="024"/>
						<SP ID="P39_SP00205" HPOS="317" VPOS="1397" WIDTH="15"/>
						<String ID="P39_ST00234" HPOS="332" VPOS="1362" WIDTH="134" HEIGHT="35" CONTENT="Bungum," WC="0.54" CC="0860773"/>
						<SP ID="P39_SP00206" HPOS="466" VPOS="1397" WIDTH="17"/>
						<String ID="P39_ST00235" HPOS="483" VPOS="1370" WIDTH="65" HEIGHT="27" CONTENT="muy" WC="0.32" CC="289"/>
						<SP ID="P39_SP00207" HPOS="548" VPOS="1397" WIDTH="14"/>
						<String ID="P39_ST00236" HPOS="562" VPOS="1369" WIDTH="76" HEIGHT="20" CONTENT="cerca" WC="0.46" CC="76706"/>
						<SP ID="P39_SP00208" HPOS="638" VPOS="1397" WIDTH="16"/>
						<String ID="P39_ST00237" HPOS="654" VPOS="1361" WIDTH="31" HEIGHT="28" CONTENT="de" WC="0.84" CC="03"/>
						<SP ID="P39_SP00209" HPOS="685" VPOS="1397" WIDTH="14"/>
						<String ID="P39_ST00238" HPOS="699" VPOS="1369" WIDTH="32" HEIGHT="19" CONTENT="su" WC="0.69" CC="23"/>
						<SP ID="P39_SP00210" HPOS="731" VPOS="1397" WIDTH="15"/>
						<String ID="P39_ST00239" HPOS="746" VPOS="1360" WIDTH="103" HEIGHT="36" CONTENT="llegada" WC="0.67" CC="1500708"/>
						<SP ID="P39_SP00211" HPOS="849" VPOS="1397" WIDTH="15"/>
						<String ID="P39_ST00240" HPOS="864" VPOS="1361" WIDTH="14" HEIGHT="26" CONTENT="á" WC="1.00" CC="0"/>
						<SP ID="P39_SP00212" HPOS="878" VPOS="1397" WIDTH="14"/>
						<String ID="P39_ST00241" HPOS="892" VPOS="1359" WIDTH="137" HEIGHT="29" CONTENT="Taboilan." WC="0.79" CC="301500071"/>
					</TextLine>
				</TextBlock>
				<TextBlock ID="P39_TB00007" HPOS="135" VPOS="1452" WIDTH="1035" HEIGHT="223" STYLEREFS="TXT_0 PAR_LEFT">
					<TextLine ID="P39_TL00026" HPOS="176" VPOS="1452" WIDTH="993" HEIGHT="37">
						<String ID="P39_ST00242" HPOS="176" VPOS="1456" WIDTH="183" HEIGHT="26" CONTENT="Cordilleras." WC="0.54" CC="009800929940"/>
						<String ID="P39_ST00243" HPOS="364" VPOS="1470" WIDTH="38" HEIGHT="4" CONTENT="—" WC="0.20" CC="8"/>
						<String ID="P39_ST00244" HPOS="405" VPOS="1454" WIDTH="48" HEIGHT="27" CONTENT="Las" WC="0.55" CC="741"/>
						<SP ID="P39_SP00213" HPOS="453" VPOS="1482" WIDTH="14"/>
						<String ID="P39_ST00245" HPOS="467" VPOS="1453" WIDTH="48" HEIGHT="28" CONTENT="dos" WC="0.81" CC="050"/>
						<SP ID="P39_SP00214" HPOS="515" VPOS="1482" WIDTH="18"/>
						<String ID="P39_ST00246" HPOS="533" VPOS="1453" WIDTH="157" HEIGHT="28" CONTENT="cordilleras" WC="0.66" CC="25505005524"/>
						<SP ID="P39_SP00215" HPOS="690" VPOS="1482" WIDTH="14"/>
						<String ID="P39_ST00247" HPOS="704" VPOS="1453" WIDTH="133" HEIGHT="31" CONTENT="laterales," WC="0.63" CC="7480403800"/>
						<SP ID="P39_SP00216" HPOS="837" VPOS="1484" WIDTH="18"/>
						<String ID="P39_ST00248" HPOS="855" VPOS="1461" WIDTH="51" HEIGHT="28" CONTENT="que" WC="0.71" CC="170"/>
						<SP ID="P39_SP00217" HPOS="906" VPOS="1489" WIDTH="20"/>
						<String ID="P39_ST00249" HPOS="926" VPOS="1462" WIDTH="32" HEIGHT="17" CONTENT="en" WC="0.19" CC="87"/>
						<SP ID="P39_SP00218" HPOS="958" VPOS="1489" WIDTH="15"/>
						<String ID="P39_ST00250" HPOS="973" VPOS="1453" WIDTH="125" HEIGHT="35" CONTENT="conjunto" WC="0.27" CC="67848877"/>
						<SP ID="P39_SP00219" HPOS="1098" VPOS="1489" WIDTH="14"/>
						<String ID="P39_ST00251" HPOS="1112" VPOS="1452" WIDTH="57" HEIGHT="27" CONTENT="for" SUBS_TYPE="HypPart1" SUBS_CONTENT="forman" WC="0.89" CC="0040"/>
						<HYP CONTENT="-"/>
					</TextLine>
					<TextLine ID="P39_TL00027" HPOS="137" VPOS="1499" WIDTH="1033" HEIGHT="36">
						<String ID="P39_ST00252" HPOS="137" VPOS="1510" WIDTH="63" HEIGHT="18" CONTENT="man" SUBS_TYPE="HypPart2" SUBS_CONTENT="forman" WC="0.39" CC="098"/>
						<SP ID="P39_SP00220" HPOS="200" VPOS="1528" WIDTH="15"/>
						<String ID="P39_ST00253" HPOS="215" VPOS="1500" WIDTH="24" HEIGHT="28" CONTENT="la" WC="0.38" CC="47"/>
						<SP ID="P39_SP00221" HPOS="239" VPOS="1528" WIDTH="13"/>
						<String ID="P39_ST00254" HPOS="252" VPOS="1500" WIDTH="104" HEIGHT="28" CONTENT="central" WC="0.76" CC="6180000"/>
						<SP ID="P39_SP00222" HPOS="356" VPOS="1528" WIDTH="18"/>
						<String ID="P39_ST00255" HPOS="374" VPOS="1500" WIDTH="31" HEIGHT="28" CONTENT="de" WC="0.98" CC="00"/>
						<SP ID="P39_SP00223" HPOS="405" VPOS="1528" WIDTH="16"/>
						<String ID="P39_ST00256" HPOS="421" VPOS="1503" WIDTH="56" HEIGHT="24" CONTENT="esta" WC="0.65" CC="0085"/>
						<SP ID="P39_SP00224" HPOS="477" VPOS="1528" WIDTH="16"/>
						<String ID="P39_ST00257" HPOS="493" VPOS="1508" WIDTH="72" HEIGHT="25" CONTENT="zona," WC="0.68" CC="01544"/>
						<SP ID="P39_SP00225" HPOS="565" VPOS="1533" WIDTH="19"/>
						<String ID="P39_ST00258" HPOS="584" VPOS="1500" WIDTH="75" HEIGHT="27" CONTENT="están" WC="0.79" CC="00306"/>
						<SP ID="P39_SP00226" HPOS="659" VPOS="1533" WIDTH="17"/>
						<String ID="P39_ST00259" HPOS="676" VPOS="1499" WIDTH="167" HEIGHT="28" CONTENT="recubiertas" WC="0.47" CC="53087077763"/>
						<SP ID="P39_SP00227" HPOS="843" VPOS="1533" WIDTH="15"/>
						<String ID="P39_ST00260" HPOS="858" VPOS="1500" WIDTH="14" HEIGHT="26" CONTENT="á" WC="0.25" CC="7"/>
						<SP ID="P39_SP00228" HPOS="872" VPOS="1533" WIDTH="18"/>
						<String ID="P39_ST00261" HPOS="890" VPOS="1499" WIDTH="105" HEIGHT="27" CONTENT="trechos" WC="0.74" CC="0042730"/>
						<SP ID="P39_SP00229" HPOS="995" VPOS="1533" WIDTH="18"/>
						<String ID="P39_ST00262" HPOS="1013" VPOS="1499" WIDTH="31" HEIGHT="27" CONTENT="de" WC="1.00" CC="00"/>
						<SP ID="P39_SP00230" HPOS="1044" VPOS="1533" WIDTH="13"/>
						<String ID="P39_ST00263" HPOS="1057" VPOS="1499" WIDTH="113" HEIGHT="36" CONTENT="bosques" WC="0.60" CC="7640640"/>
					</TextLine>
					<TextLine ID="P39_TL00028" HPOS="137" VPOS="1545" WIDTH="1033" HEIGHT="38">
						<String ID="P39_ST00264" HPOS="137" VPOS="1549" WIDTH="14" HEIGHT="25" CONTENT="ó" WC="0.26" CC="7"/>
						<SP ID="P39_SP00231" HPOS="151" VPOS="1574" WIDTH="16"/>
						<String ID="P39_ST00265" HPOS="167" VPOS="1546" WIDTH="178" HEIGHT="29" CONTENT="descarnados" WC="0.73" CC="00070070076"/>
						<SP ID="P39_SP00232" HPOS="345" VPOS="1575" WIDTH="18"/>
						<String ID="P39_ST00266" HPOS="363" VPOS="1546" WIDTH="155" HEIGHT="37" CONTENT="pedregales" WC="0.95" CC="0500000000"/>
						<SP ID="P39_SP00233" HPOS="518" VPOS="1583" WIDTH="19"/>
						<String ID="P39_ST00267" HPOS="537" VPOS="1545" WIDTH="106" HEIGHT="33" CONTENT="calizos," WC="0.76" CC="40445000"/>
						<SP ID="P39_SP00234" HPOS="643" VPOS="1583" WIDTH="17"/>
						<String ID="P39_ST00268" HPOS="660" VPOS="1545" WIDTH="140" HEIGHT="28" CONTENT="afectando" WC="0.65" CC="505750700"/>
						<SP ID="P39_SP00235" HPOS="800" VPOS="1583" WIDTH="18"/>
						<String ID="P39_ST00269" HPOS="818" VPOS="1545" WIDTH="156" HEIGHT="36" CONTENT="pendientes" WC="0.51" CC="0580336785"/>
						<SP ID="P39_SP00236" HPOS="974" VPOS="1583" WIDTH="17"/>
						<String ID="P39_ST00270" HPOS="991" VPOS="1545" WIDTH="56" HEIGHT="27" CONTENT="más" WC="0.81" CC="050"/>
						<SP ID="P39_SP00237" HPOS="1047" VPOS="1583" WIDTH="18"/>
						<String ID="P39_ST00271" HPOS="1065" VPOS="1546" WIDTH="105" HEIGHT="36" CONTENT="ásperas" WC="0.75" CC="0095100"/>
					</TextLine>
					<TextLine ID="P39_TL00029" HPOS="136" VPOS="1591" WIDTH="1033" HEIGHT="37">
						<String ID="P39_ST00272" HPOS="136" VPOS="1594" WIDTH="77" HEIGHT="27" CONTENT="hacia" WC="0.47" CC="79440"/>
						<SP ID="P39_SP00238" HPOS="213" VPOS="1621" WIDTH="15"/>
						<String ID="P39_ST00273" HPOS="228" VPOS="1594" WIDTH="39" HEIGHT="27" CONTENT="las" WC="0.69" CC="035"/>
						<SP ID="P39_SP00239" HPOS="267" VPOS="1621" WIDTH="15"/>
						<String ID="P39_ST00274" HPOS="282" VPOS="1596" WIDTH="98" HEIGHT="29" CONTENT="costas," WC="0.62" CC="7036520"/>
						<SP ID="P39_SP00240" HPOS="380" VPOS="1625" WIDTH="17"/>
						<String ID="P39_ST00275" HPOS="397" VPOS="1594" WIDTH="14" HEIGHT="26" CONTENT="é" WC="0.24" CC="7"/>
						<SP ID="P39_SP00241" HPOS="411" VPOS="1625" WIDTH="16"/>
						<String ID="P39_ST00276" HPOS="427" VPOS="1592" WIDTH="273" HEIGHT="36" CONTENT="interrumpiéndolas" WC="0.55" CC="08701050937506493"/>
						<SP ID="P39_SP00242" HPOS="700" VPOS="1628" WIDTH="15"/>
						<String ID="P39_ST00277" HPOS="715" VPOS="1591" WIDTH="148" HEIGHT="37" CONTENT="profundos" WC="0.76" CC="003063034"/>
						<SP ID="P39_SP00243" HPOS="863" VPOS="1628" WIDTH="15"/>
						<String ID="P39_ST00278" HPOS="878" VPOS="1601" WIDTH="14" HEIGHT="27" CONTENT="y" WC="1.00" CC="0"/>
						<SP ID="P39_SP00244" HPOS="892" VPOS="1628" WIDTH="16"/>
						<String ID="P39_ST00279" HPOS="908" VPOS="1591" WIDTH="132" HEIGHT="28" CONTENT="sedientes" WC="0.57" CC="470208473"/>
						<SP ID="P39_SP00245" HPOS="1040" VPOS="1628" WIDTH="16"/>
						<String ID="P39_ST00280" HPOS="1056" VPOS="1591" WIDTH="113" HEIGHT="27" CONTENT="barran" SUBS_TYPE="HypPart1" SUBS_CONTENT="barraneos," WC="0.53" CC="7550670"/>
						<HYP CONTENT="-"/>
					</TextLine>
					<TextLine ID="P39_TL00030" HPOS="136" VPOS="1638" WIDTH="833" HEIGHT="37">
						<String ID="P39_ST00281" HPOS="136" VPOS="1650" WIDTH="54" HEIGHT="22" CONTENT="eos," SUBS_TYPE="HypPart2" SUBS_CONTENT="barraneos," WC="0.62" CC="8600"/>
						<SP ID="P39_SP00246" HPOS="190" VPOS="1672" WIDTH="14"/>
						<String ID="P39_ST00282" HPOS="204" VPOS="1649" WIDTH="52" HEIGHT="26" CONTENT="que" WC="0.82" CC="050"/>
						<SP ID="P39_SP00247" HPOS="256" VPOS="1675" WIDTH="14"/>
						<String ID="P39_ST00283" HPOS="270" VPOS="1640" WIDTH="14" HEIGHT="26" CONTENT="á" WC="1.00" CC="0"/>
						<SP ID="P39_SP00248" HPOS="284" VPOS="1675" WIDTH="14"/>
						<String ID="P39_ST00284" HPOS="298" VPOS="1639" WIDTH="117" HEIGHT="28" CONTENT="menudo" WC="0.66" CC="007804"/>
						<SP ID="P39_SP00249" HPOS="415" VPOS="1675" WIDTH="16"/>
						<String ID="P39_ST00285" HPOS="431" VPOS="1648" WIDTH="33" HEIGHT="18" CONTENT="no" WC="0.29" CC="67"/>
						<SP ID="P39_SP00250" HPOS="464" VPOS="1675" WIDTH="15"/>
						<String ID="P39_ST00286" HPOS="479" VPOS="1639" WIDTH="90" HEIGHT="27" CONTENT="tienen" WC="0.64" CC="730027"/>
						<SP ID="P39_SP00251" HPOS="569" VPOS="1675" WIDTH="12"/>
						<String ID="P39_ST00287" HPOS="581" VPOS="1643" WIDTH="126" HEIGHT="32" CONTENT="aparente" WC="0.76" CC="50423300"/>
						<SP ID="P39_SP00252" HPOS="707" VPOS="1675" WIDTH="14"/>
						<String ID="P39_ST00288" HPOS="721" VPOS="1638" WIDTH="115" HEIGHT="37" CONTENT="desagüe" WC="0.59" CC="0614087"/>
						<SP ID="P39_SP00253" HPOS="836" VPOS="1675" WIDTH="15"/>
						<String ID="P39_ST00289" HPOS="851" VPOS="1638" WIDTH="118" HEIGHT="27" CONTENT="natural." WC="0.52" CC="89527030"/>
					</TextLine>
				</TextBlock>
				<TextBlock ID="P39_TB00008" HPOS="133" VPOS="1684" WIDTH="1036" HEIGHT="314" STYLEREFS="TXT_0 PAR_LEFT">
					<TextLine ID="P39_TL00031" HPOS="176" VPOS="1684" WIDTH="993" HEIGHT="37">
						<String ID="P39_ST00290" HPOS="176" VPOS="1686" WIDTH="63" HEIGHT="27" CONTENT="Esos" WC="0.29" CC="7973"/>
						<SP ID="P39_SP00254" HPOS="239" VPOS="1713" WIDTH="14"/>
						<String ID="P39_ST00291" HPOS="253" VPOS="1686" WIDTH="116" HEIGHT="27" CONTENT="ramales" WC="0.61" CC="0009079"/>
						<SP ID="P39_SP00255" HPOS="369" VPOS="1713" WIDTH="15"/>
						<String ID="P39_ST00292" HPOS="384" VPOS="1694" WIDTH="28" HEIGHT="18" CONTENT="se" WC="0.32" CC="67"/>
						<SP ID="P39_SP00256" HPOS="412" VPOS="1713" WIDTH="15"/>
						<String ID="P39_ST00293" HPOS="427" VPOS="1685" WIDTH="145" HEIGHT="36" CONTENT="prolongan" WC="0.55" CC="090407908"/>
						<SP ID="P39_SP00257" HPOS="572" VPOS="1721" WIDTH="21"/>
						<String ID="P39_ST00294" HPOS="593" VPOS="1685" WIDTH="24" HEIGHT="26" CONTENT="al" WC="0.38" CC="47"/>
						<SP ID="P39_SP00258" HPOS="617" VPOS="1721" WIDTH="20"/>
						<String ID="P39_ST00295" HPOS="637" VPOS="1684" WIDTH="100" HEIGHT="28" CONTENT="N.N.E." WC="0.90" CC="000050"/>
						<SP ID="P39_SP00259" HPOS="737" VPOS="1721" WIDTH="25"/>
						<String ID="P39_ST00296" HPOS="762" VPOS="1684" WIDTH="30" HEIGHT="27" CONTENT="de" WC="0.70" CC="06"/>
						<SP ID="P39_SP00260" HPOS="792" VPOS="1721" WIDTH="20"/>
						<String ID="P39_ST00297" HPOS="812" VPOS="1684" WIDTH="24" HEIGHT="27" CONTENT="la" WC="0.79" CC="21"/>
						<SP ID="P39_SP00261" HPOS="836" VPOS="1721" WIDTH="15"/>
						<String ID="P39_ST00298" HPOS="851" VPOS="1684" WIDTH="71" HEIGHT="27" CONTENT="loma" WC="0.60" CC="5900"/>
						<SP ID="P39_SP00262" HPOS="922" VPOS="1721" WIDTH="20"/>
						<String ID="P39_ST00299" HPOS="942" VPOS="1684" WIDTH="163" HEIGHT="27" CONTENT="transversal" WC="0.65" CC="00086074450"/>
						<SP ID="P39_SP00263" HPOS="1105" VPOS="1721" WIDTH="14"/>
						<String ID="P39_ST00300" HPOS="1119" VPOS="1693" WIDTH="50" HEIGHT="27" CONTENT="que" WC="0.49" CC="086"/>
					</TextLine>
					<TextLine ID="P39_TL00032" HPOS="135" VPOS="1730" WIDTH="1034" HEIGHT="38">
						<String ID="P39_ST00301" HPOS="135" VPOS="1733" WIDTH="84" HEIGHT="27" CONTENT="existe" WC="0.45" CC="790077"/>
						<SP ID="P39_SP00264" HPOS="219" VPOS="1760" WIDTH="15"/>
						<String ID="P39_ST00302" HPOS="234" VPOS="1737" WIDTH="75" HEIGHT="23" CONTENT="entre" WC="0.20" CC="78778"/>
						<SP ID="P39_SP00265" HPOS="309" VPOS="1760" WIDTH="19"/>
						<String ID="P39_ST00303" HPOS="328" VPOS="1736" WIDTH="94" HEIGHT="32" CONTENT="puerto" WC="0.56" CC="972005"/>
						<SP ID="P39_SP00266" HPOS="422" VPOS="1768" WIDTH="16"/>
						<String ID="P39_ST00304" HPOS="438" VPOS="1730" WIDTH="118" HEIGHT="30" CONTENT="Batáuan" WC="0.71" CC="6050007"/>
						<SP ID="P39_SP00267" HPOS="556" VPOS="1768" WIDTH="15"/>
						<String ID="P39_ST00305" HPOS="571" VPOS="1740" WIDTH="17" HEIGHT="28" CONTENT="y" WC="1.00" CC="0"/>
						<SP ID="P39_SP00268" HPOS="588" VPOS="1768" WIDTH="16"/>
						<String ID="P39_ST00306" HPOS="604" VPOS="1734" WIDTH="83" HEIGHT="34" CONTENT="punta" WC="0.48" CC="91076"/>
						<SP ID="P39_SP00269" HPOS="687" VPOS="1768" WIDTH="16"/>
						<String ID="P39_ST00307" HPOS="703" VPOS="1730" WIDTH="111" HEIGHT="33" CONTENT="Sacaan," WC="0.84" CC="0406000"/>
						<SP ID="P39_SP00270" HPOS="814" VPOS="1768" WIDTH="18"/>
						<String ID="P39_ST00308" HPOS="832" VPOS="1730" WIDTH="195" HEIGHT="28" CONTENT="acentuándose" WC="0.55" CC="276506060547"/>
						<SP ID="P39_SP00271" HPOS="1027" VPOS="1768" WIDTH="15"/>
						<String ID="P39_ST00309" HPOS="1042" VPOS="1731" WIDTH="23" HEIGHT="26" CONTENT="el" WC="0.34" CC="76"/>
						<SP ID="P39_SP00272" HPOS="1065" VPOS="1768" WIDTH="20"/>
						<String ID="P39_ST00310" HPOS="1085" VPOS="1731" WIDTH="84" HEIGHT="26" CONTENT="ramal" WC="0.83" CC="03022"/>
					</TextLine>
					<TextLine ID="P39_TL00033" HPOS="135" VPOS="1777" WIDTH="1034" HEIGHT="37">
						<String ID="P39_ST00311" HPOS="135" VPOS="1779" WIDTH="114" HEIGHT="28" CONTENT="oriental" WC="0.74" CC="00217701"/>
						<SP ID="P39_SP00273" HPOS="249" VPOS="1807" WIDTH="16"/>
						<String ID="P39_ST00312" HPOS="265" VPOS="1778" WIDTH="88" HEIGHT="28" CONTENT="frente" WC="0.68" CC="002771"/>
						<SP ID="P39_SP00274" HPOS="353" VPOS="1807" WIDTH="14"/>
						<String ID="P39_ST00313" HPOS="367" VPOS="1778" WIDTH="14" HEIGHT="27" CONTENT="á" WC="1.00" CC="0"/>
						<SP ID="P39_SP00275" HPOS="381" VPOS="1807" WIDTH="13"/>
						<String ID="P39_ST00314" HPOS="394" VPOS="1777" WIDTH="137" HEIGHT="37" CONTENT="Tabogon," WC="0.70" CC="05710170"/>
						<SP ID="P39_SP00276" HPOS="531" VPOS="1814" WIDTH="21"/>
						<String ID="P39_ST00315" HPOS="552" VPOS="1777" WIDTH="84" HEIGHT="27" CONTENT="donde" WC="0.57" CC="05807"/>
						<SP ID="P39_SP00277" HPOS="636" VPOS="1814" WIDTH="15"/>
						<String ID="P39_ST00316" HPOS="651" VPOS="1777" WIDTH="39" HEIGHT="27" CONTENT="los" WC="0.58" CC="353"/>
						<SP ID="P39_SP00278" HPOS="690" VPOS="1814" WIDTH="11"/>
						<String ID="P39_ST00317" HPOS="701" VPOS="1781" WIDTH="105" HEIGHT="23" CONTENT="montes" WC="0.76" CC="026050"/>
						<SP ID="P39_SP00279" HPOS="806" VPOS="1814" WIDTH="15"/>
						<String ID="P39_ST00318" HPOS="821" VPOS="1777" WIDTH="145" HEIGHT="36" CONTENT="adquieren" WC="0.52" CC="600856068"/>
						<SP ID="P39_SP00280" HPOS="966" VPOS="1814" WIDTH="10"/>
						<String ID="P39_ST00319" HPOS="976" VPOS="1785" WIDTH="94" HEIGHT="28" CONTENT="mayor" WC="0.47" CC="72970"/>
						<SP ID="P39_SP00281" HPOS="1070" VPOS="1814" WIDTH="12"/>
						<String ID="P39_ST00320" HPOS="1082" VPOS="1777" WIDTH="87" HEIGHT="27" CONTENT="altura" WC="0.70" CC="720700"/>
					</TextLine>
					<TextLine ID="P39_TL00034" HPOS="135" VPOS="1822" WIDTH="1034" HEIGHT="41">
						<String ID="P39_ST00321" HPOS="135" VPOS="1835" WIDTH="16" HEIGHT="28" CONTENT="y" WC="1.00" CC="0"/>
						<SP ID="P39_SP00282" HPOS="151" VPOS="1863" WIDTH="15"/>
						<String ID="P39_ST00322" HPOS="166" VPOS="1825" WIDTH="102" HEIGHT="28" CONTENT="formas" WC="0.80" CC="050005"/>
						<SP ID="P39_SP00283" HPOS="268" VPOS="1863" WIDTH="15"/>
						<String ID="P39_ST00323" HPOS="283" VPOS="1826" WIDTH="58" HEIGHT="26" CONTENT="más" WC="0.82" CC="005"/>
						<SP ID="P39_SP00284" HPOS="341" VPOS="1863" WIDTH="15"/>
						<String ID="P39_ST00324" HPOS="356" VPOS="1823" WIDTH="169" HEIGHT="37" CONTENT="escarpadas." WC="0.59" CC="01764049090"/>
						<SP ID="P39_SP00285" HPOS="525" VPOS="1863" WIDTH="17"/>
						<String ID="P39_ST00325" HPOS="542" VPOS="1824" WIDTH="55" HEIGHT="27" CONTENT="Más" WC="0.76" CC="700"/>
						<SP ID="P39_SP00286" HPOS="597" VPOS="1863" WIDTH="14"/>
						<String ID="P39_ST00326" HPOS="611" VPOS="1824" WIDTH="25" HEIGHT="27" CONTENT="al" WC="0.89" CC="02"/>
						<SP ID="P39_SP00287" HPOS="636" VPOS="1863" WIDTH="13"/>
						<String ID="P39_ST00327" HPOS="649" VPOS="1824" WIDTH="44" HEIGHT="32" CONTENT="N.," WC="1.00" CC="000"/>
						<SP ID="P39_SP00288" HPOS="693" VPOS="1863" WIDTH="17"/>
						<String ID="P39_ST00328" HPOS="710" VPOS="1823" WIDTH="25" HEIGHT="27" CONTENT="la" WC="0.72" CC="50"/>
						<SP ID="P39_SP00289" HPOS="735" VPOS="1863" WIDTH="12"/>
						<String ID="P39_ST00329" HPOS="747" VPOS="1832" WIDTH="76" HEIGHT="18" CONTENT="rama" WC="0.77" CC="3500"/>
						<SP ID="P39_SP00290" HPOS="823" VPOS="1863" WIDTH="12"/>
						<String ID="P39_ST00330" HPOS="835" VPOS="1822" WIDTH="147" HEIGHT="28" CONTENT="occidental" WC="0.64" CC="6473006050"/>
						<SP ID="P39_SP00291" HPOS="982" VPOS="1863" WIDTH="11"/>
						<String ID="P39_ST00331" HPOS="993" VPOS="1822" WIDTH="120" HEIGHT="28" CONTENT="ramifica" WC="0.74" CC="24060070"/>
						<SP ID="P39_SP00292" HPOS="1113" VPOS="1863" WIDTH="11"/>
						<String ID="P39_ST00332" HPOS="1124" VPOS="1831" WIDTH="45" HEIGHT="18" CONTENT="sus" WC="0.71" CC="080"/>
					</TextLine>
					<TextLine ID="P39_TL00035" HPOS="136" VPOS="1869" WIDTH="1033" HEIGHT="37">
						<String ID="P39_ST00333" HPOS="136" VPOS="1872" WIDTH="109" HEIGHT="27" CONTENT="últimas" WC="0.45" CC="7664065"/>
						<SP ID="P39_SP00293" HPOS="245" VPOS="1899" WIDTH="15"/>
						<String ID="P39_ST00334" HPOS="260" VPOS="1870" WIDTH="202" HEIGHT="33" CONTENT="estribaciones," WC="0.51" CC="66270762608740"/>
						<SP ID="P39_SP00294" HPOS="462" VPOS="1903" WIDTH="19"/>
						<String ID="P39_ST00335" HPOS="481" VPOS="1870" WIDTH="140" HEIGHT="28" CONTENT="formando" WC="0.77" CC="06000803"/>
						<SP ID="P39_SP00295" HPOS="621" VPOS="1903" WIDTH="15"/>
						<String ID="P39_ST00336" HPOS="636" VPOS="1870" WIDTH="23" HEIGHT="27" CONTENT="el" WC="0.31" CC="67"/>
						<SP ID="P39_SP00296" HPOS="659" VPOS="1903" WIDTH="20"/>
						<String ID="P39_ST00337" HPOS="679" VPOS="1875" WIDTH="91" HEIGHT="22" CONTENT="monte" WC="0.67" CC="00870"/>
						<SP ID="P39_SP00297" HPOS="770" VPOS="1903" WIDTH="18"/>
						<String ID="P39_ST00338" HPOS="788" VPOS="1869" WIDTH="114" HEIGHT="28" CONTENT="llamado" WC="0.72" CC="6000706"/>
						<SP ID="P39_SP00298" HPOS="902" VPOS="1903" WIDTH="19"/>
						<String ID="P39_ST00339" HPOS="921" VPOS="1869" WIDTH="156" HEIGHT="37" CONTENT="Malinguin," WC="0.76" CC="0052105062"/>
						<SP ID="P39_SP00299" HPOS="1077" VPOS="1906" WIDTH="17"/>
						<String ID="P39_ST00340" HPOS="1094" VPOS="1873" WIDTH="75" HEIGHT="24" CONTENT="antes" WC="0.42" CC="48770"/>
					</TextLine>
					<TextLine ID="P39_TL00036" HPOS="134" VPOS="1915" WIDTH="1035" HEIGHT="40">
						<String ID="P39_ST00341" HPOS="134" VPOS="1918" WIDTH="32" HEIGHT="28" CONTENT="de" WC="1.00" CC="00"/>
						<SP ID="P39_SP00300" HPOS="166" VPOS="1946" WIDTH="15"/>
						<String ID="P39_ST00342" HPOS="181" VPOS="1919" WIDTH="84" HEIGHT="36" CONTENT="llegar" WC="0.73" CC="007042"/>
						<SP ID="P39_SP00301" HPOS="265" VPOS="1955" WIDTH="14"/>
						<String ID="P39_ST00343" HPOS="279" VPOS="1918" WIDTH="16" HEIGHT="27" CONTENT="á" WC="1.00" CC="0"/>
						<SP ID="P39_SP00302" HPOS="295" VPOS="1955" WIDTH="13"/>
						<String ID="P39_ST00344" HPOS="308" VPOS="1917" WIDTH="53" HEIGHT="28" CONTENT="San" WC="0.52" CC="707"/>
						<SP ID="P39_SP00303" HPOS="361" VPOS="1955" WIDTH="17"/>
						<String ID="P39_ST00345" HPOS="378" VPOS="1917" WIDTH="132" HEIGHT="36" CONTENT="Bemigio;" WC="0.48" CC="77039650"/>
						<SP ID="P39_SP00304" HPOS="510" VPOS="1955" WIDTH="17"/>
						<String ID="P39_ST00346" HPOS="527" VPOS="1926" WIDTH="16" HEIGHT="27" CONTENT="y" WC="1.00" CC="0"/>
						<SP ID="P39_SP00305" HPOS="543" VPOS="1955" WIDTH="18"/>
						<String ID="P39_ST00347" HPOS="561" VPOS="1916" WIDTH="25" HEIGHT="28" CONTENT="la" WC="0.70" CC="05"/>
						<SP ID="P39_SP00306" HPOS="586" VPOS="1955" WIDTH="18"/>
						<String ID="P39_ST00348" HPOS="604" VPOS="1916" WIDTH="125" HEIGHT="32" CONTENT="oriental," WC="0.75" CC="450060400"/>
						<SP ID="P39_SP00307" HPOS="729" VPOS="1955" WIDTH="26"/>
						<String ID="P39_ST00349" HPOS="755" VPOS="1915" WIDTH="136" HEIGHT="28" CONTENT="torciendo" WC="0.65" CC="800700807"/>
						<SP ID="P39_SP00308" HPOS="891" VPOS="1955" WIDTH="20"/>
						<String ID="P39_ST00350" HPOS="911" VPOS="1915" WIDTH="24" HEIGHT="27" CONTENT="al" WC="0.64" CC="15"/>
						<SP ID="P39_SP00309" HPOS="935" VPOS="1955" WIDTH="22"/>
						<String ID="P39_ST00351" HPOS="957" VPOS="1915" WIDTH="74" HEIGHT="33" CONTENT="N.E.," WC="0.89" CC="00401"/>
						<SP ID="P39_SP00310" HPOS="1031" VPOS="1955" WIDTH="22"/>
						<String ID="P39_ST00352" HPOS="1053" VPOS="1915" WIDTH="116" HEIGHT="27" CONTENT="termina" WC="0.72" CC="4030080"/>
					</TextLine>
					<TextLine ID="P39_TL00037" HPOS="135" VPOS="1960" WIDTH="722" HEIGHT="38">
						<String ID="P39_ST00353" HPOS="135" VPOS="1974" WIDTH="30" HEIGHT="18" CONTENT="en" WC="0.19" CC="78"/>
						<SP ID="P39_SP00311" HPOS="165" VPOS="1992" WIDTH="17"/>
						<String ID="P39_ST00354" HPOS="182" VPOS="1964" WIDTH="39" HEIGHT="28" CONTENT="las" WC="0.38" CC="692"/>
						<SP ID="P39_SP00312" HPOS="221" VPOS="1992" WIDTH="12"/>
						<String ID="P39_ST00355" HPOS="233" VPOS="1963" WIDTH="167" HEIGHT="29" CONTENT="acantiladas" WC="0.72" CC="07050409010"/>
						<SP ID="P39_SP00313" HPOS="400" VPOS="1992" WIDTH="14"/>
						<String ID="P39_ST00356" HPOS="414" VPOS="1966" WIDTH="98" HEIGHT="32" CONTENT="puntas" WC="0.42" CC="068774"/>
						<SP ID="P39_SP00314" HPOS="512" VPOS="1998" WIDTH="15"/>
						<String ID="P39_ST00357" HPOS="527" VPOS="1962" WIDTH="32" HEIGHT="28" CONTENT="de" WC="1.00" CC="00"/>
						<SP ID="P39_SP00315" HPOS="559" VPOS="1998" WIDTH="14"/>
						<String ID="P39_ST00358" HPOS="573" VPOS="1962" WIDTH="94" HEIGHT="28" CONTENT="Nailon" WC="0.72" CC="004128"/>
						<SP ID="P39_SP00316" HPOS="667" VPOS="1998" WIDTH="15"/>
						<String ID="P39_ST00359" HPOS="682" VPOS="1971" WIDTH="16" HEIGHT="27" CONTENT="y" WC="1.00" CC="0"/>
						<SP ID="P39_SP00317" HPOS="698" VPOS="1998" WIDTH="15"/>
						<String ID="P39_ST00360" HPOS="713" VPOS="1960" WIDTH="144" HEIGHT="37" CONTENT="Talínting." WC="0.58" CC="0078070890"/>
					</TextLine>
				</TextBlock>
				<TextBlock ID="P39_TB00009" HPOS="174" VPOS="2006" WIDTH="992" HEIGHT="31" STYLEREFS="TXT_0 PAR_CENTER">
					<TextLine ID="P39_TL00038" HPOS="174" VPOS="2007" WIDTH="992" HEIGHT="30">
						<String ID="P39_ST00361" HPOS="174" VPOS="2011" WIDTH="61" HEIGHT="26" CONTENT="Olro" WC="0.66" CC="6600"/>
						<SP ID="P39_SP00318" HPOS="235" VPOS="2037" WIDTH="15"/>
						<String ID="P39_ST00362" HPOS="250" VPOS="2009" WIDTH="95" HEIGHT="28" CONTENT="ramal." WC="0.68" CC="090800"/>
						<String ID="P39_ST00363" HPOS="350" VPOS="2025" WIDTH="37" HEIGHT="5" CONTENT="—" WC="0.20" CC="8"/>
						<String ID="P39_ST00364" HPOS="389" VPOS="2009" WIDTH="36" HEIGHT="27" CONTENT="De" WC="0.41" CC="56"/>
						<SP ID="P39_SP00319" HPOS="425" VPOS="2037" WIDTH="15"/>
						<String ID="P39_ST00365" HPOS="440" VPOS="2013" WIDTH="56" HEIGHT="23" CONTENT="esta" WC="0.67" CC="0345"/>
						<SP ID="P39_SP00320" HPOS="496" VPOS="2037" WIDTH="17"/>
						<String ID="P39_ST00366" HPOS="513" VPOS="2008" WIDTH="95" HEIGHT="28" CONTENT="última" WC="0.27" CC="778099"/>
						<SP ID="P39_SP00321" HPOS="608" VPOS="2037" WIDTH="16"/>
						<String ID="P39_ST00367" HPOS="624" VPOS="2017" WIDTH="27" HEIGHT="19" CONTENT="se" WC="0.41" CC="56"/>
						<SP ID="P39_SP00322" HPOS="651" VPOS="2037" WIDTH="15"/>
						<String ID="P39_ST00368" HPOS="666" VPOS="2008" WIDTH="125" HEIGHT="28" CONTENT="destacan" WC="0.66" CC="00660048"/>
						<SP ID="P39_SP00323" HPOS="791" VPOS="2037" WIDTH="17"/>
						<String ID="P39_ST00369" HPOS="808" VPOS="2008" WIDTH="117" HEIGHT="27" CONTENT="también" WC="0.30" CC="7977078"/>
						<SP ID="P39_SP00324" HPOS="925" VPOS="2037" WIDTH="16"/>
						<String ID="P39_ST00370" HPOS="941" VPOS="2007" WIDTH="75" HEIGHT="29" CONTENT="hacia" WC="0.45" CC="84760"/>
						<SP ID="P39_SP00325" HPOS="1016" VPOS="2037" WIDTH="15"/>
						<String ID="P39_ST00371" HPOS="1031" VPOS="2008" WIDTH="24" HEIGHT="28" CONTENT="el" WC="0.63" CC="06"/>
						<SP ID="P39_SP00326" HPOS="1055" VPOS="2037" WIDTH="18"/>
						<String ID="P39_ST00372" HPOS="1073" VPOS="2008" WIDTH="27" HEIGHT="27" CONTENT="S." WC="0.46" CC="90"/>
						<SP ID="P39_SP00327" HPOS="1100" VPOS="2037" WIDTH="19"/>
						<String ID="P39_ST00373" HPOS="1119" VPOS="2015" WIDTH="47" HEIGHT="19" CONTENT="una" WC="0.20" CC="887"/>
					</TextLine>
				</TextBlock>
			</PrintSpace>
		</Page>
	</Layout>
</alto>
