<?xml version="1.0" encoding="UTF-8"?>
<alto xmlns:xsi="http://www.w3.org/2001/XMLSchema-instance" xsi:noNamespaceSchemaLocation="http://www.bl.uk/schemas/alto/alto-1-4.xsd" xmlns:xlink="http://www.w3.org/1999/xlink">
	<Description>
		<MeasurementUnit>mm10</MeasurementUnit>
		<sourceImageInformation>
			<fileName>//head1/IN/2008-38/A0012069182/010281.jp2</fileName>
		</sourceImageInformation>
		<OCRProcessing ID="OCRPROCESSING_1">
			<preProcessingStep>
				<processingSoftware>
					<softwareCreator>CCS Content Conversion Specialists GmbH, Germany</softwareCreator>
					<softwareName>CCS docWORKS</softwareName>
					<softwareVersion>6.1-0.67</softwareVersion>
				</processingSoftware>
			</preProcessingStep>
			<ocrProcessingStep>
				<processingSoftware>
					<softwareCreator>ABBYY (BIT Software), Russia</softwareCreator>
					<softwareName>Finereader</softwareName>
				</processingSoftware>
			</ocrProcessingStep>
		</OCRProcessing>
	</Description>
	<Styles>
		<TextStyle ID="TXT_0" FONTSIZE="9" FONTFAMILY="Courier New"/>
		<ParagraphStyle ID="PAR_LEFT" ALIGN="Left"/>
	</Styles>
	<Layout>
		<Page ID="P191" PHYSICAL_IMG_NR="191" HEIGHT="2363" WIDTH="1475" POSITION="Right" ACCURACY="63.19">
			<TopMargin ID="P191_TM00001" HPOS="0" VPOS="0" WIDTH="1474" HEIGHT="196"/>
			<LeftMargin ID="P191_LM00001" HPOS="0" VPOS="196" WIDTH="161" HEIGHT="1818"/>
			<RightMargin ID="P191_RM00001" HPOS="1190" VPOS="196" WIDTH="284" HEIGHT="1818"/>
			<BottomMargin ID="P191_BM00001" HPOS="0" VPOS="2014" WIDTH="1474" HEIGHT="349"/>
			<PrintSpace ID="P191_PS00001" HPOS="161" VPOS="196" WIDTH="1032" HEIGHT="1821">
				<TextBlock ID="P191_TB00001" HPOS="158" VPOS="192" WIDTH="1035" HEIGHT="1825" STYLEREFS="TXT_0 PAR_LEFT">
					<TextLine ID="P191_TL00001" HPOS="659" VPOS="192" WIDTH="80" HEIGHT="21">
						<String ID="P191_ST00001" HPOS="659" VPOS="192" WIDTH="80" HEIGHT="21" CONTENT="ÍNDICE" WC="0.36" CC="676466"/>
					</TextLine>
					<TextLine ID="P191_TL00002" HPOS="1132" VPOS="241" WIDTH="61" HEIGHT="23">
						<String ID="P191_ST00002" HPOS="1132" VPOS="241" WIDTH="61" HEIGHT="23" CONTENT="Págs." WC="0.57" CC="30980"/>
					</TextLine>
					<TextLine ID="P191_TL00003" HPOS="182" VPOS="293" WIDTH="1010" HEIGHT="32">
						<String ID="P191_ST00003" HPOS="182" VPOS="293" WIDTH="113" HEIGHT="24" CONTENT="Carácter" WC="0.82" CC="29100000"/>
						<SP ID="P191_SP00001" HPOS="295" VPOS="317" WIDTH="12"/>
						<String ID="P191_ST00004" HPOS="307" VPOS="293" WIDTH="30" HEIGHT="23" CONTENT="de" WC="0.50" CC="90"/>
						<SP ID="P191_SP00002" HPOS="337" VPOS="317" WIDTH="11"/>
						<String ID="P191_ST00005" HPOS="348" VPOS="294" WIDTH="37" HEIGHT="23" CONTENT="los" WC="0.47" CC="446"/>
						<SP ID="P191_SP00003" HPOS="385" VPOS="317" WIDTH="12"/>
						<String ID="P191_ST00006" HPOS="397" VPOS="295" WIDTH="65" HEIGHT="22" CONTENT="otros" WC="0.53" CC="55433"/>
						<SP ID="P191_SP00004" HPOS="462" VPOS="317" WIDTH="11"/>
						<String ID="P191_ST00007" HPOS="473" VPOS="293" WIDTH="50" HEIGHT="24" CONTENT="ríos" WC="0.72" CC="0244"/>
						<SP ID="P191_SP00005" HPOS="523" VPOS="317" WIDTH="12"/>
						<String ID="P191_ST00008" HPOS="535" VPOS="294" WIDTH="30" HEIGHT="24" CONTENT="de" WC="1.00" CC="00"/>
						<SP ID="P191_SP00006" HPOS="565" VPOS="318" WIDTH="12"/>
						<String ID="P191_ST00009" HPOS="577" VPOS="295" WIDTH="91" HEIGHT="30" CONTENT="primer" WC="0.52" CC="946401"/>
						<SP ID="P191_SP00007" HPOS="668" VPOS="325" WIDTH="14"/>
						<String ID="P191_ST00010" HPOS="682" VPOS="297" WIDTH="75" HEIGHT="23" CONTENT="orden" WC="0.76" CC="21007"/>
						<SP ID="P191_SP00008" HPOS="757" VPOS="325" WIDTH="408"/>
						<String ID="P191_ST00011" HPOS="1165" VPOS="303" WIDTH="27" HEIGHT="21" CONTENT="48" WC="0.26" CC="94"/>
					</TextLine>
					<TextLine ID="P191_TL00004" HPOS="243" VPOS="332" WIDTH="948" HEIGHT="31">
						<String ID="P191_ST00012" HPOS="243" VPOS="333" WIDTH="81" HEIGHT="23" CONTENT="Danao" WC="0.80" CC="10701"/>
						<SP ID="P191_SP00009" HPOS="324" VPOS="356" WIDTH="13"/>
						<String ID="P191_ST00013" HPOS="337" VPOS="339" WIDTH="15" HEIGHT="24" CONTENT="y" WC="1.00" CC="0"/>
						<SP ID="P191_SP00010" HPOS="352" VPOS="363" WIDTH="14"/>
						<String ID="P191_ST00014" HPOS="366" VPOS="340" WIDTH="42" HEIGHT="16" CONTENT="sus" WC="0.47" CC="653"/>
						<SP ID="P191_SP00011" HPOS="408" VPOS="363" WIDTH="12"/>
						<String ID="P191_ST00015" HPOS="420" VPOS="332" WIDTH="118" HEIGHT="24" CONTENT="alluentes" WC="0.64" CC="053567300"/>
						<SP ID="P191_SP00012" HPOS="538" VPOS="363" WIDTH="627"/>
						<String ID="P191_ST00016" HPOS="1165" VPOS="341" WIDTH="26" HEIGHT="21" CONTENT="48" WC="0.19" CC="87"/>
					</TextLine>
					<TextLine ID="P191_TL00005" HPOS="244" VPOS="370" WIDTH="948" HEIGHT="30">
						<String ID="P191_ST00017" HPOS="244" VPOS="370" WIDTH="96" HEIGHT="23" CONTENT="Pandan" WC="0.42" CC="097907"/>
						<SP ID="P191_SP00013" HPOS="340" VPOS="393" WIDTH="13"/>
						<String ID="P191_ST00018" HPOS="353" VPOS="377" WIDTH="17" HEIGHT="23" CONTENT="y" WC="1.00" CC="0"/>
						<SP ID="P191_SP00014" HPOS="370" VPOS="400" WIDTH="11"/>
						<String ID="P191_ST00019" HPOS="381" VPOS="377" WIDTH="43" HEIGHT="16" CONTENT="sus" WC="0.73" CC="700"/>
						<SP ID="P191_SP00015" HPOS="424" VPOS="400" WIDTH="11"/>
						<String ID="P191_ST00020" HPOS="435" VPOS="370" WIDTH="118" HEIGHT="25" CONTENT="afluentes" WC="0.59" CC="066608403"/>
						<SP ID="P191_SP00016" HPOS="553" VPOS="400" WIDTH="93"/>
						<String ID="P191_ST00021" HPOS="646" VPOS="390" WIDTH="10" HEIGHT="6" CONTENT="»" WC="0.32" CC="6"/>
						<SP ID="P191_SP00017" HPOS="656" VPOS="400" WIDTH="509"/>
						<String ID="P191_ST00022" HPOS="1165" VPOS="378" WIDTH="27" HEIGHT="22" CONTENT="49" WC="0.07" CC="98"/>
					</TextLine>
					<TextLine ID="P191_TL00006" HPOS="243" VPOS="408" WIDTH="948" HEIGHT="32">
						<String ID="P191_ST00023" HPOS="243" VPOS="408" WIDTH="89" HEIGHT="30" CONTENT="Alpacó" WC="0.62" CC="070806"/>
						<SP ID="P191_SP00018" HPOS="332" VPOS="438" WIDTH="9"/>
						<String ID="P191_ST00024" HPOS="341" VPOS="416" WIDTH="16" HEIGHT="24" CONTENT="y" WC="1.00" CC="0"/>
						<SP ID="P191_SP00019" HPOS="357" VPOS="440" WIDTH="13"/>
						<String ID="P191_ST00025" HPOS="370" VPOS="408" WIDTH="137" HEIGHT="30" CONTENT="Cabiangon" WC="0.50" CC="937807017"/>
						<SP ID="P191_SP00020" HPOS="507" VPOS="440" WIDTH="12"/>
						<String ID="P191_ST00026" HPOS="519" VPOS="416" WIDTH="44" HEIGHT="17" CONTENT="con" WC="0.45" CC="537"/>
						<SP ID="P191_SP00021" HPOS="563" VPOS="440" WIDTH="14"/>
						<String ID="P191_ST00027" HPOS="577" VPOS="417" WIDTH="42" HEIGHT="17" CONTENT="sus" WC="0.33" CC="667"/>
						<SP ID="P191_SP00022" HPOS="619" VPOS="440" WIDTH="13"/>
						<String ID="P191_ST00028" HPOS="632" VPOS="410" WIDTH="144" HEIGHT="26" CONTENT="tributarios" WC="0.62" CC="00596202526"/>
						<SP ID="P191_SP00023" HPOS="776" VPOS="440" WIDTH="388"/>
						<String ID="P191_ST00029" HPOS="1164" VPOS="418" WIDTH="27" HEIGHT="21" CONTENT="50" WC="0.47" CC="73"/>
					</TextLine>
					<TextLine ID="P191_TL00007" HPOS="243" VPOS="446" WIDTH="947" HEIGHT="31">
						<String ID="P191_ST00030" HPOS="243" VPOS="446" WIDTH="92" HEIGHT="30" CONTENT="Minaga" WC="0.64" CC="077303"/>
						<SP ID="P191_SP00024" HPOS="335" VPOS="476" WIDTH="14"/>
						<String ID="P191_ST00031" HPOS="349" VPOS="453" WIDTH="17" HEIGHT="24" CONTENT="y" WC="1.00" CC="0"/>
						<SP ID="P191_SP00025" HPOS="366" VPOS="477" WIDTH="13"/>
						<String ID="P191_ST00032" HPOS="379" VPOS="454" WIDTH="42" HEIGHT="16" CONTENT="sus" WC="0.61" CC="533"/>
						<SP ID="P191_SP00026" HPOS="421" VPOS="477" WIDTH="11"/>
						<String ID="P191_ST00033" HPOS="432" VPOS="446" WIDTH="119" HEIGHT="24" CONTENT="afluentes" WC="0.79" CC="000607004"/>
						<SP ID="P191_SP00027" HPOS="551" VPOS="477" WIDTH="612"/>
						<String ID="P191_ST00034" HPOS="1163" VPOS="456" WIDTH="27" HEIGHT="21" CONTENT="52" WC="0.16" CC="97"/>
					</TextLine>
					<TextLine ID="P191_TL00008" HPOS="243" VPOS="485" WIDTH="947" HEIGHT="30">
						<String ID="P191_ST00035" HPOS="243" VPOS="485" WIDTH="126" HEIGHT="23" CONTENT="Carear.—" WC="0.77" CC="50009300"/>
						<String ID="P191_ST00036" HPOS="373" VPOS="485" WIDTH="145" HEIGHT="29" CONTENT="Jilóctug.—" WC="0.61" CC="2616407900"/>
						<String ID="P191_ST00037" HPOS="520" VPOS="486" WIDTH="152" HEIGHT="29" CONTENT="Aluguinsan" WC="0.63" CC="0200616386"/>
						<SP ID="P191_SP00028" HPOS="672" VPOS="515" WIDTH="490"/>
						<String ID="P191_ST00038" HPOS="1162" VPOS="493" WIDTH="28" HEIGHT="20" CONTENT="53" WC="0.63" CC="70"/>
					</TextLine>
					<TextLine ID="P191_TL00009" HPOS="243" VPOS="524" WIDTH="948" HEIGHT="32">
						<String ID="P191_ST00039" HPOS="243" VPOS="524" WIDTH="159" HEIGHT="28" CONTENT="Inayagan.—" WC="0.70" CC="5690000700"/>
						<String ID="P191_ST00040" HPOS="406" VPOS="524" WIDTH="99" HEIGHT="22" CONTENT="Catmon" WC="0.76" CC="420007"/>
						<SP ID="P191_SP00029" HPOS="505" VPOS="552" WIDTH="12"/>
						<String ID="P191_ST00041" HPOS="517" VPOS="531" WIDTH="16" HEIGHT="23" CONTENT="y" WC="1.00" CC="0"/>
						<SP ID="P191_SP00030" HPOS="533" VPOS="554" WIDTH="13"/>
						<String ID="P191_ST00042" HPOS="546" VPOS="525" WIDTH="84" HEIGHT="22" CONTENT="Bao.—" WC="0.72" CC="50008"/>
						<String ID="P191_ST00043" HPOS="635" VPOS="527" WIDTH="173" HEIGHT="29" CONTENT="Languyon.—" WC="0.64" CC="4760306700"/>
						<SP ID="P191_SP00031" HPOS="808" VPOS="556" WIDTH="9"/>
						<String ID="P191_ST00044" HPOS="817" VPOS="526" WIDTH="153" HEIGHT="25" CONTENT="Guinabasan" WC="0.61" CC="4035060557"/>
						<SP ID="P191_SP00032" HPOS="970" VPOS="556" WIDTH="193"/>
						<String ID="P191_ST00045" HPOS="1163" VPOS="532" WIDTH="28" HEIGHT="20" CONTENT="54" WC="0.74" CC="50"/>
					</TextLine>
					<TextLine ID="P191_TL00010" HPOS="182" VPOS="561" WIDTH="1008" HEIGHT="30">
						<String ID="P191_ST00046" HPOS="182" VPOS="561" WIDTH="57" HEIGHT="24" CONTENT="Ríos" WC="0.40" CC="8627"/>
						<SP ID="P191_SP00033" HPOS="239" VPOS="585" WIDTH="12"/>
						<String ID="P191_ST00047" HPOS="251" VPOS="561" WIDTH="30" HEIGHT="24" CONTENT="de" WC="1.00" CC="00"/>
						<SP ID="P191_SP00034" HPOS="281" VPOS="585" WIDTH="15"/>
						<String ID="P191_ST00048" HPOS="296" VPOS="562" WIDTH="107" HEIGHT="29" CONTENT="segundo" WC="0.63" CC="4507701"/>
						<SP ID="P191_SP00035" HPOS="403" VPOS="591" WIDTH="13"/>
						<String ID="P191_ST00049" HPOS="416" VPOS="562" WIDTH="84" HEIGHT="23" CONTENT="orden:" WC="0.75" CC="000373"/>
						<SP ID="P191_SP00036" HPOS="500" VPOS="591" WIDTH="16"/>
						<String ID="P191_ST00050" HPOS="516" VPOS="564" WIDTH="32" HEIGHT="21" CONTENT="En" WC="0.16" CC="96"/>
						<SP ID="P191_SP00037" HPOS="548" VPOS="591" WIDTH="13"/>
						<String ID="P191_ST00051" HPOS="561" VPOS="563" WIDTH="23" HEIGHT="22" CONTENT="la" WC="0.78" CC="04"/>
						<SP ID="P191_SP00038" HPOS="584" VPOS="591" WIDTH="12"/>
						<String ID="P191_ST00052" HPOS="596" VPOS="565" WIDTH="66" HEIGHT="21" CONTENT="costa" WC="0.96" CC="00020"/>
						<SP ID="P191_SP00039" HPOS="662" VPOS="591" WIDTH="13"/>
						<String ID="P191_ST00053" HPOS="675" VPOS="563" WIDTH="103" HEIGHT="24" CONTENT="oriental" WC="0.74" CC="20205504"/>
						<SP ID="P191_SP00040" HPOS="778" VPOS="591" WIDTH="385"/>
						<String ID="P191_ST00054" HPOS="1163" VPOS="570" WIDTH="27" HEIGHT="20" CONTENT="55" WC="0.35" CC="75"/>
					</TextLine>
					<TextLine ID="P191_TL00011" HPOS="521" VPOS="601" WIDTH="668" HEIGHT="27">
						<String ID="P191_ST00055" HPOS="521" VPOS="602" WIDTH="32" HEIGHT="22" CONTENT="En" WC="0.42" CC="46"/>
						<SP ID="P191_SP00041" HPOS="553" VPOS="624" WIDTH="13"/>
						<String ID="P191_ST00056" HPOS="566" VPOS="601" WIDTH="23" HEIGHT="23" CONTENT="la" WC="0.71" CC="23"/>
						<SP ID="P191_SP00042" HPOS="589" VPOS="624" WIDTH="12"/>
						<String ID="P191_ST00057" HPOS="601" VPOS="603" WIDTH="67" HEIGHT="22" CONTENT="costa" WC="0.95" CC="02000"/>
						<SP ID="P191_SP00043" HPOS="668" VPOS="625" WIDTH="11"/>
						<String ID="P191_ST00058" HPOS="679" VPOS="601" WIDTH="135" HEIGHT="25" CONTENT="occidental" WC="0.69" CC="7005005605"/>
						<SP ID="P191_SP00044" HPOS="814" VPOS="626" WIDTH="348"/>
						<String ID="P191_ST00059" HPOS="1162" VPOS="607" WIDTH="27" HEIGHT="21" CONTENT="60" WC="0.58" CC="70"/>
					</TextLine>
					<TextLine ID="P191_TL00012" HPOS="607" VPOS="664" WIDTH="168" HEIGHT="29">
						<String ID="P191_ST00060" HPOS="607" VPOS="664" WIDTH="83" HEIGHT="29" CONTENT="Región" WC="0.56" CC="375009"/>
						<SP ID="P191_SP00045" HPOS="690" VPOS="693" WIDTH="13"/>
						<String ID="P191_ST00061" HPOS="703" VPOS="668" WIDTH="72" HEIGHT="20" CONTENT="norte." WC="0.61" CC="435720"/>
					</TextLine>
					<TextLine ID="P191_TL00013" HPOS="180" VPOS="723" WIDTH="934" HEIGHT="35">
						<String ID="P191_ST00062" HPOS="180" VPOS="724" WIDTH="112" HEIGHT="23" CONTENT="Carácter" WC="0.60" CC="49194000"/>
						<SP ID="P191_SP00046" HPOS="292" VPOS="747" WIDTH="12"/>
						<String ID="P191_ST00063" HPOS="304" VPOS="724" WIDTH="136" HEIGHT="27" CONTENT="general.—" WC="0.63" CC="487610500"/>
						<String ID="P191_ST00064" HPOS="444" VPOS="723" WIDTH="57" HEIGHT="24" CONTENT="Ríos" WC="0.61" CC="6305"/>
						<SP ID="P191_SP00047" HPOS="501" VPOS="751" WIDTH="12"/>
						<String ID="P191_ST00065" HPOS="513" VPOS="724" WIDTH="30" HEIGHT="23" CONTENT="de" WC="1.00" CC="00"/>
						<SP ID="P191_SP00048" HPOS="543" VPOS="751" WIDTH="12"/>
						<String ID="P191_ST00066" HPOS="555" VPOS="724" WIDTH="91" HEIGHT="30" CONTENT="primer" WC="0.71" CC="025602"/>
						<SP ID="P191_SP00049" HPOS="646" VPOS="754" WIDTH="11"/>
						<String ID="P191_ST00067" HPOS="657" VPOS="725" WIDTH="77" HEIGHT="24" CONTENT="orden" WC="0.78" CC="12007"/>
						<SP ID="P191_SP00050" HPOS="734" VPOS="754" WIDTH="16"/>
						<String ID="P191_ST00068" HPOS="750" VPOS="733" WIDTH="30" HEIGHT="16" CONTENT="en" WC="0.62" CC="07"/>
						<SP ID="P191_SP00051" HPOS="780" VPOS="754" WIDTH="13"/>
						<String ID="P191_ST00069" HPOS="793" VPOS="727" WIDTH="22" HEIGHT="23" CONTENT="la" WC="0.81" CC="30"/>
						<SP ID="P191_SP00052" HPOS="815" VPOS="754" WIDTH="17"/>
						<String ID="P191_ST00070" HPOS="832" VPOS="734" WIDTH="59" HEIGHT="17" CONTENT="zona" WC="0.77" CC="1070"/>
						<SP ID="P191_SP00053" HPOS="891" VPOS="754" WIDTH="16"/>
						<String ID="P191_ST00071" HPOS="907" VPOS="728" WIDTH="40" HEIGHT="23" CONTENT="del" WC="1.00" CC="000"/>
						<SP ID="P191_SP00054" HPOS="947" VPOS="754" WIDTH="17"/>
						<String ID="P191_ST00072" HPOS="964" VPOS="728" WIDTH="104" HEIGHT="30" CONTENT="paralelo" WC="0.87" CC="00000073"/>
						<SP ID="P191_SP00055" HPOS="1068" VPOS="758" WIDTH="16"/>
						<String ID="P191_ST00073" HPOS="1084" VPOS="728" WIDTH="30" HEIGHT="24" CONTENT="de" WC="1.00" CC="00"/>
					</TextLine>
					<TextLine ID="P191_TL00014" HPOS="271" VPOS="762" WIDTH="914" HEIGHT="31">
						<String ID="P191_ST00074" HPOS="271" VPOS="762" WIDTH="119" HEIGHT="30" CONTENT="Tabogon:" WC="0.74" CC="13610411"/>
						<SP ID="P191_SP00056" HPOS="390" VPOS="792" WIDTH="15"/>
						<String ID="P191_ST00075" HPOS="405" VPOS="762" WIDTH="137" HEIGHT="23" CONTENT="ücáuan.—" WC="0.50" CC="45554608"/>
						<String ID="P191_ST00076" HPOS="546" VPOS="762" WIDTH="148" HEIGHT="31" CONTENT="Tabogon.—" WC="0.57" CC="007293608"/>
						<String ID="P191_ST00077" HPOS="697" VPOS="765" WIDTH="74" HEIGHT="23" CONTENT="Búlac" WC="0.37" CC="97444"/>
						<SP ID="P191_SP00057" HPOS="771" VPOS="793" WIDTH="388"/>
						<String ID="P191_ST00078" HPOS="1159" VPOS="770" WIDTH="26" HEIGHT="22" CONTENT="62" WC="0.45" CC="28"/>
					</TextLine>
					<TextLine ID="P191_TL00015" HPOS="403" VPOS="801" WIDTH="783" HEIGHT="30">
						<String ID="P191_ST00079" HPOS="403" VPOS="802" WIDTH="146" HEIGHT="28" CONTENT="Bosogon.—" WC="0.87" CC="003000700"/>
						<String ID="P191_ST00080" HPOS="552" VPOS="801" WIDTH="140" HEIGHT="30" CONTENT="Guidacpan" WC="0.52" CC="723412937"/>
						<SP ID="P191_SP00058" HPOS="692" VPOS="831" WIDTH="467"/>
						<String ID="P191_ST00081" HPOS="1159" VPOS="808" WIDTH="27" HEIGHT="20" CONTENT="03" WC="0.61" CC="70"/>
					</TextLine>
					<TextLine ID="P191_TL00016" HPOS="239" VPOS="839" WIDTH="947" HEIGHT="33">
						<String ID="P191_ST00082" HPOS="239" VPOS="841" WIDTH="33" HEIGHT="20" CONTENT="En" WC="0.63" CC="07"/>
						<SP ID="P191_SP00059" HPOS="272" VPOS="861" WIDTH="14"/>
						<String ID="P191_ST00083" HPOS="286" VPOS="839" WIDTH="23" HEIGHT="23" CONTENT="la" WC="1.00" CC="00"/>
						<SP ID="P191_SP00060" HPOS="309" VPOS="862" WIDTH="11"/>
						<String ID="P191_ST00084" HPOS="320" VPOS="839" WIDTH="130" HEIGHT="30" CONTENT="península" WC="0.62" CC="006065509"/>
						<SP ID="P191_SP00061" HPOS="450" VPOS="869" WIDTH="11"/>
						<String ID="P191_ST00085" HPOS="461" VPOS="839" WIDTH="41" HEIGHT="23" CONTENT="del" WC="0.90" CC="003"/>
						<SP ID="P191_SP00062" HPOS="502" VPOS="869" WIDTH="12"/>
						<String ID="P191_ST00086" HPOS="514" VPOS="841" WIDTH="77" HEIGHT="22" CONTENT="norte:" WC="0.77" CC="700103"/>
						<SP ID="P191_SP00063" HPOS="591" VPOS="869" WIDTH="13"/>
						<String ID="P191_ST00087" HPOS="604" VPOS="840" WIDTH="163" HEIGHT="31" CONTENT="Guinjarapan" WC="0.64" CC="64750630005"/>
						<SP ID="P191_SP00064" HPOS="767" VPOS="871" WIDTH="43"/>
						<String ID="P191_ST00088" HPOS="810" VPOS="844" WIDTH="178" HEIGHT="28" CONTENT="Dangusungan" WC="0.31" CC="13786677997"/>
						<SP ID="P191_SP00065" HPOS="988" VPOS="872" WIDTH="171"/>
						<String ID="P191_ST00089" HPOS="1159" VPOS="847" WIDTH="27" HEIGHT="19" CONTENT="63" WC="0.61" CC="70"/>
					</TextLine>
					<TextLine ID="P191_TL00017" HPOS="239" VPOS="878" WIDTH="947" HEIGHT="30">
						<String ID="P191_ST00090" HPOS="239" VPOS="879" WIDTH="97" HEIGHT="21" CONTENT="Esteros" WC="0.73" CC="6001026"/>
						<SP ID="P191_SP00066" HPOS="336" VPOS="900" WIDTH="12"/>
						<String ID="P191_ST00091" HPOS="348" VPOS="878" WIDTH="40" HEIGHT="22" CONTENT="del" WC="0.52" CC="904"/>
						<SP ID="P191_SP00067" HPOS="388" VPOS="900" WIDTH="12"/>
						<String ID="P191_ST00092" HPOS="400" VPOS="878" WIDTH="69" HEIGHT="22" CONTENT="canal" WC="0.98" CC="00000"/>
						<SP ID="P191_SP00068" HPOS="469" VPOS="900" WIDTH="11"/>
						<String ID="P191_ST00093" HPOS="480" VPOS="878" WIDTH="31" HEIGHT="22" CONTENT="de" WC="0.68" CC="06"/>
						<SP ID="P191_SP00069" HPOS="511" VPOS="900" WIDTH="12"/>
						<String ID="P191_ST00094" HPOS="523" VPOS="878" WIDTH="114" HEIGHT="30" CONTENT="Daijagón" WC="0.88" CC="00300006"/>
						<SP ID="P191_SP00070" HPOS="637" VPOS="908" WIDTH="522"/>
						<String ID="P191_ST00095" HPOS="1159" VPOS="885" WIDTH="27" HEIGHT="21" CONTENT="C4" WC="0.20" CC="78"/>
					</TextLine>
					<TextLine ID="P191_TL00018" HPOS="178" VPOS="916" WIDTH="1007" HEIGHT="29">
						<String ID="P191_ST00096" HPOS="178" VPOS="916" WIDTH="55" HEIGHT="23" CONTENT="Ríos" WC="0.33" CC="7656"/>
						<SP ID="P191_SP00071" HPOS="233" VPOS="939" WIDTH="14"/>
						<String ID="P191_ST00097" HPOS="247" VPOS="916" WIDTH="29" HEIGHT="22" CONTENT="de" WC="0.66" CC="06"/>
						<SP ID="P191_SP00072" HPOS="276" VPOS="939" WIDTH="13"/>
						<String ID="P191_ST00098" HPOS="289" VPOS="916" WIDTH="109" HEIGHT="29" CONTENT="segundo" WC="0.38" CC="1694784"/>
						<SP ID="P191_SP00073" HPOS="398" VPOS="945" WIDTH="12"/>
						<String ID="P191_ST00099" HPOS="410" VPOS="916" WIDTH="75" HEIGHT="23" CONTENT="orden" WC="0.71" CC="21027"/>
						<SP ID="P191_SP00074" HPOS="485" VPOS="945" WIDTH="249"/>
						<String ID="P191_ST00100" HPOS="734" VPOS="936" WIDTH="5" HEIGHT="5" CONTENT="," WC="1.00" CC="0"/>
						<SP ID="P191_SP00075" HPOS="739" VPOS="945" WIDTH="418"/>
						<String ID="P191_ST00101" HPOS="1157" VPOS="922" WIDTH="28" HEIGHT="21" CONTENT="Gi" WC="0.14" CC="88"/>
					</TextLine>
					<TextLine ID="P191_TL00019" HPOS="178" VPOS="955" WIDTH="1007" HEIGHT="33">
						<String ID="P191_ST00102" HPOS="178" VPOS="955" WIDTH="54" HEIGHT="22" CONTENT="Ríos" WC="0.28" CC="7777"/>
						<SP ID="P191_SP00076" HPOS="232" VPOS="977" WIDTH="11"/>
						<String ID="P191_ST00103" HPOS="243" VPOS="955" WIDTH="31" HEIGHT="22" CONTENT="de" WC="1.00" CC="00"/>
						<SP ID="P191_SP00077" HPOS="274" VPOS="977" WIDTH="10"/>
						<String ID="P191_ST00104" HPOS="284" VPOS="955" WIDTH="92" HEIGHT="28" CONTENT="primer" WC="0.71" CC="800043"/>
						<SP ID="P191_SP00078" HPOS="376" VPOS="983" WIDTH="10"/>
						<String ID="P191_ST00105" HPOS="386" VPOS="955" WIDTH="75" HEIGHT="22" CONTENT="orden" WC="0.70" CC="20057"/>
						<SP ID="P191_SP00079" HPOS="461" VPOS="983" WIDTH="12"/>
						<String ID="P191_ST00106" HPOS="473" VPOS="961" WIDTH="29" HEIGHT="16" CONTENT="en" WC="0.62" CC="07"/>
						<SP ID="P191_SP00080" HPOS="502" VPOS="983" WIDTH="12"/>
						<String ID="P191_ST00107" HPOS="514" VPOS="955" WIDTH="23" HEIGHT="22" CONTENT="la" WC="0.90" CC="01"/>
						<SP ID="P191_SP00081" HPOS="537" VPOS="983" WIDTH="12"/>
						<String ID="P191_ST00108" HPOS="549" VPOS="957" WIDTH="67" HEIGHT="21" CONTENT="costa" WC="0.80" CC="05300"/>
						<SP ID="P191_SP00082" HPOS="616" VPOS="983" WIDTH="13"/>
						<String ID="P191_ST00109" HPOS="629" VPOS="956" WIDTH="142" HEIGHT="23" CONTENT="occidental:" WC="0.63" CC="55350090063"/>
						<SP ID="P191_SP00083" HPOS="771" VPOS="983" WIDTH="14"/>
						<String ID="P191_ST00110" HPOS="785" VPOS="957" WIDTH="79" HEIGHT="24" CONTENT="Canda" WC="0.78" CC="30700"/>
						<String ID="P191_ST00111" HPOS="868" VPOS="964" WIDTH="28" HEIGHT="24" CONTENT="ga" WC="1.00" CC="00"/>
						<SP ID="P191_SP00084" HPOS="896" VPOS="988" WIDTH="262"/>
						<String ID="P191_ST00112" HPOS="1158" VPOS="960" WIDTH="27" HEIGHT="21" CONTENT="65" WC="0.12" CC="79"/>
					</TextLine>
					<TextLine ID="P191_TL00020" HPOS="237" VPOS="993" WIDTH="948" HEIGHT="30">
						<String ID="P191_ST00113" HPOS="237" VPOS="993" WIDTH="179" HEIGHT="24" CONTENT="Lambusan.—" WC="0.50" CC="9593526700"/>
						<String ID="P191_ST00114" HPOS="419" VPOS="993" WIDTH="128" HEIGHT="23" CONTENT="Bántad.—" WC="0.74" CC="08740000"/>
						<String ID="P191_ST00115" HPOS="553" VPOS="993" WIDTH="192" HEIGHT="30" CONTENT="Quinauajan.—" WC="0.58" CC="465733505800"/>
						<String ID="P191_ST00116" HPOS="749" VPOS="996" WIDTH="96" HEIGHT="23" CONTENT="Maraat." WC="0.78" CC="7040030"/>
						<String ID="P191_ST00117" HPOS="848" VPOS="1009" WIDTH="30" HEIGHT="4" CONTENT="—" WC="0.20" CC="8"/>
						<String ID="P191_ST00118" HPOS="878" VPOS="997" WIDTH="61" HEIGHT="24" CONTENT="Suso" WC="0.70" CC="0605"/>
						<SP ID="P191_SP00085" HPOS="939" VPOS="1023" WIDTH="219"/>
						<String ID="P191_ST00119" HPOS="1158" VPOS="999" WIDTH="27" HEIGHT="20" CONTENT="66" WC="0.61" CC="07"/>
					</TextLine>
					<TextLine ID="P191_TL00021" HPOS="618" VPOS="1055" WIDTH="142" HEIGHT="30">
						<String ID="P191_ST00120" HPOS="618" VPOS="1055" WIDTH="82" HEIGHT="30" CONTENT="Región" WC="0.74" CC="615100"/>
						<SP ID="P191_SP00086" HPOS="700" VPOS="1085" WIDTH="11"/>
						<String ID="P191_ST00121" HPOS="711" VPOS="1062" WIDTH="49" HEIGHT="17" CONTENT="sur." WC="0.58" CC="7350"/>
					</TextLine>
					<TextLine ID="P191_TL00022" HPOS="172" VPOS="1115" WIDTH="1013" HEIGHT="32">
						<String ID="P191_ST00122" HPOS="172" VPOS="1116" WIDTH="115" HEIGHT="24" CONTENT="Carácter" WC="0.65" CC="30576040"/>
						<SP ID="P191_SP00087" HPOS="287" VPOS="1140" WIDTH="11"/>
						<String ID="P191_ST00123" HPOS="298" VPOS="1115" WIDTH="138" HEIGHT="31" CONTENT="general.—" WC="0.66" CC="957050100"/>
						<String ID="P191_ST00124" HPOS="440" VPOS="1116" WIDTH="56" HEIGHT="23" CONTENT="Ríos" WC="0.76" CC="4202"/>
						<SP ID="P191_SP00088" HPOS="496" VPOS="1146" WIDTH="12"/>
						<String ID="P191_ST00125" HPOS="508" VPOS="1116" WIDTH="30" HEIGHT="23" CONTENT="de" WC="1.00" CC="00"/>
						<SP ID="P191_SP00089" HPOS="538" VPOS="1146" WIDTH="11"/>
						<String ID="P191_ST00126" HPOS="549" VPOS="1115" WIDTH="89" HEIGHT="31" CONTENT="primer" WC="0.60" CC="730074"/>
						<SP ID="P191_SP00090" HPOS="638" VPOS="1146" WIDTH="14"/>
						<String ID="P191_ST00127" HPOS="652" VPOS="1117" WIDTH="84" HEIGHT="22" CONTENT="orden:" WC="0.81" CC="030070"/>
						<SP ID="P191_SP00091" HPOS="736" VPOS="1146" WIDTH="14"/>
						<String ID="P191_ST00128" HPOS="750" VPOS="1118" WIDTH="75" HEIGHT="29" CONTENT="Argao" WC="0.86" CC="06000"/>
						<SP ID="P191_SP00092" HPOS="825" VPOS="1147" WIDTH="334"/>
						<String ID="P191_ST00129" HPOS="1159" VPOS="1119" WIDTH="26" HEIGHT="22" CONTENT="66" WC="0.66" CC="60"/>
					</TextLine>
					<TextLine ID="P191_TL00023" HPOS="233" VPOS="1154" WIDTH="952" HEIGHT="30">
						<String ID="P191_ST00130" HPOS="233" VPOS="1155" WIDTH="169" HEIGHT="29" CONTENT="Dalaguete.—" WC="0.66" CC="70199430000"/>
						<String ID="P191_ST00131" HPOS="405" VPOS="1154" WIDTH="176" HEIGHT="30" CONTENT="Dumánjuc—" WC="0.49" CC="066970580"/>
						<String ID="P191_ST00132" HPOS="585" VPOS="1154" WIDTH="129" HEIGHT="23" CONTENT="Badián.—" WC="0.61" CC="60808700"/>
						<String ID="P191_ST00133" HPOS="718" VPOS="1155" WIDTH="88" HEIGHT="23" CONTENT="Butlon" WC="0.56" CC="173247"/>
						<SP ID="P191_SP00093" HPOS="806" VPOS="1184" WIDTH="352"/>
						<String ID="P191_ST00134" HPOS="1158" VPOS="1159" WIDTH="27" HEIGHT="20" CONTENT="68" WC="0.23" CC="77"/>
					</TextLine>
					<TextLine ID="P191_TL00024" HPOS="233" VPOS="1193" WIDTH="951" HEIGHT="31">
						<String ID="P191_ST00135" HPOS="233" VPOS="1193" WIDTH="98" HEIGHT="23" CONTENT="Símala." WC="0.73" CC="0800450"/>
						<String ID="P191_ST00136" HPOS="335" VPOS="1207" WIDTH="28" HEIGHT="3" CONTENT="—" WC="0.20" CC="8"/>
						<String ID="P191_ST00137" HPOS="365" VPOS="1193" WIDTH="112" HEIGHT="29" CONTENT="Sibonga." WC="0.54" CC="47627900"/>
						<String ID="P191_ST00138" HPOS="480" VPOS="1206" WIDTH="30" HEIGHT="3" CONTENT="—" WC="0.20" CC="8"/>
						<String ID="P191_ST00139" HPOS="513" VPOS="1193" WIDTH="146" HEIGHT="23" CONTENT="Lamuño.—" WC="0.76" CC="06056000"/>
						<String ID="P191_ST00140" HPOS="664" VPOS="1193" WIDTH="181" HEIGHT="31" CONTENT="Malabuyoc—" WC="0.69" CC="0070067080"/>
						<String ID="P191_ST00141" HPOS="850" VPOS="1194" WIDTH="131" HEIGHT="24" CONTENT="Matutínao" WC="0.31" CC="950976795"/>
						<SP ID="P191_SP00094" HPOS="981" VPOS="1224" WIDTH="176"/>
						<String ID="P191_ST00142" HPOS="1157" VPOS="1197" WIDTH="27" HEIGHT="19" CONTENT="69" WC="0.28" CC="67"/>
					</TextLine>
					<TextLine ID="P191_TL00025" HPOS="234" VPOS="1231" WIDTH="870" HEIGHT="30">
						<String ID="P191_ST00143" HPOS="234" VPOS="1231" WIDTH="103" HEIGHT="30" CONTENT="Alegría." WC="0.87" CC="02000150"/>
						<String ID="P191_ST00144" HPOS="342" VPOS="1246" WIDTH="26" HEIGHT="2" CONTENT="—" WC="0.20" CC="8"/>
						<String ID="P191_ST00145" HPOS="371" VPOS="1231" WIDTH="124" HEIGHT="23" CONTENT="Jinatilán." WC="0.63" CC="8360560060"/>
						<String ID="P191_ST00146" HPOS="498" VPOS="1243" WIDTH="30" HEIGHT="5" CONTENT="—" WC="0.20" CC="8"/>
						<String ID="P191_ST00147" HPOS="530" VPOS="1231" WIDTH="132" HEIGHT="24" CONTENT="Sambuán." WC="0.52" CC="00974970"/>
						<String ID="P191_ST00148" HPOS="665" VPOS="1245" WIDTH="30" HEIGHT="4" CONTENT="—" WC="0.20" CC="8"/>
						<String ID="P191_ST00149" HPOS="700" VPOS="1233" WIDTH="133" HEIGHT="28" CONTENT="Laguason." WC="0.68" CC="309601070"/>
						<String ID="P191_ST00150" HPOS="838" VPOS="1246" WIDTH="26" HEIGHT="3" CONTENT="—" WC="0.20" CC="8"/>
						<String ID="P191_ST00151" HPOS="867" VPOS="1232" WIDTH="126" HEIGHT="24" CONTENT="Balbulan." WC="0.64" CC="004604870"/>
						<SP ID="P191_SP00095" HPOS="993" VPOS="1261" WIDTH="8"/>
						<String ID="P191_ST00152" HPOS="1001" VPOS="1247" WIDTH="26" HEIGHT="3" CONTENT="—" WC="0.20" CC="8"/>
						<String ID="P191_ST00153" HPOS="1033" VPOS="1233" WIDTH="71" HEIGHT="23" CONTENT="Pásil." WC="0.65" CC="904202"/>
					</TextLine>
					<TextLine ID="P191_TL00026" HPOS="264" VPOS="1270" WIDTH="914" HEIGHT="30">
						<String ID="P191_ST00154" HPOS="264" VPOS="1283" WIDTH="27" HEIGHT="4" CONTENT="—" WC="0.20" CC="8"/>
						<String ID="P191_ST00155" HPOS="293" VPOS="1270" WIDTH="83" HEIGHT="30" CONTENT="Batsiji" WC="0.56" CC="7335704"/>
						<SP ID="P191_SP00096" HPOS="376" VPOS="1300" WIDTH="779"/>
						<String ID="P191_ST00156" HPOS="1155" VPOS="1274" WIDTH="23" HEIGHT="20" CONTENT="71" WC="0.71" CC="05"/>
					</TextLine>
					<TextLine ID="P191_TL00027" HPOS="172" VPOS="1308" WIDTH="1010" HEIGHT="30">
						<String ID="P191_ST00157" HPOS="172" VPOS="1308" WIDTH="58" HEIGHT="24" CONTENT="Ríos" WC="0.75" CC="5030"/>
						<SP ID="P191_SP00097" HPOS="230" VPOS="1332" WIDTH="12"/>
						<String ID="P191_ST00158" HPOS="242" VPOS="1308" WIDTH="30" HEIGHT="24" CONTENT="de" WC="1.00" CC="00"/>
						<SP ID="P191_SP00098" HPOS="272" VPOS="1332" WIDTH="13"/>
						<String ID="P191_ST00159" HPOS="285" VPOS="1308" WIDTH="109" HEIGHT="30" CONTENT="segundo" WC="0.49" CC="7506690"/>
						<SP ID="P191_SP00099" HPOS="394" VPOS="1338" WIDTH="12"/>
						<String ID="P191_ST00160" HPOS="406" VPOS="1308" WIDTH="75" HEIGHT="24" CONTENT="orden" WC="0.68" CC="00446"/>
						<SP ID="P191_SP00100" HPOS="481" VPOS="1338" WIDTH="675"/>
						<String ID="P191_ST00161" HPOS="1156" VPOS="1310" WIDTH="26" HEIGHT="23" CONTENT="72" WC="0.24" CC="68"/>
					</TextLine>
					<TextLine ID="P191_TL00028" HPOS="536" VPOS="1386" WIDTH="294" HEIGHT="21">
						<String ID="P191_ST00162" HPOS="536" VPOS="1386" WIDTH="152" HEIGHT="21" CONTENT="CORRIENTES" WC="0.74" CC="0506007060"/>
						<SP ID="P191_SP00101" HPOS="688" VPOS="1407" WIDTH="21"/>
						<String ID="P191_ST00163" HPOS="709" VPOS="1387" WIDTH="121" HEIGHT="19" CONTENT="MARINAS." WC="0.58" CC="19056640"/>
					</TextLine>
					<TextLine ID="P191_TL00029" HPOS="171" VPOS="1454" WIDTH="1009" HEIGHT="30">
						<String ID="P191_ST00164" HPOS="171" VPOS="1457" WIDTH="32" HEIGHT="22" CONTENT="Su" WC="0.27" CC="77"/>
						<SP ID="P191_SP00102" HPOS="203" VPOS="1479" WIDTH="12"/>
						<String ID="P191_ST00165" HPOS="215" VPOS="1454" WIDTH="110" HEIGHT="25" CONTENT="carácter" WC="0.79" CC="31090001"/>
						<SP ID="P191_SP00103" HPOS="325" VPOS="1479" WIDTH="12"/>
						<String ID="P191_ST00166" HPOS="337" VPOS="1454" WIDTH="248" HEIGHT="30" CONTENT="físico-geológico.—" WC="0.76" CC="043660000005077200"/>
						<String ID="P191_ST00167" HPOS="587" VPOS="1454" WIDTH="139" HEIGHT="24" CONTENT="Corrientes" WC="0.77" CC="1020337400"/>
						<SP ID="P191_SP00104" HPOS="726" VPOS="1484" WIDTH="13"/>
						<String ID="P191_ST00168" HPOS="739" VPOS="1454" WIDTH="41" HEIGHT="23" CONTENT="del" WC="0.67" CC="009"/>
						<SP ID="P191_SP00105" HPOS="780" VPOS="1484" WIDTH="11"/>
						<String ID="P191_ST00169" HPOS="791" VPOS="1454" WIDTH="167" HEIGHT="30" CONTENT="Archipiélago" WC="0.63" CC="096700275003"/>
						<SP ID="P191_SP00106" HPOS="958" VPOS="1484" WIDTH="195"/>
						<String ID="P191_ST00170" HPOS="1153" VPOS="1457" WIDTH="27" HEIGHT="21" CONTENT="73" WC="1.00" CC="00"/>
					</TextLine>
					<TextLine ID="P191_TL00030" HPOS="168" VPOS="1493" WIDTH="1012" HEIGHT="24">
						<String ID="P191_ST00171" HPOS="168" VPOS="1493" WIDTH="139" HEIGHT="24" CONTENT="Corrientes" WC="0.67" CC="0510607560"/>
						<SP ID="P191_SP00107" HPOS="307" VPOS="1517" WIDTH="12"/>
						<String ID="P191_ST00172" HPOS="319" VPOS="1493" WIDTH="30" HEIGHT="23" CONTENT="de" WC="1.00" CC="00"/>
						<SP ID="P191_SP00108" HPOS="349" VPOS="1517" WIDTH="11"/>
						<String ID="P191_ST00173" HPOS="360" VPOS="1500" WIDTH="80" HEIGHT="17" CONTENT="marea" WC="0.77" CC="50006"/>
						<SP ID="P191_SP00109" HPOS="440" VPOS="1517" WIDTH="712"/>
						<String ID="P191_ST00174" HPOS="1152" VPOS="1496" WIDTH="28" HEIGHT="21" CONTENT="74" WC="0.50" CC="09"/>
					</TextLine>
					<TextLine ID="P191_TL00031" HPOS="168" VPOS="1530" WIDTH="937" HEIGHT="32">
						<String ID="P191_ST00175" HPOS="168" VPOS="1531" WIDTH="157" HEIGHT="24" CONTENT="Movimiento" WC="0.64" CC="7018053620"/>
						<SP ID="P191_SP00110" HPOS="325" VPOS="1555" WIDTH="11"/>
						<String ID="P191_ST00176" HPOS="336" VPOS="1532" WIDTH="40" HEIGHT="23" CONTENT="del" WC="0.93" CC="010"/>
						<SP ID="P191_SP00111" HPOS="376" VPOS="1555" WIDTH="13"/>
						<String ID="P191_ST00177" HPOS="389" VPOS="1530" WIDTH="58" HEIGHT="32" CONTENT="flujo" WC="0.67" CC="52160"/>
						<SP ID="P191_SP00112" HPOS="447" VPOS="1562" WIDTH="11"/>
						<String ID="P191_ST00178" HPOS="458" VPOS="1531" WIDTH="130" HEIGHT="23" CONTENT="alrededor" WC="0.69" CC="030684003"/>
						<SP ID="P191_SP00113" HPOS="588" VPOS="1562" WIDTH="11"/>
						<String ID="P191_ST00179" HPOS="599" VPOS="1531" WIDTH="30" HEIGHT="23" CONTENT="de" WC="0.85" CC="20"/>
						<SP ID="P191_SP00114" HPOS="629" VPOS="1562" WIDTH="12"/>
						<String ID="P191_ST00180" HPOS="641" VPOS="1531" WIDTH="23" HEIGHT="23" CONTENT="la" WC="1.00" CC="00"/>
						<SP ID="P191_SP00115" HPOS="664" VPOS="1562" WIDTH="13"/>
						<String ID="P191_ST00181" HPOS="677" VPOS="1531" WIDTH="46" HEIGHT="23" CONTENT="Isla" WC="0.69" CC="5400"/>
						<SP ID="P191_SP00116" HPOS="723" VPOS="1562" WIDTH="13"/>
						<String ID="P191_ST00182" HPOS="736" VPOS="1531" WIDTH="31" HEIGHT="23" CONTENT="de" WC="1.00" CC="00"/>
						<SP ID="P191_SP00117" HPOS="767" VPOS="1562" WIDTH="11"/>
						<String ID="P191_ST00183" HPOS="778" VPOS="1531" WIDTH="72" HEIGHT="23" CONTENT="Cebú:" WC="0.58" CC="05760"/>
						<SP ID="P191_SP00118" HPOS="850" VPOS="1562" WIDTH="21"/>
						<String ID="P191_ST00184" HPOS="871" VPOS="1530" WIDTH="67" HEIGHT="24" CONTENT="Onda" WC="0.82" CC="0700"/>
						<SP ID="P191_SP00119" HPOS="938" VPOS="1562" WIDTH="12"/>
						<String ID="P191_ST00185" HPOS="950" VPOS="1531" WIDTH="31" HEIGHT="23" CONTENT="de" WC="0.50" CC="90"/>
						<SP ID="P191_SP00120" HPOS="981" VPOS="1562" WIDTH="12"/>
						<String ID="P191_ST00186" HPOS="993" VPOS="1533" WIDTH="45" HEIGHT="21" CONTENT="San" WC="0.71" CC="008"/>
						<SP ID="P191_SP00121" HPOS="1038" VPOS="1562" WIDTH="11"/>
						<String ID="P191_ST00187" HPOS="1049" VPOS="1534" WIDTH="56" HEIGHT="21" CONTENT="Ber-" WC="0.58" CC="6414"/>
					</TextLine>
					<TextLine ID="P191_TL00032" HPOS="259" VPOS="1569" WIDTH="846" HEIGHT="31">
						<String ID="P191_ST00188" HPOS="259" VPOS="1570" WIDTH="111" HEIGHT="24" CONTENT="nardino." WC="0.63" CC="55201760"/>
						<String ID="P191_ST00189" HPOS="375" VPOS="1584" WIDTH="27" HEIGHT="3" CONTENT="—" WC="0.20" CC="8"/>
						<String ID="P191_ST00190" HPOS="406" VPOS="1570" WIDTH="69" HEIGHT="23" CONTENT="Onda" WC="0.43" CC="5709"/>
						<SP ID="P191_SP00122" HPOS="475" VPOS="1594" WIDTH="11"/>
						<String ID="P191_ST00191" HPOS="486" VPOS="1570" WIDTH="41" HEIGHT="23" CONTENT="del" WC="0.56" CC="804"/>
						<SP ID="P191_SP00123" HPOS="527" VPOS="1594" WIDTH="11"/>
						<String ID="P191_ST00192" HPOS="538" VPOS="1576" WIDTH="58" HEIGHT="24" CONTENT="paso" WC="0.72" CC="0406"/>
						<SP ID="P191_SP00124" HPOS="596" VPOS="1600" WIDTH="10"/>
						<String ID="P191_ST00193" HPOS="606" VPOS="1570" WIDTH="30" HEIGHT="23" CONTENT="de" WC="0.71" CC="05"/>
						<SP ID="P191_SP00125" HPOS="636" VPOS="1600" WIDTH="12"/>
						<String ID="P191_ST00194" HPOS="648" VPOS="1569" WIDTH="148" HEIGHT="23" CONTENT="Miudoro.—" WC="0.77" CC="008700300"/>
						<String ID="P191_ST00195" HPOS="800" VPOS="1569" WIDTH="68" HEIGHT="23" CONTENT="Onda" WC="0.81" CC="0700"/>
						<SP ID="P191_SP00126" HPOS="868" VPOS="1600" WIDTH="12"/>
						<String ID="P191_ST00196" HPOS="880" VPOS="1569" WIDTH="31" HEIGHT="23" CONTENT="de" WC="1.00" CC="00"/>
						<SP ID="P191_SP00127" HPOS="911" VPOS="1600" WIDTH="10"/>
						<String ID="P191_ST00197" HPOS="921" VPOS="1569" WIDTH="106" HEIGHT="30" CONTENT="Surigao." WC="0.77" CC="06330103"/>
						<String ID="P191_ST00198" HPOS="1032" VPOS="1584" WIDTH="26" HEIGHT="3" CONTENT="—" WC="0.20" CC="8"/>
						<String ID="P191_ST00199" HPOS="1061" VPOS="1571" WIDTH="44" HEIGHT="22" CONTENT="Ve-" WC="0.75" CC="052"/>
					</TextLine>
					<TextLine ID="P191_TL00033" HPOS="259" VPOS="1609" WIDTH="920" HEIGHT="24">
						<String ID="P191_ST00200" HPOS="259" VPOS="1609" WIDTH="97" HEIGHT="24" CONTENT="locidad" WC="0.71" CC="2140019"/>
						<SP ID="P191_SP00128" HPOS="356" VPOS="1633" WIDTH="12"/>
						<String ID="P191_ST00201" HPOS="368" VPOS="1616" WIDTH="30" HEIGHT="16" CONTENT="en" WC="0.28" CC="67"/>
						<SP ID="P191_SP00129" HPOS="398" VPOS="1633" WIDTH="12"/>
						<String ID="P191_ST00202" HPOS="410" VPOS="1609" WIDTH="23" HEIGHT="23" CONTENT="el" WC="0.83" CC="03"/>
						<SP ID="P191_SP00130" HPOS="433" VPOS="1633" WIDTH="12"/>
						<String ID="P191_ST00203" HPOS="445" VPOS="1609" WIDTH="82" HEIGHT="23" CONTENT="Tañón" WC="0.67" CC="07107"/>
						<SP ID="P191_SP00131" HPOS="527" VPOS="1633" WIDTH="627"/>
						<String ID="P191_ST00204" HPOS="1154" VPOS="1610" WIDTH="25" HEIGHT="22" CONTENT="74" WC="0.53" CC="62"/>
					</TextLine>
					<TextLine ID="P191_TL00034" HPOS="230" VPOS="1647" WIDTH="397" HEIGHT="25">
						<String ID="P191_ST00205" HPOS="230" VPOS="1650" WIDTH="122" HEIGHT="22" CONTENT="Resumen" WC="0.60" CC="5006807"/>
						<SP ID="P191_SP00132" HPOS="352" VPOS="1672" WIDTH="11"/>
						<String ID="P191_ST00206" HPOS="363" VPOS="1648" WIDTH="30" HEIGHT="23" CONTENT="de" WC="0.69" CC="06"/>
						<SP ID="P191_SP00133" HPOS="393" VPOS="1672" WIDTH="13"/>
						<String ID="P191_ST00207" HPOS="406" VPOS="1648" WIDTH="36" HEIGHT="23" CONTENT="los" WC="0.71" CC="213"/>
						<SP ID="P191_SP00134" HPOS="442" VPOS="1672" WIDTH="13"/>
						<String ID="P191_ST00208" HPOS="455" VPOS="1647" WIDTH="172" HEIGHT="24" CONTENT="movimientos" WC="0.72" CC="05050307025"/>
						<SP ID="P191_SP00135" HPOS="627" VPOS="1672" WIDTH="0"/>
					</TextLine>
					<TextLine ID="P191_TL00035" HPOS="167" VPOS="1685" WIDTH="935" HEIGHT="31">
						<String ID="P191_ST00209" HPOS="167" VPOS="1686" WIDTH="170" HEIGHT="25" CONTENT="Movimientos" WC="0.56" CC="93469107014"/>
						<SP ID="P191_SP00136" HPOS="337" VPOS="1711" WIDTH="12"/>
						<String ID="P191_ST00210" HPOS="349" VPOS="1687" WIDTH="41" HEIGHT="23" CONTENT="del" WC="0.63" CC="055"/>
						<SP ID="P191_SP00137" HPOS="390" VPOS="1711" WIDTH="13"/>
						<String ID="P191_ST00211" HPOS="403" VPOS="1686" WIDTH="94" HEIGHT="30" CONTENT="reflujo." WC="0.52" CC="86772302"/>
						<String ID="P191_ST00212" HPOS="500" VPOS="1700" WIDTH="29" HEIGHT="3" CONTENT="—" WC="0.20" CC="8"/>
						<String ID="P191_ST00213" HPOS="531" VPOS="1687" WIDTH="71" HEIGHT="23" CONTENT="Otros" WC="0.64" CC="07307"/>
						<SP ID="P191_SP00138" HPOS="602" VPOS="1716" WIDTH="13"/>
						<String ID="P191_ST00214" HPOS="615" VPOS="1685" WIDTH="172" HEIGHT="25" CONTENT="movimientos" WC="0.65" CC="93640506001"/>
						<SP ID="P191_SP00139" HPOS="787" VPOS="1716" WIDTH="12"/>
						<String ID="P191_ST00215" HPOS="799" VPOS="1685" WIDTH="29" HEIGHT="23" CONTENT="de" WC="0.63" CC="70"/>
						<SP ID="P191_SP00140" HPOS="828" VPOS="1716" WIDTH="16"/>
						<String ID="P191_ST00216" HPOS="844" VPOS="1685" WIDTH="37" HEIGHT="23" CONTENT="los" WC="0.57" CC="056"/>
						<SP ID="P191_SP00141" HPOS="881" VPOS="1716" WIDTH="18"/>
						<String ID="P191_ST00217" HPOS="899" VPOS="1692" WIDTH="86" HEIGHT="20" CONTENT="mares;" WC="0.82" CC="000460"/>
						<SP ID="P191_SP00142" HPOS="985" VPOS="1716" WIDTH="20"/>
						<String ID="P191_ST00218" HPOS="1005" VPOS="1688" WIDTH="97" HEIGHT="28" CONTENT="trayec-" WC="0.80" CC="0050403"/>
					</TextLine>
					<TextLine ID="P191_TL00036" HPOS="256" VPOS="1725" WIDTH="923" HEIGHT="24">
						<String ID="P191_ST00219" HPOS="256" VPOS="1725" WIDTH="78" HEIGHT="24" CONTENT="torias" WC="0.47" CC="540496"/>
						<SP ID="P191_SP00143" HPOS="334" VPOS="1749" WIDTH="10"/>
						<String ID="P191_ST00220" HPOS="344" VPOS="1725" WIDTH="138" HEIGHT="24" CONTENT="inclinadas" WC="0.65" CC="6732280003"/>
						<SP ID="P191_SP00144" HPOS="482" VPOS="1749" WIDTH="670"/>
						<String ID="P191_ST00221" HPOS="1152" VPOS="1726" WIDTH="27" HEIGHT="20" CONTENT="76" WC="1.00" CC="00"/>
					</TextLine>
					<TextLine ID="P191_TL00037" HPOS="166" VPOS="1762" WIDTH="1010" HEIGHT="32">
						<String ID="P191_ST00222" HPOS="166" VPOS="1767" WIDTH="187" HEIGHT="27" CONTENT="Temperaturas" WC="0.61" CC="640831370351"/>
						<SP ID="P191_SP00145" HPOS="353" VPOS="1794" WIDTH="12"/>
						<String ID="P191_ST00223" HPOS="365" VPOS="1764" WIDTH="129" HEIGHT="24" CONTENT="interiores" WC="0.65" CC="5700560503"/>
						<SP ID="P191_SP00146" HPOS="494" VPOS="1794" WIDTH="656"/>
						<String ID="P191_ST00224" HPOS="1150" VPOS="1762" WIDTH="26" HEIGHT="21" CONTENT="76" WC="0.21" CC="95"/>
					</TextLine>
					<TextLine ID="P191_TL00038" HPOS="461" VPOS="1835" WIDTH="435" HEIGHT="28">
						<String ID="P191_ST00225" HPOS="461" VPOS="1835" WIDTH="201" HEIGHT="28" CONTENT="CONFIGURACIÓN" WC="0.50" CC="4035766715267"/>
						<SP ID="P191_SP00147" HPOS="662" VPOS="1863" WIDTH="20"/>
						<String ID="P191_ST00226" HPOS="682" VPOS="1842" WIDTH="30" HEIGHT="18" CONTENT="DE" WC="0.29" CC="76"/>
						<SP ID="P191_SP00148" HPOS="712" VPOS="1863" WIDTH="22"/>
						<String ID="P191_ST00227" HPOS="734" VPOS="1841" WIDTH="43" HEIGHT="19" CONTENT="LAS" WC="0.70" CC="071"/>
						<SP ID="P191_SP00149" HPOS="777" VPOS="1863" WIDTH="21"/>
						<String ID="P191_ST00228" HPOS="798" VPOS="1840" WIDTH="98" HEIGHT="20" CONTENT="COSTAS." WC="0.71" CC="1012922"/>
					</TextLine>
					<TextLine ID="P191_TL00039" HPOS="163" VPOS="1906" WIDTH="938" HEIGHT="33">
						<String ID="P191_ST00229" HPOS="163" VPOS="1912" WIDTH="69" HEIGHT="23" CONTENT="Costa" WC="0.56" CC="60509"/>
						<SP ID="P191_SP00150" HPOS="232" VPOS="1935" WIDTH="14"/>
						<String ID="P191_ST00230" HPOS="246" VPOS="1912" WIDTH="145" HEIGHT="24" CONTENT="occidental:" WC="0.67" CC="05310072561"/>
						<SP ID="P191_SP00151" HPOS="391" VPOS="1936" WIDTH="15"/>
						<String ID="P191_ST00231" HPOS="406" VPOS="1911" WIDTH="126" HEIGHT="24" CONTENT="Ensenada" WC="0.53" CC="57317209"/>
						<SP ID="P191_SP00152" HPOS="532" VPOS="1936" WIDTH="11"/>
						<String ID="P191_ST00232" HPOS="543" VPOS="1910" WIDTH="154" HEIGHT="29" CONTENT="Daijagón.—" WC="0.65" CC="2850701710"/>
						<String ID="P191_ST00233" HPOS="701" VPOS="1910" WIDTH="86" HEIGHT="22" CONTENT="Puerto" WC="0.72" CC="061420"/>
						<SP ID="P191_SP00153" HPOS="787" VPOS="1939" WIDTH="11"/>
						<String ID="P191_ST00234" HPOS="798" VPOS="1907" WIDTH="55" HEIGHT="25" CONTENT="Bata" WC="0.77" CC="7100"/>
						<String ID="P191_ST00235" HPOS="858" VPOS="1915" WIDTH="86" HEIGHT="17" CONTENT="uan.—" WC="0.50" CC="63708"/>
						<String ID="P191_ST00236" HPOS="948" VPOS="1906" WIDTH="153" HEIGHT="25" CONTENT="Fondeadero" WC="0.80" CC="0270000305"/>
					</TextLine>
					<TextLine ID="P191_TL00040" HPOS="256" VPOS="1946" WIDTH="843" HEIGHT="28">
						<String ID="P191_ST00237" HPOS="256" VPOS="1951" WIDTH="31" HEIGHT="23" CONTENT="de" WC="0.76" CC="04"/>
						<SP ID="P191_SP00154" HPOS="287" VPOS="1974" WIDTH="16"/>
						<String ID="P191_ST00238" HPOS="303" VPOS="1951" WIDTH="149" HEIGHT="23" CONTENT="Carmelo.—" WC="0.70" CC="090074400"/>
						<String ID="P191_ST00239" HPOS="455" VPOS="1949" WIDTH="128" HEIGHT="24" CONTENT="Ensenada" WC="0.62" CC="07405705"/>
						<SP ID="P191_SP00155" HPOS="583" VPOS="1974" WIDTH="17"/>
						<String ID="P191_ST00240" HPOS="600" VPOS="1949" WIDTH="30" HEIGHT="22" CONTENT="de" WC="1.00" CC="00"/>
						<SP ID="P191_SP00156" HPOS="630" VPOS="1974" WIDTH="16"/>
						<String ID="P191_ST00241" HPOS="646" VPOS="1947" WIDTH="171" HEIGHT="24" CONTENT="Balamban.—" WC="0.60" CC="7020553708"/>
						<String ID="P191_ST00242" HPOS="820" VPOS="1947" WIDTH="63" HEIGHT="23" CONTENT="Abra" WC="0.83" CC="0600"/>
						<SP ID="P191_SP00157" HPOS="883" VPOS="1974" WIDTH="17"/>
						<String ID="P191_ST00243" HPOS="900" VPOS="1946" WIDTH="30" HEIGHT="23" CONTENT="de" WC="0.72" CC="05"/>
						<SP ID="P191_SP00158" HPOS="930" VPOS="1974" WIDTH="16"/>
						<String ID="P191_ST00244" HPOS="946" VPOS="1946" WIDTH="153" HEIGHT="22" CONTENT="Calavera.—" WC="0.74" CC="3015070600"/>
					</TextLine>
					<TextLine ID="P191_TL00041" HPOS="254" VPOS="1983" WIDTH="921" HEIGHT="32">
						<String ID="P191_ST00245" HPOS="254" VPOS="1991" WIDTH="63" HEIGHT="23" CONTENT="Seno" WC="0.69" CC="4070"/>
						<SP ID="P191_SP00159" HPOS="317" VPOS="2014" WIDTH="12"/>
						<String ID="P191_ST00246" HPOS="329" VPOS="1989" WIDTH="30" HEIGHT="24" CONTENT="de" WC="0.92" CC="01"/>
						<SP ID="P191_SP00160" HPOS="359" VPOS="2014" WIDTH="12"/>
						<String ID="P191_ST00247" HPOS="371" VPOS="1989" WIDTH="113" HEIGHT="24" CONTENT="Barili.—" WC="0.70" CC="09060700"/>
						<String ID="P191_ST00248" HPOS="487" VPOS="1987" WIDTH="127" HEIGHT="25" CONTENT="Ensenada" WC="0.46" CC="67767007"/>
						<SP ID="P191_SP00161" HPOS="614" VPOS="2014" WIDTH="16"/>
						<String ID="P191_ST00249" HPOS="630" VPOS="1986" WIDTH="146" HEIGHT="29" CONTENT="Dumánjuc" WC="0.57" CC="61907008"/>
						<SP ID="P191_SP00162" HPOS="776" VPOS="2015" WIDTH="6"/>
						<String ID="P191_ST00250" HPOS="782" VPOS="1998" WIDTH="25" HEIGHT="5" CONTENT="—" WC="1.00" CC="0"/>
						<String ID="P191_ST00251" HPOS="814" VPOS="1985" WIDTH="124" HEIGHT="23" CONTENT="Ensenada" WC="0.36" CC="10955999"/>
						<SP ID="P191_SP00163" HPOS="938" VPOS="2015" WIDTH="13"/>
						<String ID="P191_ST00252" HPOS="951" VPOS="1984" WIDTH="88" HEIGHT="23" CONTENT="Badián" WC="0.60" CC="440337"/>
						<SP ID="P191_SP00164" HPOS="1039" VPOS="2015" WIDTH="109"/>
						<String ID="P191_ST00253" HPOS="1148" VPOS="1983" WIDTH="27" HEIGHT="23" CONTENT="77" WC="0.01" CC="99"/>
					</TextLine>
				</TextBlock>
			</PrintSpace>
		</Page>
	</Layout>
</alto>
